account_id,snapshot_date,industry,country,referral_source,tenure_days,total_active_subs,total_mrr,total_seats,max_seats,monthly_ratio,has_manual_renew,active_trials,had_downgrade_30,had_upgrade_30,had_downgrade_31_90,had_upgrade_31_90,primary_plan,enterprise_ratio,pro_ratio,days_since_last_action,unique_features_last_30d,unique_features_31_to_90d,breadth_decay_ratio,active_days_last_30d,activity_drop_ratio,total_usage_count_30d,avg_duration_last_30d,had_error_last_30d,tickets_last_30d,tickets_31_to_90d,escalated_last_90d,had_urgent_ticket_last_90d,avg_resolution_last_90d,latest_csat_score,target
A-10b8f2,2023-02-01,HealthTech,DE,organic,21,0,0,0,0,0.0,0,0,0,0,0,0,0,0.0,0.0,9,3,0,0.0,2,0.0,42,1656.0,0,0,0,0,0,0.0,0.0,0
A-151c9a,2023-02-01,FinTech,US,ads,5,0,0,0,0,0.0,0,0,0,0,0,0,0,0.0,0.0,19,1,0,0.0,1,0.0,13,7800.0,0,0,0,0,0,0.0,0.0,0
A-1986ca,2023-02-01,HealthTech,IN,ads,2,0,0,0,0,0.0,0,0,0,0,0,0,0,0.0,0.0,24,1,0,0.0,1,0.0,12,3132.0,0,0,0,0,0,0.0,0.0,0
A-1e50e0,2023-02-01,Cybersecurity,DE,other,0,0,0,0,0,0.0,0,0,0,0,0,0,0,0.0,0.0,5,1,0,0.0,1,0.0,12,5760.0,0,0,0,0,0,0.0,0.0,0
A-32728c,2023-02-01,DevTools,US,event,29,0,0,0,0,0.0,0,0,0,0,0,0,0,0.0,0.0,16,3,0,0.0,3,0.0,30,2633.667,1,1,0,0,0,40.0,3.0,0
A-39b19f,2023-02-01,FinTech,US,partner,0,0,0,0,0,0.0,0,0,0,0,0,0,0,0.0,0.0,0,4,0,0.0,3,0.0,53,3735.25,1,0,0,0,0,0.0,0.0,0
A-3b37d9,2023-02-01,FinTech,US,event,5,0,0,0,0,0.0,0,0,0,0,0,0,0,0.0,0.0,0,0,0,0.0,0,0.0,0,0.0,0,1,0,0,0,32.0,5.0,0
A-432483,2023-02-01,Cybersecurity,US,ads,0,0,0,0,0,0.0,0,0,0,0,0,0,0,0.0,0.0,15,1,0,0.0,1,0.0,13,1534.0,1,0,0,0,0,0.0,0.0,0
A-484819,2023-02-01,HealthTech,US,organic,0,0,0,0,0,0.0,0,0,0,0,0,0,0,0.0,0.0,5,3,0,0.0,3,0.0,39,4173.333,1,0,0,0,0,0.0,0.0,0
A-6e08f3,2023-02-01,Cybersecurity,US,event,0,0,0,0,0,0.0,0,0,0,0,0,0,0,0.0,0.0,3,3,0,0.0,3,0.0,26,2151.333,1,0,0,0,0,0.0,0.0,0
A-7641d3,2023-02-01,EdTech,US,partner,0,0,0,0,0,0.0,0,0,0,0,0,0,0,0.0,0.0,20,1,0,0.0,1,0.0,12,5304.0,0,0,0,0,0,0.0,0.0,0
A-779e4e,2023-02-01,HealthTech,US,organic,30,2,3753,27,18,0.0,False,0,False,True,False,False,Basic,0.5,0.0,4,5,0,0.0,5,0.0,49,2762.4,1,1,0,0,1,33.0,3.0,0
A-7df7a7,2023-02-01,DevTools,US,organic,4,0,0,0,0,0.0,0,0,0,0,0,0,0,0.0,0.0,0,5,0,0.0,5,0.0,48,3738.0,0,0,0,0,0,0.0,0.0,0
A-91e948,2023-02-01,EdTech,AU,partner,3,0,0,0,0,0.0,0,0,0,0,0,0,0,0.0,0.0,2,1,0,0.0,1,0.0,11,1738.0,0,0,0,0,0,0.0,0.0,0
A-977ca0,2023-02-01,HealthTech,IN,partner,0,0,0,0,0,0.0,0,0,0,0,0,0,0,0.0,0.0,1,4,0,0.0,5,0.0,41,2132.8,1,0,0,0,0,0.0,0.0,0
A-9ee962,2023-02-01,HealthTech,US,ads,0,0,0,0,0,0.0,0,0,0,0,0,0,0,0.0,0.0,12,1,0,0.0,1,0.0,13,3276.0,0,0,0,0,0,0.0,0.0,0
A-a7bd4b,2023-02-01,Cybersecurity,US,ads,0,0,0,0,0,0.0,0,0,0,0,0,0,0,0.0,0.0,2,3,0,0.0,3,0.0,23,1276.0,1,0,0,0,0,0.0,0.0,0
A-af0cd2,2023-02-01,Cybersecurity,IN,other,29,1,931,19,19,1.0,False,0,False,False,False,False,Pro,0.0,1.0,22,1,0,0.0,1,0.0,15,8970.0,0,0,0,0,0,0.0,0.0,0
A-b11cd0,2023-02-01,DevTools,US,ads,12,0,0,0,0,0.0,0,0,0,0,0,0,0,0.0,0.0,21,1,0,0.0,1,0.0,16,4240.0,0,0,0,0,0,0.0,0.0,0
A-b9f5b1,2023-02-01,Cybersecurity,US,other,8,0,0,0,0,0.0,0,0,0,0,0,0,0,0.0,0.0,11,3,0,0.0,3,0.0,35,3318.667,1,0,0,0,0,0.0,0.0,0
A-bbe56f,2023-02-01,HealthTech,US,ads,0,0,0,0,0,0.0,0,0,0,0,0,0,0,0.0,0.0,13,2,0,0.0,2,0.0,17,1765.0,1,0,0,0,0,0.0,0.0,0
A-c7ffc2,2023-02-01,Cybersecurity,US,partner,5,0,0,0,0,0.0,0,0,0,0,0,0,0,0.0,0.0,0,6,0,0.0,6,0.0,70,3423.429,1,0,0,0,0,0.0,0.0,0
A-d792a6,2023-02-01,DevTools,US,organic,9,0,0,0,0,0.0,0,0,0,0,0,0,0,0.0,0.0,19,2,0,0.0,2,0.0,30,4290.0,0,0,0,0,0,0.0,0.0,0
A-e1b9cd,2023-02-01,DevTools,US,event,0,0,0,0,0,0.0,0,0,0,0,0,0,0,0.0,0.0,0,2,0,0.0,2,0.0,19,4516.5,1,0,0,0,0,0.0,0.0,0
A-e6afc1,2023-02-01,DevTools,US,ads,0,0,0,0,0,0.0,0,0,0,0,0,0,0,0.0,0.0,6,5,0,0.0,5,0.0,48,2453.6,1,0,0,0,0,0.0,0.0,0
A-ed510f,2023-02-01,Cybersecurity,IN,partner,15,0,0,0,0,0.0,0,0,0,0,0,0,0,0.0,0.0,2,2,0,0.0,2,0.0,17,3935.5,0,1,0,0,1,44.0,5.0,0
A-f17767,2023-02-01,DevTools,US,event,2,0,0,0,0,0.0,0,0,0,0,0,0,0,0.0,0.0,23,1,0,0.0,1,0.0,16,1872.0,0,0,0,0,0,0.0,0.0,0
A-f19b24,2023-02-01,Cybersecurity,US,organic,22,0,0,0,0,0.0,0,0,0,0,0,0,0,0.0,0.0,13,1,0,0.0,1,0.0,10,1350.0,0,0,0,0,0,0.0,0.0,0
A-f1f639,2023-02-01,EdTech,US,ads,0,0,0,0,0,0.0,0,0,0,0,0,0,0,0.0,0.0,23,2,0,0.0,1,0.0,11,1647.0,1,0,0,0,0,0.0,0.0,0
A-f44180,2023-02-01,Cybersecurity,UK,event,0,0,0,0,0,0.0,0,0,0,0,0,0,0,0.0,0.0,2,5,0,0.0,5,0.0,48,2743.0,1,0,0,0,0,0.0,0.0,0
A-ff3c73,2023-02-01,HealthTech,AU,other,6,0,0,0,0,0.0,0,0,0,0,0,0,0,0.0,0.0,5,2,0,0.0,1,0.0,27,3163.5,1,0,0,0,0,0.0,0.0,0
A-0dbdc6,2023-03-01,Cybersecurity,DE,other,17,0,0,0,0,0.0,0,0,0,0,0,0,0,0.0,0.0,2,2,0,0.0,2,0.0,26,5285.5,0,0,0,0,0,0.0,0.0,0
A-10b8f2,2023-03-01,HealthTech,DE,organic,49,1,0,47,47,0.0,True,1,False,False,False,False,Basic,0.0,0.0,24,1,3,0.333,1,0.5,9,1323.0,1,0,0,0,0,0.0,0.0,0
A-151c9a,2023-03-01,FinTech,US,ads,33,0,0,0,0,0.0,0,0,0,0,0,0,0,0.0,0.0,3,1,1,1.0,1,1.0,18,4878.0,1,0,0,0,0,0.0,0.0,0
A-158f4e,2023-03-01,FinTech,IN,other,0,0,0,0,0,0.0,0,0,0,0,0,0,0,0.0,0.0,18,2,2,1.0,2,1.0,26,3750.5,0,0,1,0,0,23.0,4.0,1
A-1986ca,2023-03-01,HealthTech,IN,ads,30,0,0,0,0,0.0,0,0,0,0,0,0,0,0.0,0.0,15,2,1,2.0,2,2.0,27,4099.5,1,0,0,0,0,0.0,0.0,0
A-1e50e0,2023-03-01,Cybersecurity,DE,other,8,0,0,0,0,0.0,0,0,0,0,0,0,0,0.0,0.0,6,5,1,5.0,5,5.0,46,3047.2,1,0,0,0,0,0.0,0.0,0
A-271f46,2023-03-01,DevTools,US,event,20,0,0,0,0,0.0,0,0,0,0,0,0,0,0.0,0.0,14,1,0,0.0,1,0.0,15,1965.0,1,1,0,0,0,36.0,4.0,1
A-2bc93d,2023-03-01,HealthTech,US,event,0,0,0,0,0,0.0,0,0,0,0,0,0,0,0.0,0.0,16,2,3,0.667,2,0.667,16,2460.0,1,0,0,0,0,0.0,0.0,0
A-32728c,2023-03-01,DevTools,US,event,57,0,0,0,0,0.0,0,0,0,0,0,0,0,0.0,0.0,3,3,3,1.0,2,0.667,40,2158.0,1,0,1,0,0,40.0,3.0,0
A-32fb14,2023-03-01,DevTools,US,event,0,0,0,0,0,0.0,0,0,0,0,0,0,0,0.0,0.0,13,2,2,1.0,2,1.0,25,6030.5,1,0,0,0,0,0.0,0.0,0
A-39b19f,2023-03-01,FinTech,US,partner,26,2,1960,40,24,0.5,False,0,True,False,False,False,Pro,0.0,1.0,7,2,3,0.667,2,1.0,21,4770.5,0,0,0,0,0,0.0,0.0,1
A-3b37d9,2023-03-01,FinTech,US,event,33,0,0,0,0,0.0,0,0,0,0,0,0,0,0.0,0.0,5,3,0,0.0,3,0.0,27,2762.0,1,0,1,0,0,32.0,5.0,0
A-432483,2023-03-01,Cybersecurity,US,ads,23,0,0,0,0,0.0,0,0,0,0,0,0,0,0.0,0.0,5,2,1,2.0,2,2.0,17,1413.0,0,0,0,0,0,0.0,0.0,0
A-484819,2023-03-01,HealthTech,US,organic,8,1,3582,18,18,0.0,False,0,False,False,False,False,Enterprise,1.0,0.0,23,1,3,0.333,1,0.333,8,3224.0,0,1,0,0,1,19.0,5.0,0
A-52dd88,2023-03-01,Cybersecurity,US,ads,8,0,0,0,0,0.0,0,0,0,0,0,0,0,0.0,0.0,0,5,0,0.0,5,0.0,57,5416.8,1,0,0,0,0,0.0,0.0,0
A-6e08f3,2023-03-01,Cybersecurity,US,event,2,0,0,0,0,0.0,0,0,0,0,0,0,0,0.0,0.0,2,1,3,0.333,1,0.333,8,760.0,1,0,0,0,0,0.0,0.0,0
A-6e7827,2023-03-01,DevTools,US,other,0,0,0,0,0,0.0,0,0,0,0,0,0,0,0.0,0.0,2,3,0,0.0,3,0.0,29,3772.0,1,0,0,0,0,0.0,0.0,0
A-7641d3,2023-03-01,EdTech,US,partner,13,0,0,0,0,0.0,0,0,0,0,0,0,0,0.0,0.0,13,1,1,1.0,1,1.0,14,6468.0,0,2,0,1,1,30.0,5.0,0
A-779e4e,2023-03-01,HealthTech,US,organic,58,3,4684,46,19,0.0,False,0,False,False,False,True,Basic,0.333,0.333,4,4,5,0.8,3,0.6,34,2565.75,0,0,1,0,1,33.0,3.0,0
A-7df7a7,2023-03-01,DevTools,US,organic,32,1,343,7,7,1.0,False,0,True,False,False,False,Pro,0.0,1.0,3,4,4,1.0,4,1.0,35,3154.0,0,0,0,0,0,0.0,0.0,0
A-7f4db3,2023-03-01,FinTech,US,other,0,0,0,0,0,0.0,0,0,0,0,0,0,0,0.0,0.0,2,2,3,0.667,2,0.667,21,3576.5,0,0,0,0,0,0.0,0.0,1
A-7f8241,2023-03-01,EdTech,US,organic,0,0,0,0,0,0.0,0,0,0,0,0,0,0,0.0,0.0,5,3,6,0.5,2,0.4,19,2332.667,0,0,0,0,0,0.0,0.0,0
A-84ebe4,2023-03-01,FinTech,US,ads,0,0,0,0,0,0.0,0,0,0,0,0,0,0,0.0,0.0,2,3,0,0.0,3,0.0,32,1710.667,1,0,0,0,0,0.0,0.0,0
A-91e948,2023-03-01,EdTech,AU,partner,31,0,0,0,0,0.0,0,0,0,0,0,0,0,0.0,0.0,0,5,0,0.0,5,0.0,51,1740.0,1,0,0,0,0,0.0,0.0,0
A-977ca0,2023-03-01,HealthTech,IN,partner,9,1,1194,6,6,0.0,False,0,False,False,False,False,Enterprise,1.0,0.0,12,3,3,1.0,3,0.75,22,3007.0,1,0,0,0,0,0.0,0.0,0
A-9affe6,2023-03-01,Cybersecurity,US,other,0,0,0,0,0,0.0,0,0,0,0,0,0,0,0.0,0.0,2,3,1,3.0,3,3.0,18,2006.667,1,0,0,0,0,0.0,0.0,0
A-9ee962,2023-03-01,HealthTech,US,ads,1,0,0,0,0,0.0,0,0,0,0,0,0,0,0.0,0.0,3,2,1,2.0,2,2.0,25,3005.0,1,0,0,0,0,0.0,0.0,0
A-a7bd4b,2023-03-01,Cybersecurity,US,ads,14,0,0,0,0,0.0,0,0,0,0,0,0,0,0.0,0.0,5,2,2,1.0,2,1.0,16,2408.5,1,0,0,0,0,0.0,0.0,0
A-ad3abd,2023-03-01,FinTech,US,event,0,0,0,0,0,0.0,0,0,0,0,0,0,0,0.0,0.0,11,2,1,2.0,2,2.0,26,5354.0,0,0,0,0,0,0.0,0.0,0
A-af0cd2,2023-03-01,Cybersecurity,IN,other,57,1,931,19,19,1.0,False,0,False,False,False,False,Pro,0.0,1.0,50,0,1,0.0,0,0.0,0,0.0,0,0,0,0,0,0.0,0.0,0
A-b11cd0,2023-03-01,DevTools,US,ads,40,1,494,26,26,1.0,False,0,False,False,False,False,Basic,0.0,0.0,6,1,1,1.0,1,1.0,9,1422.0,1,0,0,0,0,0.0,0.0,0
A-b9f5b1,2023-03-01,Cybersecurity,US,other,36,0,0,0,0,0.0,0,0,0,0,0,0,0,0.0,0.0,39,0,3,0.0,0,0.0,0,0.0,0,1,0,0,0,37.0,4.0,0
A-bad8c1,2023-03-01,FinTech,AU,organic,0,0,0,0,0,0.0,0,0,0,0,0,0,0,0.0,0.0,9,3,1,3.0,3,3.0,25,1248.0,1,0,0,0,0,0.0,0.0,0
A-bbe56f,2023-03-01,HealthTech,US,ads,13,0,0,0,0,0.0,0,0,0,0,0,0,0,0.0,0.0,21,1,2,0.5,1,0.5,7,1092.0,0,0,0,0,0,0.0,0.0,0
A-c4ea60,2023-03-01,FinTech,DE,other,0,0,0,0,0,0.0,0,0,0,0,0,0,0,0.0,0.0,2,3,1,3.0,3,3.0,23,3195.667,1,2,0,0,0,54.0,3.0,0
A-c62e55,2023-03-01,EdTech,US,partner,21,0,0,0,0,0.0,0,0,0,0,0,0,0,0.0,0.0,16,2,0,0.0,2,0.0,17,1152.0,0,0,0,0,0,0.0,0.0,0
A-c7ffc2,2023-03-01,Cybersecurity,US,partner,33,0,0,0,0,0.0,0,0,0,0,0,0,0,0.0,0.0,28,2,4,0.5,1,0.2,21,2327.0,0,0,0,0,0,0.0,0.0,0
A-d792a6,2023-03-01,DevTools,US,organic,37,2,1889,41,37,0.5,False,0,False,True,False,False,Basic,0.0,0.5,5,1,2,0.5,2,1.0,17,2195.5,1,0,0,0,0,0.0,0.0,0
A-e1462e,2023-03-01,FinTech,UK,partner,0,0,0,0,0,0.0,0,0,0,0,0,0,0,0.0,0.0,24,2,1,2.0,2,2.0,25,2664.0,1,0,0,0,0,0.0,0.0,0
A-e1b9cd,2023-03-01,DevTools,US,event,3,0,0,0,0,0.0,0,0,0,0,0,0,0,0.0,0.0,0,4,1,4.0,5,5.0,43,2838.4,0,0,0,0,0,0.0,0.0,0
A-e43bf7,2023-03-01,Cybersecurity,AU,other,0,0,0,0,0,0.0,0,0,0,0,0,0,0,0.0,0.0,0,1,3,0.333,1,0.333,11,4983.0,1,0,0,0,0,0.0,0.0,0
A-e6afc1,2023-03-01,DevTools,US,ads,5,0,0,0,0,0.0,0,0,0,0,0,0,0,0.0,0.0,2,2,5,0.4,2,0.4,20,3536.0,0,0,0,0,0,0.0,0.0,0
A-e888d1,2023-03-01,Cybersecurity,US,other,0,0,0,0,0,0.0,0,0,0,0,0,0,0,0.0,0.0,3,2,6,0.333,2,0.333,29,4817.5,1,0,0,0,0,0.0,0.0,0
A-ed510f,2023-03-01,Cybersecurity,IN,partner,43,0,0,0,0,0.0,0,0,0,0,0,0,0,0.0,0.0,30,1,1,1.0,1,1.0,8,3488.0,0,1,0,0,1,44.0,5.0,0
A-f17767,2023-03-01,DevTools,US,event,30,1,686,14,14,0.0,False,0,False,False,False,False,Pro,0.0,1.0,19,1,1,1.0,1,1.0,12,5280.0,0,0,0,0,0,0.0,0.0,0
A-f19409,2023-03-01,DevTools,US,other,0,0,0,0,0,0.0,0,0,0,0,0,0,0,0.0,0.0,14,1,0,0.0,1,0.0,11,2013.0,0,0,0,0,0,0.0,0.0,1
A-f44180,2023-03-01,Cybersecurity,UK,event,16,0,0,0,0,0.0,0,0,0,0,0,0,0,0.0,0.0,2,3,4,0.75,3,0.75,33,4107.0,1,0,0,0,0,0.0,0.0,0
A-019782,2023-04-01,DevTools,FR,event,0,0,0,0,0,0.0,0,0,0,0,0,0,0,0.0,0.0,4,3,2,1.5,3,0.75,29,4350.333,1,0,0,0,0,0.0,0.0,0
A-02fac6,2023-04-01,FinTech,US,event,0,0,0,0,0,0.0,0,0,0,0,0,0,0,0.0,0.0,19,2,1,2.0,2,2.0,18,4903.0,0,1,0,0,0,16.0,4.0,0
A-0dbdc6,2023-04-01,Cybersecurity,DE,other,48,0,0,0,0,0.0,0,0,0,0,0,0,0,0.0,0.0,18,4,2,2.0,4,2.0,41,3262.5,1,0,0,0,0,0.0,0.0,0
A-10b8f2,2023-04-01,HealthTech,DE,organic,80,1,0,47,47,0.0,True,1,False,False,False,False,Basic,0.0,0.0,17,3,4,0.75,3,1.0,37,3741.667,0,0,0,0,0,0.0,0.0,0
A-151c9a,2023-04-01,FinTech,US,ads,64,0,0,0,0,0.0,0,0,0,0,0,0,0,0.0,0.0,20,1,2,0.5,1,0.5,6,1524.0,0,0,0,0,0,0.0,0.0,0
A-158f4e,2023-04-01,FinTech,IN,other,29,0,0,0,0,0.0,0,0,0,0,0,0,0,0.0,0.0,1,4,4,1.0,5,1.25,38,1533.2,0,0,1,0,0,23.0,4.0,0
A-1986ca,2023-04-01,HealthTech,IN,ads,61,0,0,0,0,0.0,0,0,0,0,0,0,0,0.0,0.0,18,3,3,1.0,3,1.0,27,3397.0,1,0,0,0,0,0.0,0.0,0
A-1e50e0,2023-04-01,Cybersecurity,DE,other,39,1,3781,19,19,1.0,False,0,False,True,False,False,Enterprise,1.0,0.0,28,1,6,0.167,1,0.167,9,288.0,0,0,0,0,0,0.0,0.0,0
A-271f46,2023-04-01,DevTools,US,event,51,1,722,38,38,0.0,False,0,False,False,False,False,Basic,0.0,0.0,11,2,1,2.0,2,2.0,17,1974.0,0,0,1,0,0,36.0,4.0,0
A-2bc93d,2023-04-01,HealthTech,US,event,18,0,0,0,0,0.0,0,0,0,0,0,0,0,0.0,0.0,6,3,5,0.6,2,0.4,22,2604.0,1,0,0,0,0,0.0,0.0,0
A-32728c,2023-04-01,DevTools,US,event,88,0,0,0,0,0.0,0,0,0,0,0,0,0,0.0,0.0,21,2,5,0.4,2,0.4,23,4977.0,0,1,1,0,0,34.5,4.0,0
A-32fb14,2023-04-01,DevTools,US,event,25,0,0,0,0,0.0,0,0,0,0,0,0,0,0.0,0.0,0,5,4,1.25,5,1.25,56,3200.4,0,1,0,0,0,63.0,4.0,0
A-39b19f,2023-04-01,FinTech,US,partner,57,2,1960,40,24,0.5,False,0,False,False,True,False,Pro,0.0,1.0,2,2,5,0.4,2,0.5,22,659.0,0,1,0,0,0,67.0,4.0,0
A-3b37d9,2023-04-01,FinTech,US,event,64,0,0,0,0,0.0,0,0,0,0,0,0,0,0.0,0.0,1,3,3,1.0,3,1.0,31,5362.0,1,2,1,0,1,37.0,4.0,0
A-432483,2023-04-01,Cybersecurity,US,ads,54,0,0,0,0,0.0,0,0,0,0,0,0,0,0.0,0.0,17,2,2,1.0,2,0.667,19,3432.5,1,0,0,0,0,0.0,0.0,0
A-484819,2023-04-01,HealthTech,US,organic,39,1,3582,18,18,0.0,False,0,False,False,False,False,Enterprise,1.0,0.0,6,3,4,0.75,4,1.0,38,3385.5,1,0,1,0,1,19.0,5.0,0
A-52dd88,2023-04-01,Cybersecurity,US,ads,39,1,1274,26,26,1.0,True,0,False,False,False,False,Pro,0.0,1.0,0,4,5,0.8,4,0.8,38,4242.5,1,0,0,0,0,0.0,0.0,0
A-67be94,2023-04-01,EdTech,US,organic,0,0,0,0,0,0.0,0,0,0,0,0,0,0,0.0,0.0,15,4,4,1.0,4,1.0,39,2499.5,0,1,0,0,0,68.0,5.0,0
A-69fad4,2023-04-01,FinTech,UK,ads,0,0,0,0,0,0.0,0,0,0,0,0,0,0,0.0,0.0,11,2,4,0.5,2,0.667,14,1605.0,0,0,0,0,0,0.0,0.0,0
A-6a4e2d,2023-04-01,EdTech,UK,partner,0,0,0,0,0,0.0,0,0,0,0,0,0,0,0.0,0.0,8,3,3,1.0,3,1.0,24,2844.0,1,0,0,0,0,0.0,0.0,0
A-6c093d,2023-04-01,DevTools,US,partner,0,0,0,0,0,0.0,0,0,0,0,0,0,0,0.0,0.0,12,2,6,0.333,2,0.333,18,3600.0,0,0,1,1,0,58.0,4.0,0
A-6e08f3,2023-04-01,Cybersecurity,US,event,33,0,0,0,0,0.0,0,0,0,0,0,0,0,0.0,0.0,3,3,4,0.75,3,0.75,25,4076.333,1,0,0,0,0,0.0,0.0,0
A-6e7827,2023-04-01,DevTools,US,other,6,0,0,0,0,0.0,0,0,0,0,0,0,0,0.0,0.0,6,1,3,0.333,1,0.333,11,1089.0,0,0,0,0,0,0.0,0.0,0
A-7641d3,2023-04-01,EdTech,US,partner,44,0,0,0,0,0.0,0,0,0,0,0,0,0,0.0,0.0,14,1,2,0.5,1,0.5,10,140.0,0,1,2,1,1,37.333,5.0,0
A-779e4e,2023-04-01,HealthTech,US,organic,89,4,5713,67,21,0.25,False,0,True,True,False,True,Pro,0.25,0.5,0,4,9,0.444,4,0.5,34,1915.75,1,1,1,0,1,28.0,3.0,0
A-7df7a7,2023-04-01,DevTools,US,organic,63,2,343,92,85,1.0,False,1,False,False,True,False,Basic,0.0,0.5,0,5,8,0.625,5,0.625,57,2006.8,1,0,0,0,0,0.0,0.0,0
A-7f4db3,2023-04-01,FinTech,US,other,27,2,1788,12,8,1.0,True,0,False,False,False,False,Enterprise,0.5,0.5,10,5,5,1.0,5,1.0,34,2661.8,1,1,0,0,1,15.0,3.0,0
A-7f8241,2023-04-01,EdTech,US,organic,18,1,646,34,34,0.0,False,0,False,False,False,False,Basic,0.0,0.0,9,4,9,0.444,4,0.571,32,2516.0,0,0,0,0,0,0.0,0.0,0
A-8145a0,2023-04-01,Cybersecurity,AU,partner,0,0,0,0,0,0.0,0,0,0,0,0,0,0,0.0,0.0,0,2,4,0.5,2,0.5,26,7332.0,1,0,2,0,0,14.5,5.0,0
A-91e948,2023-04-01,EdTech,AU,partner,62,0,0,0,0,0.0,0,0,0,0,0,0,0,0.0,0.0,1,3,5,0.6,3,0.6,23,2532.0,0,0,0,0,0,0.0,0.0,0
A-92a333,2023-04-01,FinTech,US,event,8,0,0,0,0,0.0,0,0,0,0,0,0,0,0.0,0.0,7,3,0,0.0,3,0.0,29,3760.333,1,0,0,0,0,0.0,0.0,0
A-977ca0,2023-04-01,HealthTech,IN,partner,40,2,1688,32,26,0.5,False,0,False,False,False,False,Basic,0.5,0.0,0,5,6,0.833,5,0.714,48,3263.4,1,0,0,0,0,0.0,0.0,0
A-9affe6,2023-04-01,Cybersecurity,US,other,10,0,0,0,0,0.0,0,0,0,0,0,0,0,0.0,0.0,11,1,4,0.25,1,0.25,8,4024.0,0,0,0,0,0,0.0,0.0,0
A-a1bbb6,2023-04-01,DevTools,CA,organic,0,0,0,0,0,0.0,0,0,0,0,0,0,0,0.0,0.0,2,4,2,2.0,4,2.0,47,4147.0,1,0,0,0,0,0.0,0.0,0
A-a7bd4b,2023-04-01,Cybersecurity,US,ads,45,1,392,8,8,0.0,False,0,False,False,False,False,Pro,0.0,1.0,4,4,3,1.333,3,0.75,38,3344.5,1,0,0,0,0,0.0,0.0,0
A-ad3abd,2023-04-01,FinTech,US,event,29,1,8756,44,44,1.0,True,0,False,False,False,False,Enterprise,1.0,0.0,5,2,3,0.667,2,0.667,18,3662.5,0,0,0,0,0,0.0,0.0,0
A-af0cd2,2023-04-01,Cybersecurity,IN,other,88,1,931,19,19,1.0,False,0,False,False,False,False,Pro,0.0,1.0,2,6,1,6.0,6,6.0,68,3734.714,1,0,0,0,0,0.0,0.0,0
A-b11cd0,2023-04-01,DevTools,US,ads,71,2,494,52,26,1.0,False,1,False,False,False,False,Basic,0.0,0.0,27,1,2,0.5,2,1.0,19,3463.5,0,0,0,0,0,0.0,0.0,0
A-b7724f,2023-04-01,HealthTech,UK,organic,4,0,0,0,0,0.0,0,0,0,0,0,0,0,0.0,0.0,5,2,3,0.667,2,0.667,14,1063.5,1,0,0,0,0,0.0,0.0,0
A-b9f5b1,2023-04-01,Cybersecurity,US,other,67,1,0,42,42,1.0,False,1,False,False,False,False,Enterprise,1.0,0.0,70,0,3,0.0,0,0.0,0,0.0,0,0,1,0,0,37.0,4.0,0
A-bad8c1,2023-04-01,FinTech,AU,organic,31,0,0,0,0,0.0,0,0,0,0,0,0,0,0.0,0.0,5,2,4,0.5,2,0.5,21,2014.5,0,0,0,0,0,0.0,0.0,0
A-c4ea60,2023-04-01,FinTech,DE,other,23,0,0,0,0,0.0,0,0,0,0,0,0,0,0.0,0.0,5,3,4,0.75,3,0.75,35,2380.0,0,0,2,0,0,54.0,3.0,0
A-c608c8,2023-04-01,DevTools,DE,ads,0,0,0,0,0,0.0,0,0,0,0,0,0,0,0.0,0.0,20,2,3,0.667,2,1.0,16,2058.0,1,0,0,0,0,0.0,0.0,0
A-c62e55,2023-04-01,EdTech,US,partner,52,0,0,0,0,0.0,0,0,0,0,0,0,0,0.0,0.0,7,2,2,1.0,2,1.0,20,1520.0,0,1,0,0,0,59.0,3.0,0
A-c7ffc2,2023-04-01,Cybersecurity,US,partner,64,0,0,0,0,0.0,0,0,0,0,0,0,0,0.0,0.0,7,3,6,0.5,3,0.5,24,1853.667,0,0,0,0,0,0.0,0.0,1
A-cab532,2023-04-01,DevTools,FR,organic,0,0,0,0,0,0.0,0,0,0,0,0,0,0,0.0,0.0,0,4,7,0.571,4,0.571,49,2512.2,1,0,0,0,0,0.0,0.0,0
A-cb6cc6,2023-04-01,DevTools,US,ads,0,0,0,0,0,0.0,0,0,0,0,0,0,0,0.0,0.0,0,1,3,0.333,2,0.667,10,2125.0,0,0,0,0,0,0.0,0.0,0
A-d792a6,2023-04-01,DevTools,US,organic,68,3,1889,50,37,0.667,True,1,False,False,False,True,Pro,0.0,0.667,30,1,3,0.333,1,0.25,14,4172.0,0,1,0,0,0,45.0,4.0,0
A-de58ca,2023-04-01,HealthTech,DE,organic,0,0,0,0,0,0.0,0,0,0,0,0,0,0,0.0,0.0,9,3,8,0.375,3,0.429,37,2699.0,0,0,0,0,0,0.0,0.0,0
A-e1462e,2023-04-01,FinTech,UK,partner,20,0,0,0,0,0.0,0,0,0,0,0,0,0,0.0,0.0,10,3,3,1.0,3,1.0,37,4604.667,1,0,0,0,0,0.0,0.0,0
A-e1b9cd,2023-04-01,DevTools,US,event,34,1,1960,40,40,1.0,False,0,False,False,False,False,Pro,0.0,1.0,29,1,5,0.2,1,0.167,9,423.0,0,0,0,0,0,0.0,0.0,0
A-e3bd71,2023-04-01,Cybersecurity,US,partner,7,0,0,0,0,0.0,0,0,0,0,0,0,0,0.0,0.0,20,3,5,0.6,3,0.6,37,2820.667,1,0,0,0,0,0.0,0.0,0
A-e43bf7,2023-04-01,Cybersecurity,AU,other,8,0,0,0,0,0.0,0,0,0,0,0,0,0,0.0,0.0,17,2,4,0.5,2,0.5,21,2023.0,0,0,0,0,0,0.0,0.0,0
A-e5d6ab,2023-04-01,EdTech,US,partner,0,0,0,0,0,0.0,0,0,0,0,0,0,0,0.0,0.0,2,3,3,1.0,3,1.0,27,4430.333,1,0,0,0,0,0.0,0.0,1
A-e6afc1,2023-04-01,DevTools,US,ads,36,0,0,0,0,0.0,0,0,0,0,0,0,0,0.0,0.0,22,2,7,0.286,2,0.286,28,1580.0,0,0,0,0,0,0.0,0.0,0
A-e888d1,2023-04-01,Cybersecurity,US,other,4,0,0,0,0,0.0,0,0,0,0,0,0,0,0.0,0.0,25,1,7,0.143,1,0.125,12,3900.0,0,0,0,0,0,0.0,0.0,0
A-ed510f,2023-04-01,Cybersecurity,IN,partner,74,1,2058,42,42,0.0,True,0,False,False,False,False,Pro,0.0,1.0,10,2,2,1.0,2,1.0,24,3323.0,0,1,1,0,1,54.0,5.0,0
A-ee42db,2023-04-01,EdTech,DE,ads,0,0,0,0,0,0.0,0,0,0,0,0,0,0,0.0,0.0,8,2,2,1.0,2,1.0,22,2574.0,1,1,1,0,1,35.5,4.0,0
A-f17767,2023-04-01,DevTools,US,event,61,2,1880,20,14,0.5,False,0,False,True,False,False,Enterprise,0.5,0.5,10,4,2,2.0,4,2.0,33,1970.25,1,1,0,1,0,61.0,4.0,0
A-f19409,2023-04-01,DevTools,US,other,16,0,0,0,0,0.0,0,0,0,0,0,0,0,0.0,0.0,20,2,1,2.0,2,2.0,17,4224.0,1,1,0,0,0,5.0,4.0,0
A-f1f639,2023-04-01,EdTech,US,ads,34,0,0,0,0,0.0,0,0,0,0,0,0,0,0.0,0.0,26,1,2,0.5,1,1.0,13,7358.0,1,0,0,0,0,0.0,0.0,0
A-f44180,2023-04-01,Cybersecurity,UK,event,47,1,1791,9,9,0.0,False,0,False,False,False,False,Enterprise,1.0,0.0,3,2,7,0.286,2,0.286,21,2152.5,0,0,0,0,0,0.0,0.0,1
A-ff3c73,2023-04-01,HealthTech,AU,other,65,0,0,0,0,0.0,0,0,0,0,0,0,0,0.0,0.0,2,2,2,1.0,2,2.0,23,3355.5,1,2,0,0,1,35.5,3.0,0
A-019782,2023-05-01,DevTools,FR,event,12,0,0,0,0,0.0,0,0,0,0,0,0,0,0.0,0.0,13,1,4,0.25,1,0.25,13,1573.0,0,0,0,0,0,0.0,0.0,0
A-02fac6,2023-05-01,FinTech,US,event,25,0,0,0,0,0.0,0,0,0,0,0,0,0,0.0,0.0,25,1,2,0.5,1,0.5,14,7686.0,0,0,1,0,0,16.0,4.0,0
A-05d3b3,2023-05-01,DevTools,AU,ads,0,0,0,0,0,0.0,0,0,0,0,0,0,0,0.0,0.0,23,2,5,0.4,2,0.4,22,6173.0,1,0,0,0,0,0.0,0.0,0
A-05f0e5,2023-05-01,FinTech,US,partner,0,0,0,0,0,0.0,0,0,0,0,0,0,0,0.0,0.0,19,3,6,0.5,4,0.667,43,2539.25,1,0,0,0,0,0.0,4.0,0
A-075038,2023-05-01,HealthTech,UK,ads,0,0,0,0,0,0.0,0,0,0,0,0,0,0,0.0,0.0,12,4,4,1.0,4,1.0,50,3648.75,1,0,1,0,0,50.0,3.0,0
A-089363,2023-05-01,FinTech,AU,event,0,0,0,0,0,0.0,0,0,0,0,0,0,0,0.0,0.0,13,3,6,0.5,3,0.5,26,2621.333,1,0,0,0,0,0.0,0.0,0
A-0dbdc6,2023-05-01,Cybersecurity,DE,other,78,0,0,0,0,0.0,0,0,0,0,0,0,0,0.0,0.0,16,2,6,0.333,2,0.333,20,4918.0,1,0,0,0,0,0.0,0.0,0
A-10b8da,2023-05-01,DevTools,US,partner,0,0,0,0,0,0.0,0,0,0,0,0,0,0,0.0,0.0,34,0,4,0.0,0,0.0,0,0.0,0,1,1,0,0,35.0,3.0,0
A-10b8f2,2023-05-01,HealthTech,DE,organic,110,2,893,94,47,0.5,True,1,False,False,False,False,Basic,0.0,0.0,11,1,4,0.25,1,0.25,7,1218.0,0,0,0,0,0,0.0,0.0,0
A-151c9a,2023-05-01,FinTech,US,ads,94,0,0,0,0,0.0,0,0,0,0,0,0,0,0.0,0.0,12,1,2,0.5,1,0.5,11,3234.0,0,0,0,0,0,0.0,0.0,0
A-158f4e,2023-05-01,FinTech,IN,other,59,0,0,0,0,0.0,0,0,0,0,0,0,0,0.0,0.0,3,4,6,0.667,4,0.571,49,1921.0,1,0,0,0,0,0.0,4.0,0
A-1986ca,2023-05-01,HealthTech,IN,ads,91,0,0,0,0,0.0,0,0,0,0,0,0,0,0.0,0.0,1,2,5,0.4,2,0.4,18,1650.0,0,2,0,0,1,16.5,4.0,0
A-1e50e0,2023-05-01,Cybersecurity,DE,other,69,2,3781,38,19,0.5,False,1,False,False,False,True,Enterprise,1.0,0.0,24,1,6,0.167,1,0.167,12,1692.0,0,0,0,0,0,0.0,0.0,0
A-271f46,2023-05-01,DevTools,US,event,81,1,722,38,38,0.0,False,0,False,False,False,False,Basic,0.0,0.0,1,1,3,0.333,1,0.333,5,2045.0,0,0,1,0,0,36.0,4.0,0
A-297a2d,2023-05-01,HealthTech,UK,event,0,0,0,0,0,0.0,0,0,0,0,0,0,0,0.0,0.0,22,1,2,0.5,1,0.5,9,1098.0,0,0,1,0,0,10.0,3.0,0
A-2bc93d,2023-05-01,HealthTech,US,event,48,0,0,0,0,0.0,0,0,0,0,0,0,0,0.0,0.0,24,2,5,0.4,2,0.5,21,4728.0,1,0,0,0,0,0.0,0.0,0
A-2ebb4b,2023-05-01,HealthTech,US,ads,0,0,0,0,0,0.0,0,0,0,0,0,0,0,0.0,0.0,2,3,4,0.75,3,0.75,31,1105.0,1,0,0,0,0,0.0,0.0,0
A-32728c,2023-05-01,DevTools,US,event,118,1,980,20,20,1.0,False,0,False,False,False,False,Pro,0.0,1.0,29,1,4,0.25,1,0.25,11,4785.0,1,0,1,0,0,29.0,4.0,0
A-328bd0,2023-05-01,HealthTech,AU,partner,0,0,0,0,0,0.0,0,0,0,0,0,0,0,0.0,0.0,2,3,5,0.6,3,0.6,30,4408.0,1,0,0,0,0,0.0,0.0,0
A-32fb14,2023-05-01,DevTools,US,event,55,0,0,0,0,0.0,0,0,0,0,0,0,0,0.0,0.0,30,1,6,0.167,1,0.167,6,2796.0,0,0,1,0,0,63.0,4.0,0
A-35083d,2023-05-01,HealthTech,IN,partner,3,0,0,0,0,0.0,0,0,0,0,0,0,0,0.0,0.0,3,6,3,2.0,6,2.0,78,1779.714,1,0,0,0,0,0.0,0.0,0
A-3793ee,2023-05-01,Cybersecurity,CA,organic,41,0,0,0,0,0.0,0,0,0,0,0,0,0,0.0,0.0,8,3,0,0.0,3,0.0,36,4890.667,0,0,0,0,0,0.0,0.0,0
A-39b19f,2023-05-01,FinTech,US,partner,87,2,1960,40,24,0.5,False,0,False,False,True,False,Pro,0.0,1.0,4,5,4,1.25,4,1.0,36,2920.6,1,2,0,0,0,63.0,3.0,0
A-3b37d9,2023-05-01,FinTech,US,event,94,1,4577,23,23,0.0,False,0,False,True,False,False,Enterprise,1.0,0.0,10,1,6,0.167,1,0.167,7,2380.0,0,0,2,0,1,39.5,4.0,0
A-40de06,2023-05-01,Cybersecurity,US,event,0,0,0,0,0,0.0,0,0,0,0,0,0,0,0.0,0.0,15,3,4,0.75,2,0.5,37,3916.0,0,0,1,0,0,50.0,4.0,0
A-425e76,2023-05-01,DevTools,UK,other,0,0,0,0,0,0.0,0,0,0,0,0,0,0,0.0,0.0,1,5,4,1.25,5,1.25,57,1822.333,1,0,1,1,0,16.0,4.0,0
A-432483,2023-05-01,Cybersecurity,US,ads,84,2,245,9,5,0.0,True,1,False,False,False,False,Basic,0.0,0.5,19,1,4,0.25,1,0.25,7,3752.0,1,0,0,0,0,0.0,0.0,0
A-484819,2023-05-01,HealthTech,US,organic,69,1,3582,18,18,0.0,False,0,False,False,False,False,Enterprise,1.0,0.0,9,2,4,0.5,3,0.6,27,3288.0,1,0,1,0,1,19.0,5.0,0
A-49b828,2023-05-01,FinTech,IN,ads,0,0,0,0,0,0.0,0,0,0,0,0,0,0,0.0,0.0,4,4,7,0.571,4,0.571,40,2394.75,1,0,0,0,0,0.0,0.0,0
A-4a4c2d,2023-05-01,DevTools,US,event,0,0,0,0,0,0.0,0,0,0,0,0,0,0,0.0,0.0,22,2,3,0.667,2,0.667,26,4098.5,1,1,0,0,0,51.0,4.0,0
A-52dd88,2023-05-01,Cybersecurity,US,ads,69,1,1274,26,26,1.0,True,0,False,False,False,False,Pro,0.0,1.0,25,3,8,0.375,3,0.375,26,3118.667,0,0,0,0,0,0.0,0.0,0
A-54d94a,2023-05-01,Cybersecurity,IN,event,0,0,0,0,0,0.0,0,0,0,0,0,0,0,0.0,0.0,17,3,5,0.6,3,0.6,29,4258.0,1,0,0,0,0,0.0,0.0,0
A-67be94,2023-05-01,EdTech,US,organic,27,0,0,0,0,0.0,0,0,0,0,0,0,0,0.0,0.0,10,1,5,0.2,1,0.167,12,5652.0,0,0,1,0,0,68.0,5.0,0
A-69fad4,2023-05-01,FinTech,UK,ads,25,0,0,0,0,0.0,0,0,0,0,0,0,0,0.0,0.0,0,3,3,1.0,3,1.0,28,3090.333,1,0,0,0,0,0.0,0.0,0
A-6a4e2d,2023-05-01,EdTech,UK,partner,24,0,0,0,0,0.0,0,0,0,0,0,0,0,0.0,0.0,5,1,4,0.25,1,0.2,9,4194.0,0,0,0,0,0,0.0,0.0,0
A-6c093d,2023-05-01,DevTools,US,partner,17,1,285,15,15,0.0,True,0,False,False,False,False,Basic,0.0,0.0,5,1,5,0.2,1,0.2,10,180.0,1,0,1,1,0,58.0,4.0,0
A-6e08f3,2023-05-01,Cybersecurity,US,event,63,0,0,0,0,0.0,0,0,0,0,0,0,0,0.0,0.0,4,2,4,0.5,2,0.5,20,2724.5,1,1,0,0,1,26.0,3.0,0
A-6e7827,2023-05-01,DevTools,US,other,36,0,0,0,0,0.0,0,0,0,0,0,0,0,0.0,0.0,0,4,4,1.0,4,1.0,38,2620.5,1,0,0,0,0,0.0,0.0,0
A-7641d3,2023-05-01,EdTech,US,partner,74,2,1744,16,8,1.0,False,0,False,False,False,False,Basic,0.5,0.0,3,4,2,2.0,5,2.5,67,4273.4,1,0,3,1,1,37.333,5.0,0
A-779e4e,2023-05-01,HealthTech,US,organic,119,4,5713,67,21,0.25,False,0,False,False,True,True,Pro,0.25,0.5,6,4,6,0.667,4,0.667,31,2224.0,1,0,1,0,1,23.0,3.0,0
A-7df7a7,2023-05-01,DevTools,US,organic,93,2,343,92,85,1.0,False,1,False,False,True,False,Basic,0.0,0.5,0,2,8,0.25,2,0.25,18,3303.0,1,1,0,0,0,50.0,5.0,0
A-7f4db3,2023-05-01,FinTech,US,other,57,3,1788,51,39,0.667,True,1,False,False,False,False,Basic,0.333,0.333,2,4,7,0.571,4,0.571,56,5512.25,1,0,1,0,1,15.0,3.0,0
A-7f8241,2023-05-01,EdTech,US,organic,48,1,646,34,34,0.0,False,0,False,False,False,False,Basic,0.0,0.0,1,6,7,0.857,7,1.167,79,3756.286,1,0,0,0,0,0.0,0.0,0
A-80eeb6,2023-05-01,Cybersecurity,UK,organic,0,0,0,0,0,0.0,0,0,0,0,0,0,0,0.0,0.0,15,2,6,0.333,2,0.333,19,1876.5,0,0,0,0,0,0.0,4.0,0
A-8145a0,2023-05-01,Cybersecurity,AU,partner,6,0,0,0,0,0.0,0,0,0,0,0,0,0,0.0,0.0,15,2,4,0.5,2,0.5,26,3958.5,1,0,0,0,0,0.0,5.0,0
A-84ebe4,2023-05-01,FinTech,US,ads,50,0,0,0,0,0.0,0,0,0,0,0,0,0,0.0,0.0,28,1,3,0.333,1,0.333,12,6420.0,1,0,0,0,0,0.0,0.0,0
A-86902e,2023-05-01,HealthTech,IN,other,0,0,0,0,0,0.0,0,0,0,0,0,0,0,0.0,0.0,0,5,9,0.556,4,0.444,51,3844.2,1,1,0,0,0,34.0,4.0,0
A-91e948,2023-05-01,EdTech,AU,partner,92,0,0,0,0,0.0,0,0,0,0,0,0,0,0.0,0.0,5,1,7,0.143,1,0.143,8,1624.0,0,0,0,0,0,0.0,0.0,0
A-9208f0,2023-05-01,EdTech,US,organic,0,0,0,0,0,0.0,0,0,0,0,0,0,0,0.0,0.0,20,1,3,0.333,1,0.25,6,648.0,1,1,1,0,1,55.0,4.0,0
A-9289f6,2023-05-01,EdTech,US,event,0,0,0,0,0,0.0,0,0,0,0,0,0,0,0.0,0.0,12,2,8,0.25,2,0.25,20,2312.5,0,0,0,0,0,0.0,0.0,0
A-94d3da,2023-05-01,HealthTech,US,other,0,0,0,0,0,0.0,0,0,0,0,0,0,0,0.0,0.0,10,3,2,1.5,3,1.5,34,3039.667,1,0,1,0,1,43.0,3.0,0
A-977ca0,2023-05-01,HealthTech,IN,partner,70,4,7029,141,92,0.75,True,0,False,False,False,False,Pro,0.25,0.5,13,2,7,0.286,2,0.286,22,4835.5,0,0,0,0,0,0.0,0.0,0
A-9affe6,2023-05-01,Cybersecurity,US,other,40,1,1393,7,7,1.0,False,0,False,False,False,False,Enterprise,1.0,0.0,13,2,4,0.5,2,0.5,18,3456.0,1,0,0,0,0,0.0,0.0,0
A-9ee962,2023-05-01,HealthTech,US,ads,62,0,0,0,0,0.0,0,0,0,0,0,0,0,0.0,0.0,3,2,2,1.0,2,1.0,12,1548.0,0,1,0,0,0,8.0,4.0,0
A-a1bbb6,2023-05-01,DevTools,CA,organic,26,1,1029,21,21,1.0,False,0,False,False,False,False,Pro,0.0,1.0,2,2,5,0.4,2,0.4,11,2138.5,0,0,0,0,0,0.0,0.0,0
A-a7bd4b,2023-05-01,Cybersecurity,US,ads,75,1,392,8,8,0.0,False,0,False,False,False,False,Pro,0.0,1.0,7,2,5,0.4,2,0.5,23,2376.5,1,0,0,0,0,0.0,0.0,0
A-ad3abd,2023-05-01,FinTech,US,event,59,2,9592,88,44,0.5,True,0,False,False,False,False,Basic,0.5,0.0,3,1,4,0.25,1,0.25,10,5630.0,0,0,0,0,0,0.0,0.0,0
A-af0cd2,2023-05-01,Cybersecurity,IN,other,118,3,2793,57,19,0.333,True,0,False,False,False,False,Pro,0.0,1.0,9,3,6,0.5,3,0.5,32,5120.667,1,0,0,0,0,0.0,0.0,0
A-b11cd0,2023-05-01,DevTools,US,ads,101,2,494,52,26,1.0,False,1,False,False,False,False,Basic,0.0,0.0,13,1,2,0.5,1,0.333,8,3040.0,0,0,0,0,0,0.0,0.0,0
A-b7724f,2023-05-01,HealthTech,UK,organic,34,0,0,0,0,0.0,0,0,0,0,0,0,0,0.0,0.0,22,1,2,0.5,1,0.5,8,496.0,0,0,0,0,0,0.0,0.0,0
A-b9f5b1,2023-05-01,Cybersecurity,US,other,97,1,0,42,42,1.0,False,1,False,False,False,False,Enterprise,1.0,0.0,6,4,0,0.0,4,0.0,34,1651.0,0,0,1,0,0,37.0,4.0,0
A-bad8c1,2023-05-01,FinTech,AU,organic,61,0,0,0,0,0.0,0,0,0,0,0,0,0,0.0,0.0,3,3,5,0.6,3,0.6,20,1403.667,1,0,0,0,0,0.0,0.0,0
A-bb2f49,2023-05-01,Cybersecurity,US,other,0,0,0,0,0,0.0,0,0,0,0,0,0,0,0.0,0.0,24,1,8,0.125,1,0.125,5,495.0,0,0,0,0,0,0.0,4.0,0
A-bcf664,2023-05-01,DevTools,US,other,0,0,0,0,0,0.0,0,0,0,0,0,0,0,0.0,0.0,12,4,2,2.0,4,2.0,41,2650.75,0,0,0,0,0,0.0,0.0,0
A-c4ea60,2023-05-01,FinTech,DE,other,53,1,912,48,48,0.0,True,0,True,False,False,False,Basic,0.0,0.0,12,3,6,0.5,3,0.5,23,2889.333,0,0,2,0,0,54.0,3.0,0
A-c7ffc2,2023-05-01,Cybersecurity,US,partner,94,0,0,0,0,0.0,0,0,0,0,0,0,0,0.0,0.0,0,4,5,0.8,4,1.0,38,3032.0,0,0,0,0,0,0.0,0.0,0
A-cab532,2023-05-01,DevTools,FR,organic,28,1,2189,11,11,1.0,True,0,False,False,False,False,Enterprise,1.0,0.0,4,5,6,0.833,5,0.714,56,2221.5,1,0,0,0,0,0.0,0.0,0
A-cb6cc6,2023-05-01,DevTools,US,ads,28,1,0,13,13,0.0,False,1,False,False,False,False,Enterprise,1.0,0.0,15,3,1,3.0,3,3.0,23,3666.667,1,0,0,0,0,0.0,0.0,0
A-cbbe12,2023-05-01,Cybersecurity,DE,partner,40,0,0,0,0,0.0,0,0,0,0,0,0,0,0.0,0.0,13,1,0,0.0,1,0.0,6,3276.0,0,0,0,0,0,0.0,0.0,0
A-cc98bc,2023-05-01,DevTools,US,ads,0,0,0,0,0,0.0,0,0,0,0,0,0,0,0.0,0.0,4,5,7,0.714,5,0.625,45,1660.2,1,0,2,0,0,5.5,4.0,0
A-d5a319,2023-05-01,FinTech,US,other,0,0,0,0,0,0.0,0,0,0,0,0,0,0,0.0,0.0,1,4,8,0.5,4,0.5,52,5566.0,1,0,0,0,0,0.0,0.0,0
A-d792a6,2023-05-01,DevTools,US,organic,98,5,4277,68,37,0.6,True,2,False,False,False,True,Enterprise,0.4,0.4,21,1,2,0.5,1,0.333,7,2114.0,0,0,1,0,0,45.0,4.0,0
A-de58ca,2023-05-01,HealthTech,DE,organic,18,1,735,15,15,0.0,False,0,False,False,False,False,Pro,0.0,1.0,39,0,10,0.0,0,0.0,0,0.0,0,0,0,0,0,0.0,0.0,0
A-e1462e,2023-05-01,FinTech,UK,partner,50,1,2985,15,15,1.0,False,0,True,False,False,False,Enterprise,1.0,0.0,2,1,5,0.2,1,0.2,4,1360.0,1,1,0,0,0,67.0,4.0,0
A-e1b9cd,2023-05-01,DevTools,US,event,64,1,1960,40,40,1.0,False,0,False,False,False,False,Pro,0.0,1.0,1,4,5,0.8,4,0.667,49,3315.25,1,0,0,0,0,0.0,0.0,0
A-e3bd71,2023-05-01,Cybersecurity,US,partner,37,1,6169,31,31,0.0,True,0,False,False,False,False,Enterprise,1.0,0.0,16,1,3,0.333,1,0.333,14,4774.0,0,0,0,0,0,0.0,0.0,0
A-e43bf7,2023-05-01,Cybersecurity,AU,other,38,0,0,0,0,0.0,0,0,0,0,0,0,0,0.0,0.0,0,4,3,1.333,4,1.333,36,2382.5,1,0,0,0,0,0.0,0.0,0
A-e5d6ab,2023-05-01,EdTech,US,partner,16,0,0,0,0,0.0,0,0,0,0,0,0,0,0.0,0.0,4,3,5,0.6,3,0.6,29,2056.0,1,0,0,0,0,0.0,0.0,0
A-e693b6,2023-05-01,FinTech,AU,event,0,0,0,0,0,0.0,0,0,0,0,0,0,0,0.0,0.0,0,4,4,1.0,4,1.0,50,3617.0,1,0,0,0,0,0.0,0.0,0
A-e6afc1,2023-05-01,DevTools,US,ads,66,0,0,0,0,0.0,0,0,0,0,0,0,0,0.0,0.0,11,4,4,1.0,4,1.0,32,1958.0,0,0,0,0,0,0.0,0.0,0
A-e888d1,2023-05-01,Cybersecurity,US,other,34,0,0,0,0,0.0,0,0,0,0,0,0,0,0.0,0.0,15,1,3,0.333,1,0.333,19,1558.0,0,0,0,0,0,0.0,0.0,0
A-ed510f,2023-05-01,Cybersecurity,IN,partner,104,2,2058,84,42,0.5,True,1,False,False,False,False,Enterprise,0.5,0.5,6,3,2,1.5,3,1.5,26,2972.667,1,0,2,0,1,54.0,5.0,1
A-ee42db,2023-05-01,EdTech,DE,ads,6,1,637,13,13,1.0,False,0,False,False,False,False,Pro,0.0,1.0,8,3,3,1.0,3,1.0,29,2584.667,0,0,1,0,0,14.0,4.0,0
A-f17767,2023-05-01,DevTools,US,event,91,2,1880,20,14,0.5,False,0,False,False,False,True,Enterprise,0.5,0.5,7,6,5,1.2,6,1.2,46,3317.167,1,0,1,1,0,61.0,4.0,1
A-f19409,2023-05-01,DevTools,US,other,46,1,2156,44,44,0.0,False,0,False,True,False,False,Pro,0.0,1.0,12,1,3,0.333,1,0.333,12,3492.0,0,1,1,0,0,9.0,4.0,1
A-f1f639,2023-05-01,EdTech,US,ads,64,0,0,0,0,0.0,0,0,0,0,0,0,0,0.0,0.0,19,1,1,1.0,1,1.0,12,1596.0,0,0,0,0,0,0.0,0.0,0
A-f44180,2023-05-01,Cybersecurity,UK,event,77,2,4577,23,14,0.0,False,0,False,False,False,False,Enterprise,1.0,0.0,2,1,3,0.333,1,0.25,23,12696.0,0,0,0,0,0,0.0,0.0,0
A-f446b6,2023-05-01,DevTools,DE,ads,0,0,0,0,0,0.0,0,0,0,0,0,0,0,0.0,0.0,7,1,1,1.0,2,2.0,23,3802.0,0,0,0,0,0,0.0,0.0,0
A-fdfc91,2023-05-01,Cybersecurity,US,ads,0,0,0,0,0,0.0,0,0,0,0,0,0,0,0.0,0.0,0,2,7,0.286,2,0.286,19,2724.5,1,1,0,0,1,13.0,4.0,0
A-ff3c73,2023-05-01,HealthTech,AU,other,95,2,2283,87,66,0.5,True,0,False,False,False,False,Basic,0.0,0.5,11,2,2,1.0,2,1.0,14,2092.0,0,0,2,0,1,35.5,3.0,0
A-019782,2023-06-01,DevTools,FR,event,43,0,0,0,0,0.0,0,0,0,0,0,0,0,0.0,0.0,4,2,4,0.5,2,0.5,13,2097.0,0,0,0,0,0,0.0,0.0,0
A-02fac6,2023-06-01,FinTech,US,event,56,0,0,0,0,0.0,0,0,0,0,0,0,0,0.0,0.0,1,3,3,1.0,3,1.0,30,5049.0,0,0,1,0,0,16.0,4.0,0
A-05d3b3,2023-06-01,DevTools,AU,ads,4,0,0,0,0,0.0,0,0,0,0,0,0,0,0.0,0.0,18,1,4,0.25,1,0.25,8,4232.0,0,0,0,0,0,0.0,0.0,0
A-05f0e5,2023-06-01,FinTech,US,partner,28,0,0,0,0,0.0,0,0,0,0,0,0,0,0.0,0.0,0,3,7,0.429,3,0.375,25,2394.0,1,0,0,0,0,0.0,4.0,0
A-075038,2023-06-01,HealthTech,UK,ads,20,0,0,0,0,0.0,0,0,0,0,0,0,0,0.0,0.0,24,1,6,0.167,1,0.167,10,3070.0,0,0,1,0,0,50.0,3.0,0
A-089363,2023-06-01,FinTech,AU,event,26,0,0,0,0,0.0,0,0,0,0,0,0,0,0.0,0.0,7,1,4,0.25,1,0.25,11,5522.0,1,0,0,0,0,0.0,0.0,0
A-0dbdc6,2023-06-01,Cybersecurity,DE,other,109,0,0,0,0,0.0,0,0,0,0,0,0,0,0.0,0.0,26,2,6,0.333,2,0.333,14,412.0,1,0,0,0,0,0.0,0.0,0
A-10b8da,2023-06-01,DevTools,US,partner,24,1,3383,17,17,1.0,False,0,False,True,False,False,Enterprise,1.0,0.0,21,1,3,0.333,1,0.333,10,2060.0,0,0,1,0,0,33.0,3.0,0
A-10b8f2,2023-06-01,HealthTech,DE,organic,141,2,893,94,47,0.5,True,1,False,False,False,False,Basic,0.0,0.0,7,3,4,0.75,3,0.75,41,4318.333,1,0,0,0,0,0.0,0.0,0
A-151c9a,2023-06-01,FinTech,US,ads,125,1,1127,23,23,0.0,False,0,True,False,False,False,Pro,0.0,1.0,26,1,2,0.5,1,0.5,9,5274.0,0,0,0,0,0,0.0,0.0,0
A-158f4e,2023-06-01,FinTech,IN,other,90,0,0,0,0,0.0,0,0,0,0,0,0,0,0.0,0.0,1,4,8,0.5,5,0.556,40,3558.0,1,0,0,0,0,0.0,4.0,0
A-1986ca,2023-06-01,HealthTech,IN,ads,122,0,0,0,0,0.0,0,0,0,0,0,0,0,0.0,0.0,19,2,5,0.4,2,0.4,13,567.5,0,0,2,0,1,16.5,4.0,0
A-19b2c8,2023-06-01,DevTools,IN,other,0,0,0,0,0,0.0,0,0,0,0,0,0,0,0.0,0.0,4,3,4,0.75,3,0.75,31,1484.333,1,0,0,0,0,0.0,4.0,0
A-1e50e0,2023-06-01,Cybersecurity,DE,other,100,2,3781,38,19,0.5,False,1,False,False,False,True,Enterprise,1.0,0.0,55,0,2,0.0,0,0.0,0,0.0,0,0,0,0,0,0.0,0.0,0
A-271f46,2023-06-01,DevTools,US,event,112,1,722,38,38,0.0,False,0,False,False,False,False,Basic,0.0,0.0,18,1,3,0.333,1,0.333,11,5016.0,0,0,0,0,0,0.0,4.0,0
A-2b9d3e,2023-06-01,EdTech,US,partner,0,0,0,0,0,0.0,0,0,0,0,0,0,0,0.0,0.0,4,3,3,1.0,2,0.667,27,3702.0,1,0,0,0,0,0.0,0.0,0
A-2bc93d,2023-06-01,HealthTech,US,event,79,0,0,0,0,0.0,0,0,0,0,0,0,0,0.0,0.0,1,4,5,0.8,4,1.0,38,3261.0,1,1,0,0,1,17.0,4.0,0
A-2ebb4b,2023-06-01,HealthTech,US,ads,17,0,0,0,0,0.0,0,0,0,0,0,0,0,0.0,0.0,12,1,4,0.25,1,0.25,8,4392.0,0,0,0,0,0,0.0,0.0,0
A-32728c,2023-06-01,DevTools,US,event,149,2,1960,40,20,1.0,False,0,False,False,False,False,Pro,0.0,1.0,60,0,2,0.0,0,0.0,0,0.0,0,0,1,0,0,29.0,4.0,0
A-328bd0,2023-06-01,HealthTech,AU,partner,16,0,0,0,0,0.0,0,0,0,0,0,0,0,0.0,0.0,26,1,6,0.167,1,0.167,13,195.0,0,0,0,0,0,0.0,0.0,0
A-32fb14,2023-06-01,DevTools,US,event,86,0,0,0,0,0.0,0,0,0,0,0,0,0,0.0,0.0,5,3,5,0.6,3,0.6,20,2207.333,1,0,1,0,0,63.0,4.0,0
A-35083d,2023-06-01,HealthTech,IN,partner,34,0,0,0,0,0.0,0,0,0,0,0,0,0,0.0,0.0,12,3,6,0.5,3,0.5,34,4674.0,1,0,0,0,0,0.0,0.0,0
A-3793ee,2023-06-01,Cybersecurity,CA,organic,72,0,0,0,0,0.0,0,0,0,0,0,0,0,0.0,0.0,22,2,3,0.667,2,0.667,19,636.5,0,0,0,0,0,0.0,0.0,1
A-39b19f,2023-06-01,FinTech,US,partner,118,2,1960,40,24,0.5,False,0,False,False,False,False,Pro,0.0,1.0,5,2,7,0.286,2,0.333,20,4285.0,1,0,2,0,0,63.0,3.0,0
A-3b37d9,2023-06-01,FinTech,US,event,125,1,4577,23,23,0.0,False,0,False,False,False,True,Enterprise,1.0,0.0,7,2,4,0.5,2,0.5,26,1545.0,0,0,2,0,1,39.5,4.0,0
A-40de06,2023-06-01,Cybersecurity,US,event,24,0,0,0,0,0.0,0,0,0,0,0,0,0,0.0,0.0,2,5,5,1.0,5,1.25,55,4157.6,1,0,1,0,0,50.0,4.0,0
A-432483,2023-06-01,Cybersecurity,US,ads,115,2,245,9,5,0.0,True,1,False,False,False,False,Basic,0.0,0.5,50,0,3,0.0,0,0.0,0,0.0,0,0,0,0,0,0.0,0.0,0
A-484819,2023-06-01,HealthTech,US,organic,100,2,7164,36,18,0.0,False,0,False,False,False,False,Enterprise,1.0,0.0,14,2,5,0.4,2,0.286,18,2241.0,0,0,0,0,0,0.0,5.0,1
A-49b828,2023-06-01,FinTech,IN,ads,27,2,465,15,9,1.0,False,0,False,False,False,False,Basic,0.0,0.5,7,3,6,0.5,3,0.5,37,2543.0,1,0,0,0,0,0.0,0.0,0
A-4a4c2d,2023-06-01,DevTools,US,event,30,0,0,0,0,0.0,0,0,0,0,0,0,0,0.0,0.0,13,3,4,0.75,3,0.75,23,2194.333,0,0,1,0,0,51.0,4.0,0
A-52dd88,2023-06-01,Cybersecurity,US,ads,100,1,1274,26,26,1.0,True,0,False,False,False,False,Pro,0.0,1.0,1,5,6,0.833,6,1.0,54,3293.333,1,0,0,0,0,0.0,0.0,0
A-54d94a,2023-06-01,Cybersecurity,IN,event,31,0,0,0,0,0.0,0,0,0,0,0,0,0,0.0,0.0,12,3,5,0.6,3,0.6,28,1277.667,1,0,0,0,0,0.0,0.0,0
A-54ecc2,2023-06-01,Cybersecurity,US,partner,0,0,0,0,0,0.0,0,0,0,0,0,0,0,0.0,0.0,13,2,5,0.4,2,0.333,29,3290.0,1,1,0,0,0,20.0,5.0,0
A-558c72,2023-06-01,FinTech,US,organic,0,0,0,0,0,0.0,0,0,0,0,0,0,0,0.0,0.0,16,2,0,0.0,2,0.0,23,5253.5,1,1,0,0,0,66.0,4.0,0
A-5a184f,2023-06-01,DevTools,DE,other,0,0,0,0,0,0.0,0,0,0,0,0,0,0,0.0,0.0,1,5,3,1.667,5,1.667,50,2284.4,0,0,0,0,0,0.0,0.0,0
A-69fad4,2023-06-01,FinTech,UK,ads,56,0,0,0,0,0.0,0,0,0,0,0,0,0,0.0,0.0,0,1,5,0.2,1,0.2,13,2028.0,1,0,0,0,0,0.0,0.0,0
A-6a4e2d,2023-06-01,EdTech,UK,partner,55,1,0,56,56,0.0,True,1,False,False,False,False,Pro,0.0,1.0,10,2,4,0.5,2,0.5,23,3293.0,1,0,0,0,0,0.0,0.0,0
A-6c093d,2023-06-01,DevTools,US,partner,48,1,285,15,15,0.0,True,0,False,False,False,False,Basic,0.0,0.0,5,2,3,0.667,2,0.667,22,4557.0,0,0,0,0,0,0.0,4.0,0
A-6e7827,2023-06-01,DevTools,US,other,67,0,0,0,0,0.0,0,0,0,0,0,0,0,0.0,0.0,13,2,5,0.4,2,0.4,19,3057.0,0,0,0,0,0,0.0,0.0,0
A-756192,2023-06-01,FinTech,IN,other,0,0,0,0,0,0.0,0,0,0,0,0,0,0,0.0,0.0,8,1,7,0.143,1,0.143,8,1856.0,1,0,1,0,1,59.0,5.0,0
A-7641d3,2023-06-01,EdTech,US,partner,105,2,1744,16,8,1.0,False,0,False,False,False,False,Basic,0.5,0.0,9,3,5,0.6,3,0.5,22,1496.0,1,0,1,1,0,52.0,5.0,0
A-779e4e,2023-06-01,HealthTech,US,organic,150,4,5713,67,21,0.25,False,0,False,False,True,True,Pro,0.25,0.5,14,1,7,0.143,1,0.143,7,2023.0,0,0,1,0,1,23.0,3.0,0
A-794a0b,2023-06-01,HealthTech,DE,organic,0,0,0,0,0,0.0,0,0,0,0,0,0,0,0.0,0.0,13,1,3,0.333,1,0.333,3,777.0,0,0,0,0,0,0.0,0.0,0
A-7c4956,2023-06-01,DevTools,US,ads,26,0,0,0,0,0.0,0,0,0,0,0,0,0,0.0,0.0,14,2,2,1.0,2,1.0,19,1414.5,1,0,0,0,0,0.0,0.0,0
A-7df7a7,2023-06-01,DevTools,US,organic,124,2,343,92,85,1.0,False,1,False,False,False,False,Basic,0.0,0.5,9,3,6,0.5,3,0.5,32,2920.333,1,0,1,0,0,50.0,5.0,0
A-7f4db3,2023-06-01,FinTech,US,other,88,3,1788,51,39,0.667,True,1,False,False,False,False,Basic,0.333,0.333,6,5,9,0.556,6,0.667,43,2683.167,1,1,1,0,1,17.0,3.0,0
A-7f8241,2023-06-01,EdTech,US,organic,79,2,1292,68,34,0.0,True,0,False,False,False,False,Basic,0.0,0.0,11,3,10,0.3,3,0.273,36,3708.0,1,0,0,0,0,0.0,0.0,0
A-80eeb6,2023-06-01,Cybersecurity,UK,organic,23,0,0,0,0,0.0,0,0,0,0,0,0,0,0.0,0.0,2,4,3,1.333,4,1.333,42,2216.75,1,1,0,1,1,50.0,3.0,0
A-8145a0,2023-06-01,Cybersecurity,AU,partner,37,0,0,0,0,0.0,0,0,0,0,0,0,0,0.0,0.0,22,1,3,0.333,1,0.333,13,5512.0,0,0,0,0,0,0.0,5.0,0
A-84ebe4,2023-06-01,FinTech,US,ads,81,1,342,18,18,0.0,False,0,False,False,False,False,Basic,0.0,0.0,18,1,1,1.0,1,1.0,12,120.0,1,0,0,0,0,0.0,0.0,0
A-86902e,2023-06-01,HealthTech,IN,other,30,0,0,0,0,0.0,0,0,0,0,0,0,0,0.0,0.0,5,2,10,0.2,2,0.222,22,4807.0,1,1,1,0,0,50.5,4.0,0
A-8ed5dd,2023-06-01,EdTech,UK,event,0,0,0,0,0,0.0,0,0,0,0,0,0,0,0.0,0.0,7,5,1,5.0,5,5.0,65,2747.333,1,1,1,0,1,27.0,3.0,0
A-9123ac,2023-06-01,Cybersecurity,DE,organic,0,0,0,0,0,0.0,0,0,0,0,0,0,0,0.0,0.0,18,1,4,0.25,2,0.5,18,3529.0,1,0,1,0,0,40.0,4.0,0
A-91e948,2023-06-01,EdTech,AU,partner,123,0,0,0,0,0.0,0,0,0,0,0,0,0,0.0,0.0,12,1,4,0.25,1,0.25,14,4984.0,0,0,0,0,0,0.0,0.0,0
A-9208f0,2023-06-01,EdTech,US,organic,21,1,2786,14,14,0.0,False,0,False,False,False,False,Enterprise,1.0,0.0,7,1,4,0.25,1,0.25,7,2625.0,0,0,1,0,0,70.0,4.0,0
A-9289f6,2023-06-01,EdTech,US,event,1,0,0,0,0,0.0,0,0,0,0,0,0,0,0.0,0.0,0,6,6,1.0,5,0.714,66,4373.167,1,1,0,0,0,35.0,5.0,0
A-92a333,2023-06-01,FinTech,US,event,69,0,0,0,0,0.0,0,0,0,0,0,0,0,0.0,0.0,5,3,3,1.0,3,1.0,33,2074.0,1,1,0,0,0,25.0,4.0,0
A-94d3da,2023-06-01,HealthTech,US,other,29,0,0,0,0,0.0,0,0,0,0,0,0,0,0.0,0.0,18,2,4,0.5,2,0.5,17,3399.0,1,0,0,0,0,0.0,3.0,0
A-95b24a,2023-06-01,FinTech,US,event,0,0,0,0,0,0.0,0,0,0,0,0,0,0,0.0,0.0,1,5,5,1.0,5,1.25,51,2832.0,1,0,0,0,0,0.0,0.0,0
A-977ca0,2023-06-01,HealthTech,IN,partner,101,4,7029,141,92,0.75,True,0,False,False,False,False,Pro,0.25,0.5,4,3,6,0.5,3,0.5,33,3005.333,1,0,0,0,0,0.0,0.0,0
A-993085,2023-06-01,HealthTech,US,ads,0,0,0,0,0,0.0,0,0,0,0,0,0,0,0.0,0.0,11,1,7,0.143,1,0.167,14,6776.0,0,0,0,0,0,0.0,0.0,0
A-9affe6,2023-06-01,Cybersecurity,US,other,71,1,1393,7,7,1.0,False,0,False,False,False,False,Enterprise,1.0,0.0,12,3,2,1.5,3,1.0,30,3677.667,0,0,0,0,0,0.0,0.0,0
A-a1bbb6,2023-06-01,DevTools,CA,organic,57,2,6601,49,28,0.5,True,0,False,False,False,False,Enterprise,0.5,0.5,9,1,4,0.25,1,0.167,13,6344.0,0,0,0,0,0,0.0,0.0,0
A-a7bd4b,2023-06-01,Cybersecurity,US,ads,106,1,392,8,8,0.0,False,0,False,False,False,False,Pro,0.0,1.0,1,3,5,0.6,3,0.75,34,3168.0,1,1,0,0,0,36.0,4.0,0
A-ad3abd,2023-06-01,FinTech,US,event,90,3,11748,132,44,0.333,True,0,False,False,False,False,Basic,0.333,0.333,3,1,3,0.333,1,0.333,8,632.0,0,0,0,0,0,0.0,0.0,0
A-af0cd2,2023-06-01,Cybersecurity,IN,other,149,3,2793,57,19,0.333,True,0,False,False,False,False,Pro,0.0,1.0,15,1,7,0.143,2,0.222,11,1354.0,0,0,0,0,0,0.0,0.0,0
A-b11cd0,2023-06-01,DevTools,US,ads,132,2,494,52,26,1.0,False,1,False,False,False,False,Basic,0.0,0.0,15,1,2,0.5,1,0.5,10,2600.0,0,1,0,0,0,36.0,5.0,0
A-b7724f,2023-06-01,HealthTech,UK,organic,65,0,0,0,0,0.0,0,0,0,0,0,0,0,0.0,0.0,6,2,3,0.667,2,0.667,15,1381.5,1,0,0,0,0,0.0,0.0,0
A-b9f5b1,2023-06-01,Cybersecurity,US,other,128,1,0,42,42,1.0,False,1,False,False,False,False,Enterprise,1.0,0.0,0,2,4,0.5,2,0.5,23,3300.5,1,0,0,0,0,0.0,4.0,0
A-bad8c1,2023-06-01,FinTech,AU,organic,92,0,0,0,0,0.0,0,0,0,0,0,0,0,0.0,0.0,26,1,4,0.25,1,0.2,17,6171.0,0,0,0,0,0,0.0,0.0,0
A-bb2f49,2023-06-01,Cybersecurity,US,other,4,0,0,0,0,0.0,0,0,0,0,0,0,0,0.0,0.0,2,4,3,1.333,4,1.333,41,4038.0,1,0,0,0,0,0.0,4.0,0
A-bbe56f,2023-06-01,HealthTech,US,ads,105,0,0,0,0,0.0,0,0,0,0,0,0,0,0.0,0.0,6,2,0,0.0,2,0.0,29,5332.5,0,0,0,0,0,0.0,0.0,0
A-bcf664,2023-06-01,DevTools,US,other,13,0,0,0,0,0.0,0,0,0,0,0,0,0,0.0,0.0,3,3,5,0.6,3,0.6,35,3296.333,1,1,0,0,1,12.0,4.0,0
A-c4ea60,2023-06-01,FinTech,DE,other,84,2,1254,66,48,0.5,True,0,False,False,True,False,Basic,0.0,0.0,43,0,6,0.0,0,0.0,0,0.0,0,0,0,0,0,0.0,3.0,0
A-c608c8,2023-06-01,DevTools,DE,ads,35,0,0,0,0,0.0,0,0,0,0,0,0,0,0.0,0.0,28,1,2,0.5,1,0.5,8,168.0,1,0,0,0,0,0.0,0.0,0
A-c62e55,2023-06-01,EdTech,US,partner,113,0,0,0,0,0.0,0,0,0,0,0,0,0,0.0,0.0,0,3,2,1.5,3,1.5,26,2416.0,0,0,1,0,0,59.0,3.0,0
A-c7e58b,2023-06-01,HealthTech,IN,other,0,0,0,0,0,0.0,0,0,0,0,0,0,0,0.0,0.0,18,2,5,0.4,2,0.4,18,1282.5,1,0,0,0,0,0.0,0.0,0
A-c7ffc2,2023-06-01,Cybersecurity,US,partner,125,1,6468,132,132,1.0,False,0,False,False,False,False,Pro,0.0,1.0,6,2,7,0.286,2,0.286,18,2539.0,0,0,0,0,0,0.0,0.0,0
A-cab532,2023-06-01,DevTools,FR,organic,59,2,7164,36,25,1.0,True,0,False,False,False,False,Enterprise,1.0,0.0,2,5,7,0.714,5,0.625,48,2274.0,1,0,0,0,0,0.0,0.0,0
A-cb6cc6,2023-06-01,DevTools,US,ads,59,1,0,13,13,0.0,False,1,False,False,False,False,Enterprise,1.0,0.0,46,0,3,0.0,0,0.0,0,0.0,0,0,0,0,0,0.0,0.0,0
A-cbbe12,2023-06-01,Cybersecurity,DE,partner,71,0,0,0,0,0.0,0,0,0,0,0,0,0,0.0,0.0,16,2,1,2.0,2,2.0,27,733.0,1,0,0,0,0,0.0,0.0,0
A-cc98bc,2023-06-01,DevTools,US,ads,8,1,6368,32,32,1.0,False,0,False,False,False,False,Enterprise,1.0,0.0,23,2,8,0.25,2,0.25,23,4337.5,0,0,2,0,0,5.5,4.0,0
A-d5a319,2023-06-01,FinTech,US,other,28,0,0,0,0,0.0,0,0,0,0,0,0,0,0.0,0.0,2,3,8,0.375,3,0.375,40,4843.667,1,0,0,0,0,0.0,0.0,0
A-d792a6,2023-06-01,DevTools,US,organic,129,6,6068,77,37,0.667,True,2,False,False,False,False,Enterprise,0.5,0.333,0,3,1,3.0,3,3.0,25,2081.333,0,0,1,0,0,45.0,4.0,0
A-de58ca,2023-06-01,HealthTech,DE,organic,49,2,735,95,80,0.0,True,1,False,False,False,False,Enterprise,0.5,0.5,8,2,3,0.667,2,0.667,21,2379.0,0,1,0,0,0,12.0,3.0,0
A-df10db,2023-06-01,DevTools,US,other,0,0,0,0,0,0.0,0,0,0,0,0,0,0,0.0,0.0,10,2,6,0.333,3,0.375,31,4342.0,0,0,0,0,0,0.0,0.0,0
A-e1462e,2023-06-01,FinTech,UK,partner,81,1,2985,15,15,1.0,False,0,False,False,True,False,Enterprise,1.0,0.0,33,0,3,0.0,0,0.0,0,0.0,0,0,1,0,0,67.0,4.0,0
A-e1b9cd,2023-06-01,DevTools,US,event,95,3,7620,180,100,0.667,True,0,True,False,False,False,Pro,0.0,0.667,1,5,5,1.0,6,1.2,70,2942.833,1,0,0,0,0,0.0,0.0,0
A-e3bd71,2023-06-01,Cybersecurity,US,partner,68,1,6169,31,31,0.0,True,0,False,False,False,False,Enterprise,1.0,0.0,1,4,4,1.0,4,1.0,46,2927.0,1,0,0,0,0,0.0,0.0,0
A-e43bf7,2023-06-01,Cybersecurity,AU,other,69,1,8756,44,44,1.0,True,0,False,True,False,False,Enterprise,1.0,0.0,11,2,6,0.333,2,0.333,13,2801.5,1,0,0,0,0,0.0,0.0,1
A-e5d6ab,2023-06-01,EdTech,US,partner,47,1,95,5,5,0.0,False,0,False,False,False,False,Basic,0.0,0.0,1,1,6,0.167,1,0.167,6,3144.0,1,0,0,0,0,0.0,0.0,0
A-e693b6,2023-06-01,FinTech,AU,event,7,0,0,0,0,0.0,0,0,0,0,0,0,0,0.0,0.0,5,4,6,0.667,4,0.667,55,3583.6,0,0,0,0,0,0.0,0.0,0
A-e6afc1,2023-06-01,DevTools,US,ads,97,2,10443,57,51,0.5,False,0,False,False,False,False,Enterprise,0.5,0.5,18,3,5,0.6,3,0.6,35,3593.333,1,0,0,0,0,0.0,0.0,0
A-e888d1,2023-06-01,Cybersecurity,US,other,65,1,1026,54,54,0.0,False,0,False,False,False,False,Basic,0.0,0.0,18,2,2,1.0,2,1.0,22,1902.0,1,0,0,0,0,0.0,0.0,1
A-ed510f,2023-06-01,Cybersecurity,IN,partner,135,2,2058,84,42,0.5,True,1,False,False,False,False,Enterprise,0.5,0.5,6,3,5,0.6,2,0.4,34,5303.667,1,1,1,0,0,48.0,3.0,0
A-ee42db,2023-06-01,EdTech,DE,ads,37,1,637,13,13,1.0,False,0,False,False,False,False,Pro,0.0,1.0,18,4,5,0.8,4,0.8,47,2536.0,1,0,1,0,0,14.0,4.0,1
A-f17767,2023-06-01,DevTools,US,event,122,3,1918,22,14,0.333,False,0,False,False,False,True,Basic,0.333,0.333,1,3,10,0.3,2,0.2,29,1056.0,1,1,1,1,0,50.0,3.0,0
A-f19409,2023-06-01,DevTools,US,other,77,1,2156,44,44,0.0,False,0,False,False,False,True,Pro,0.0,1.0,18,3,3,1.0,3,1.0,33,2037.667,1,0,2,0,0,9.0,4.0,0
A-f19b24,2023-06-01,Cybersecurity,US,organic,142,0,0,0,0,0.0,0,0,0,0,0,0,0,0.0,0.0,12,1,0,0.0,1,0.0,9,4509.0,1,0,0,0,0,0.0,0.0,0
A-f44180,2023-06-01,Cybersecurity,UK,event,108,3,22288,112,89,0.0,False,0,False,False,False,False,Enterprise,1.0,0.0,26,1,3,0.333,1,0.333,10,5950.0,0,0,0,0,0,0.0,0.0,0
A-f446b6,2023-06-01,DevTools,DE,ads,20,1,570,30,30,0.0,False,0,False,False,False,False,Basic,0.0,0.0,9,2,1,2.0,2,1.0,13,2361.0,1,0,0,0,0,0.0,0.0,0
A-fdfc91,2023-06-01,Cybersecurity,US,ads,26,0,0,0,0,0.0,0,0,0,0,0,0,0,0.0,0.0,10,2,5,0.4,2,0.4,14,731.5,0,0,1,0,1,13.0,4.0,0
A-ff3c73,2023-06-01,HealthTech,AU,other,126,2,2283,87,66,0.5,True,0,False,False,False,False,Basic,0.0,0.5,7,2,4,0.5,2,0.5,17,775.0,1,0,2,0,1,35.5,3.0,0
A-019782,2023-07-01,DevTools,FR,event,73,1,833,17,17,0.0,False,0,False,True,False,False,Pro,0.0,1.0,2,4,3,1.333,4,1.333,30,1989.5,1,0,0,0,0,0.0,0.0,0
A-02fac6,2023-07-01,FinTech,US,event,86,0,0,0,0,0.0,0,0,0,0,0,0,0,0.0,0.0,20,1,4,0.25,1,0.25,13,442.0,0,0,0,0,0,0.0,4.0,0
A-05d3b3,2023-07-01,DevTools,AU,ads,34,0,0,0,0,0.0,0,0,0,0,0,0,0,0.0,0.0,16,1,3,0.333,1,0.333,8,2424.0,0,0,0,0,0,0.0,0.0,0
A-05f0e5,2023-07-01,FinTech,US,partner,58,2,8622,78,46,0.0,True,0,False,False,False,False,Enterprise,0.5,0.5,9,3,4,0.75,4,0.8,30,1787.75,1,0,0,0,0,0.0,4.0,0
A-068fc6,2023-07-01,EdTech,US,event,0,0,0,0,0,0.0,0,0,0,0,0,0,0,0.0,0.0,0,4,3,1.333,4,1.333,49,2976.8,1,0,2,0,1,35.5,5.0,0
A-089363,2023-07-01,FinTech,AU,event,56,1,98,2,2,0.0,False,0,False,True,False,False,Pro,0.0,1.0,10,3,4,0.75,3,0.75,27,3093.0,1,0,0,0,0,0.0,0.0,0
A-0dbdc6,2023-07-01,Cybersecurity,DE,other,139,1,0,30,30,0.0,False,1,False,False,False,False,Pro,0.0,1.0,6,2,4,0.5,2,0.5,14,2742.0,0,0,0,0,0,0.0,0.0,0
A-0f3e88,2023-07-01,HealthTech,US,other,0,0,0,0,0,0.0,0,0,0,0,0,0,0,0.0,0.0,10,2,5,0.4,2,0.4,20,3725.0,1,0,0,0,0,0.0,0.0,0
A-10b8da,2023-07-01,DevTools,US,partner,54,2,3649,31,17,0.5,True,0,False,False,False,True,Basic,0.5,0.0,51,0,1,0.0,0,0.0,0,0.0,0,0,1,0,0,33.0,3.0,0
A-10b8f2,2023-07-01,HealthTech,DE,organic,171,3,1862,145,51,0.333,True,1,False,False,False,False,Basic,0.0,0.0,21,2,4,0.5,2,0.5,23,5029.5,1,0,0,0,0,0.0,0.0,0
A-151c9a,2023-07-01,FinTech,US,ads,155,1,1127,23,23,0.0,False,0,False,False,True,False,Pro,0.0,1.0,56,0,2,0.0,0,0.0,0,0.0,0,0,0,0,0,0.0,0.0,0
A-158f4e,2023-07-01,FinTech,IN,other,120,2,2318,122,61,0.5,True,0,False,False,False,False,Basic,0.0,0.0,15,2,8,0.25,2,0.222,16,649.5,1,0,0,0,0,0.0,4.0,0
A-1986ca,2023-07-01,HealthTech,IN,ads,152,0,0,0,0,0.0,0,0,0,0,0,0,0,0.0,0.0,11,3,4,0.75,2,0.5,38,6162.0,0,1,2,0,1,16.0,4.0,0
A-19b2c8,2023-07-01,DevTools,IN,other,25,1,1617,33,33,0.0,False,0,False,False,False,False,Pro,0.0,1.0,8,2,4,0.5,2,0.5,17,2917.5,0,0,0,0,0,0.0,4.0,0
A-1b707d,2023-07-01,Cybersecurity,US,organic,0,0,0,0,0,0.0,0,0,0,0,0,0,0,0.0,0.0,2,2,1,2.0,2,2.0,27,2848.5,1,0,0,0,0,0.0,0.0,1
A-1e50e0,2023-07-01,Cybersecurity,DE,other,130,2,3781,38,19,0.5,False,1,False,False,False,False,Enterprise,1.0,0.0,85,0,1,0.0,0,0.0,0,0.0,0,0,0,0,0,0.0,0.0,0
A-271f46,2023-07-01,DevTools,US,event,142,2,1444,76,38,0.5,False,0,False,False,False,False,Basic,0.0,0.0,23,1,2,0.5,1,0.5,7,644.0,0,0,0,0,0,0.0,4.0,0
A-297a2d,2023-07-01,HealthTech,UK,event,57,0,0,0,0,0.0,0,0,0,0,0,0,0,0.0,0.0,5,1,1,1.0,1,1.0,7,357.0,0,0,0,0,0,0.0,3.0,0
A-2b9d3e,2023-07-01,EdTech,US,partner,27,0,0,0,0,0.0,0,0,0,0,0,0,0,0.0,0.0,29,1,5,0.2,1,0.25,7,917.0,0,0,0,0,0,0.0,0.0,0
A-2bc93d,2023-07-01,HealthTech,US,event,109,0,0,0,0,0.0,0,0,0,0,0,0,0,0.0,0.0,23,1,6,0.167,1,0.167,8,1752.0,0,0,1,0,1,17.0,4.0,0
A-2ebb4b,2023-07-01,HealthTech,US,ads,47,2,779,82,41,0.5,False,1,False,False,False,False,Basic,0.0,0.0,42,0,4,0.0,0,0.0,0,0.0,0,0,0,0,0,0.0,0.0,0
A-32728c,2023-07-01,DevTools,US,event,179,4,3320,80,20,0.5,False,0,False,False,False,False,Pro,0.0,0.75,2,3,1,3.0,3,3.0,24,1452.0,0,0,0,0,0,0.0,4.0,0
A-328bd0,2023-07-01,HealthTech,AU,partner,46,0,0,0,0,0.0,0,0,0,0,0,0,0,0.0,0.0,1,4,4,1.0,4,1.0,33,1534.75,1,0,0,0,0,0.0,0.0,0
A-32fb14,2023-07-01,DevTools,US,event,116,0,0,0,0,0.0,0,0,0,0,0,0,0,0.0,0.0,0,3,3,1.0,3,1.0,33,2370.333,0,0,0,0,0,0.0,4.0,0
A-337bc1,2023-07-01,Cybersecurity,US,organic,0,0,0,0,0,0.0,0,0,0,0,0,0,0,0.0,0.0,19,2,4,0.5,2,0.4,11,1724.5,0,0,0,0,0,0.0,0.0,0
A-35083d,2023-07-01,HealthTech,IN,partner,64,1,0,19,19,0.0,False,1,False,False,False,False,Enterprise,1.0,0.0,21,1,8,0.125,1,0.111,12,6336.0,0,0,0,0,0,0.0,0.0,0
A-3793ee,2023-07-01,Cybersecurity,CA,organic,102,0,0,0,0,0.0,0,0,0,0,0,0,0,0.0,0.0,2,2,5,0.4,2,0.4,18,620.0,1,0,0,0,0,0.0,0.0,0
A-39b19f,2023-07-01,FinTech,US,partner,148,2,1960,40,24,0.5,False,0,False,False,False,False,Pro,0.0,1.0,8,2,7,0.286,2,0.333,17,1146.0,1,0,1,0,0,59.0,3.0,0
A-3b37d9,2023-07-01,FinTech,US,event,155,1,4577,23,23,0.0,False,0,False,False,False,True,Enterprise,1.0,0.0,37,0,3,0.0,0,0.0,0,0.0,0,0,0,0,0,0.0,4.0,0
A-40de06,2023-07-01,Cybersecurity,US,event,54,2,6750,90,62,0.0,True,0,False,False,False,False,Basic,0.5,0.0,5,4,8,0.5,4,0.571,40,1310.5,1,0,0,0,0,0.0,4.0,0
A-417d2f,2023-07-01,Cybersecurity,IN,partner,0,0,0,0,0,0.0,0,0,0,0,0,0,0,0.0,0.0,14,2,5,0.4,2,0.4,27,2994.0,1,0,1,0,0,29.0,4.0,0
A-425e76,2023-07-01,DevTools,UK,other,45,2,2124,36,28,0.5,True,0,False,True,False,False,Basic,0.5,0.0,13,4,5,0.8,4,0.8,40,2859.0,0,0,0,0,0,0.0,4.0,0
A-432483,2023-07-01,Cybersecurity,US,ads,145,2,245,9,5,0.0,True,1,False,False,False,False,Basic,0.0,0.5,9,3,1,3.0,4,4.0,31,2101.75,1,0,0,0,0,0.0,0.0,0
A-484819,2023-07-01,HealthTech,US,organic,130,3,7506,54,18,0.333,False,0,False,True,False,False,Enterprise,0.667,0.0,44,0,4,0.0,0,0.0,0,0.0,0,0,0,0,0,0.0,5.0,0
A-49b828,2023-07-01,FinTech,IN,ads,57,2,465,15,9,1.0,False,0,False,False,False,False,Basic,0.0,0.5,3,2,7,0.286,2,0.286,20,1745.0,0,1,0,0,0,6.0,4.0,0
A-4a4c2d,2023-07-01,DevTools,US,event,60,0,0,0,0,0.0,0,0,0,0,0,0,0,0.0,0.0,16,3,5,0.6,3,0.6,32,2416.667,1,1,1,0,0,41.0,4.0,0
A-52dd88,2023-07-01,Cybersecurity,US,ads,130,1,1274,26,26,1.0,True,0,False,False,False,False,Pro,0.0,1.0,5,2,7,0.286,2,0.25,13,2299.0,1,0,0,0,0,0.0,0.0,0
A-54d94a,2023-07-01,Cybersecurity,IN,event,61,0,0,0,0,0.0,0,0,0,0,0,0,0,0.0,0.0,10,3,6,0.5,3,0.5,24,1166.333,0,0,0,0,0,0.0,0.0,0
A-54ecc2,2023-07-01,Cybersecurity,US,partner,20,0,0,0,0,0.0,0,0,0,0,0,0,0,0.0,0.0,22,1,7,0.143,1,0.125,8,1944.0,0,0,1,0,0,20.0,5.0,0
A-558c72,2023-07-01,FinTech,US,organic,30,1,784,16,16,1.0,False,0,False,False,False,False,Pro,0.0,1.0,26,1,2,0.5,1,0.5,11,5071.0,0,0,1,0,0,66.0,4.0,0
A-5a184f,2023-07-01,DevTools,DE,other,12,0,0,0,0,0.0,0,0,0,0,0,0,0,0.0,0.0,27,1,5,0.2,1,0.2,9,3141.0,0,1,0,0,0,4.0,5.0,1
A-67be94,2023-07-01,EdTech,US,organic,88,0,0,0,0,0.0,0,0,0,0,0,0,0,0.0,0.0,6,1,1,1.0,1,1.0,14,5348.0,1,0,0,0,0,0.0,5.0,0
A-68f37c,2023-07-01,HealthTech,US,ads,0,0,0,0,0,0.0,0,0,0,0,0,0,0,0.0,0.0,8,2,4,0.5,2,0.5,17,514.5,1,0,1,0,1,21.0,4.0,0
A-69fad4,2023-07-01,FinTech,UK,ads,86,0,0,0,0,0.0,0,0,0,0,0,0,0,0.0,0.0,15,3,3,1.0,3,1.0,34,2856.333,1,0,0,0,0,0.0,0.0,0
A-6a4e2d,2023-07-01,EdTech,UK,partner,85,1,0,56,56,0.0,True,1,False,False,False,False,Pro,0.0,1.0,20,2,3,0.667,2,0.667,22,2514.5,0,0,0,0,0,0.0,0.0,0
A-6c093d,2023-07-01,DevTools,US,partner,78,1,285,15,15,0.0,True,0,False,False,False,False,Basic,0.0,0.0,5,1,3,0.333,1,0.333,10,3260.0,0,0,0,0,0,0.0,4.0,0
A-6e08f3,2023-07-01,Cybersecurity,US,event,124,0,0,0,0,0.0,0,0,0,0,0,0,0,0.0,0.0,18,1,2,0.5,1,0.5,10,5710.0,1,0,1,0,1,26.0,3.0,0
A-6e7827,2023-07-01,DevTools,US,other,97,1,171,9,9,1.0,False,0,False,True,False,False,Basic,0.0,0.0,43,0,6,0.0,0,0.0,0,0.0,0,0,0,0,0,0.0,0.0,0
A-712533,2023-07-01,EdTech,US,organic,0,0,0,0,0,0.0,0,0,0,0,0,0,0,0.0,0.0,12,3,5,0.6,3,0.5,34,4908.0,1,0,0,0,0,0.0,0.0,0
A-726cfa,2023-07-01,DevTools,US,partner,0,0,0,0,0,0.0,0,0,0,0,0,0,0,0.0,0.0,7,6,9,0.667,5,0.556,50,2133.0,1,0,0,0,0,0.0,0.0,0
A-756192,2023-07-01,FinTech,IN,other,20,0,0,0,0,0.0,0,0,0,0,0,0,0,0.0,0.0,8,1,5,0.2,1,0.2,20,6560.0,0,0,1,0,1,59.0,5.0,0
A-7641d3,2023-07-01,EdTech,US,partner,135,2,1744,16,8,1.0,False,0,False,False,False,False,Basic,0.5,0.0,13,3,7,0.429,2,0.25,25,3424.0,1,0,0,0,0,0.0,5.0,0
A-779e4e,2023-07-01,HealthTech,US,organic,180,4,5713,67,21,0.25,False,0,False,False,False,False,Pro,0.25,0.5,6,1,4,0.25,1,0.25,7,56.0,0,0,0,0,0,0.0,3.0,0
A-7c4956,2023-07-01,DevTools,US,ads,56,2,612,18,9,0.5,True,0,False,False,False,False,Basic,0.0,0.5,2,4,2,2.0,4,2.0,39,903.75,1,0,0,0,0,0.0,0.0,0
A-7df7a7,2023-07-01,DevTools,US,organic,154,4,9298,166,85,0.75,True,2,False,False,False,False,Pro,0.25,0.5,3,7,3,2.333,6,1.5,64,1544.714,1,0,1,0,0,50.0,5.0,0
A-7f4db3,2023-07-01,FinTech,US,other,118,3,1788,51,39,0.667,True,1,False,False,False,False,Basic,0.333,0.333,5,9,8,1.125,9,0.9,69,2704.667,1,0,1,0,0,19.0,3.0,0
A-7f8241,2023-07-01,EdTech,US,organic,109,3,8058,102,34,0.333,True,0,False,True,False,False,Basic,0.333,0.0,41,0,8,0.0,0,0.0,0,0.0,0,0,0,0,0,0.0,0.0,0
A-80eeb6,2023-07-01,Cybersecurity,UK,organic,53,0,0,0,0,0.0,0,0,0,0,0,0,0,0.0,0.0,3,5,6,0.833,5,0.833,56,3076.0,1,0,1,1,1,50.0,3.0,0
A-8145a0,2023-07-01,Cybersecurity,AU,partner,67,0,0,0,0,0.0,0,0,0,0,0,0,0,0.0,0.0,14,2,2,1.0,2,1.0,25,4127.5,0,0,0,0,0,0.0,5.0,1
A-84ebe4,2023-07-01,FinTech,US,ads,111,2,3924,36,18,0.0,False,0,False,False,False,False,Basic,0.5,0.0,27,1,2,0.5,1,0.5,15,2610.0,0,0,0,0,0,0.0,0.0,0
A-86902e,2023-07-01,HealthTech,IN,other,60,0,0,0,0,0.0,0,0,0,0,0,0,0,0.0,0.0,7,1,7,0.143,1,0.167,9,3636.0,0,0,2,0,0,50.5,4.0,0
A-8ed5dd,2023-07-01,EdTech,UK,event,2,0,0,0,0,0.0,0,0,0,0,0,0,0,0.0,0.0,12,2,6,0.333,2,0.333,22,3797.0,1,1,1,0,1,34.5,5.0,0
A-9123ac,2023-07-01,Cybersecurity,DE,organic,11,0,0,0,0,0.0,0,0,0,0,0,0,0,0.0,0.0,3,4,3,1.333,4,1.0,41,3714.75,1,0,1,0,0,40.0,4.0,0
A-91e948,2023-07-01,EdTech,AU,partner,153,0,0,0,0,0.0,0,0,0,0,0,0,0,0.0,0.0,13,2,2,1.0,2,1.0,16,3901.5,0,0,0,0,0,0.0,0.0,0
A-9208f0,2023-07-01,EdTech,US,organic,51,1,2786,14,14,0.0,False,0,False,False,False,False,Enterprise,1.0,0.0,25,1,2,0.5,1,0.5,7,3136.0,0,1,0,0,0,70.0,4.0,0
A-9289f6,2023-07-01,EdTech,US,event,31,0,0,0,0,0.0,0,0,0,0,0,0,0,0.0,0.0,4,4,7,0.571,4,0.667,40,3266.0,0,2,0,0,0,42.5,5.0,0
A-92a333,2023-07-01,FinTech,US,event,99,0,0,0,0,0.0,0,0,0,0,0,0,0,0.0,0.0,35,0,3,0.0,0,0.0,0,0.0,0,1,1,0,0,14.5,4.0,0
A-94d3da,2023-07-01,HealthTech,US,other,59,3,12177,123,41,0.333,True,0,False,True,False,False,Pro,0.333,0.667,2,4,5,0.8,4,0.8,34,2953.5,1,0,0,0,0,0.0,3.0,0
A-95b24a,2023-07-01,FinTech,US,event,25,0,0,0,0,0.0,0,0,0,0,0,0,0,0.0,0.0,1,6,9,0.667,6,0.75,58,2036.5,1,0,0,0,0,0.0,0.0,0
A-977ca0,2023-07-01,HealthTech,IN,partner,131,5,7029,147,92,0.6,True,1,False,False,False,False,Pro,0.2,0.6,3,3,4,0.75,3,0.75,31,1795.333,1,1,0,0,0,72.0,4.0,0
A-993085,2023-07-01,HealthTech,US,ads,30,0,0,0,0,0.0,0,0,0,0,0,0,0,0.0,0.0,1,3,4,0.75,3,0.75,26,3517.667,1,0,0,0,0,0.0,0.0,0
A-9affe6,2023-07-01,Cybersecurity,US,other,101,2,1526,14,7,1.0,False,0,False,False,False,False,Basic,0.5,0.0,14,2,5,0.4,2,0.4,23,2999.5,0,0,0,0,0,0.0,0.0,0
A-9c18c4,2023-07-01,HealthTech,US,ads,0,0,0,0,0,0.0,0,0,0,0,0,0,0,0.0,0.0,4,5,7,0.714,4,0.571,55,5276.0,1,0,0,0,0,0.0,4.0,0
A-9ee962,2023-07-01,HealthTech,US,ads,123,1,441,9,9,0.0,False,0,False,True,False,False,Pro,0.0,1.0,8,3,2,1.5,3,1.5,40,3316.0,0,0,1,0,0,8.0,4.0,0
A-a1bbb6,2023-07-01,DevTools,CA,organic,87,3,9785,65,28,0.333,True,0,False,False,False,False,Enterprise,0.667,0.333,2,4,3,1.333,3,1.0,32,3195.5,1,0,0,0,0,0.0,0.0,0
A-a7bd4b,2023-07-01,Cybersecurity,US,ads,136,2,392,13,8,0.0,False,1,False,False,False,False,Pro,0.0,1.0,24,1,5,0.2,1,0.2,15,6420.0,1,0,1,0,0,36.0,4.0,0
A-ad3abd,2023-07-01,FinTech,US,event,120,3,11748,132,44,0.333,True,0,False,False,False,False,Basic,0.333,0.333,1,3,2,1.5,3,1.5,29,2658.667,1,0,0,0,0,0.0,0.0,1
A-af0cd2,2023-07-01,Cybersecurity,IN,other,179,3,2793,57,19,0.333,True,0,False,False,False,False,Pro,0.0,1.0,3,3,4,0.75,3,0.6,17,659.333,1,0,0,0,0,0.0,0.0,0
A-b11cd0,2023-07-01,DevTools,US,ads,162,2,494,52,26,1.0,False,1,False,False,False,False,Basic,0.0,0.0,9,2,2,1.0,2,1.0,14,1449.0,0,0,1,0,0,36.0,5.0,0
A-b7724f,2023-07-01,HealthTech,UK,organic,95,1,627,33,33,1.0,False,0,False,False,False,False,Basic,0.0,0.0,20,1,3,0.333,1,0.333,12,4104.0,0,0,0,0,0,0.0,0.0,0
A-b9f5b1,2023-07-01,Cybersecurity,US,other,158,1,0,42,42,1.0,False,1,False,False,False,False,Enterprise,1.0,0.0,4,2,5,0.4,2,0.4,19,2740.5,1,0,0,0,0,0.0,4.0,1
A-bad8c1,2023-07-01,FinTech,AU,organic,122,1,2646,54,54,1.0,False,0,False,False,False,False,Pro,0.0,1.0,1,3,4,0.75,3,0.75,35,4390.667,0,0,0,0,0,0.0,0.0,0
A-bb2f49,2023-07-01,Cybersecurity,US,other,34,1,3332,68,68,1.0,False,0,True,False,False,False,Pro,0.0,1.0,10,3,5,0.6,3,0.6,27,2600.667,0,0,0,0,0,0.0,4.0,0
A-bbe56f,2023-07-01,HealthTech,US,ads,135,0,0,0,0,0.0,0,0,0,0,0,0,0,0.0,0.0,27,1,2,0.5,1,0.5,13,3445.0,0,0,0,0,0,0.0,0.0,0
A-bcf664,2023-07-01,DevTools,US,other,43,1,1121,59,59,1.0,False,0,False,False,False,False,Basic,0.0,0.0,17,2,7,0.286,2,0.286,20,3210.0,0,0,1,0,1,12.0,4.0,0
A-c4ea60,2023-07-01,FinTech,DE,other,114,2,1254,66,48,0.5,True,0,False,False,True,False,Basic,0.0,0.0,4,1,3,0.333,1,0.333,7,658.0,0,0,0,0,0,0.0,3.0,0
A-c608c8,2023-07-01,DevTools,DE,ads,65,1,597,3,3,0.0,False,0,True,False,False,False,Enterprise,1.0,0.0,12,2,1,2.0,2,2.0,20,3425.0,1,0,0,0,0,0.0,0.0,0
A-c62e55,2023-07-01,EdTech,US,partner,143,0,0,0,0,0.0,0,0,0,0,0,0,0,0.0,0.0,2,3,2,1.5,3,1.5,28,1555.333,0,0,0,0,0,0.0,3.0,0
A-c7e58b,2023-07-01,HealthTech,IN,other,6,0,0,0,0,0.0,0,0,0,0,0,0,0,0.0,0.0,8,1,4,0.25,1,0.25,12,204.0,1,0,0,0,0,0.0,0.0,0
A-c7ffc2,2023-07-01,Cybersecurity,US,partner,155,1,6468,132,132,1.0,False,0,False,False,False,False,Pro,0.0,1.0,36,0,5,0.0,0,0.0,0,0.0,0,0,0,0,0,0.0,0.0,0
A-cab532,2023-07-01,DevTools,FR,organic,89,2,7164,36,25,1.0,True,0,False,False,False,False,Enterprise,1.0,0.0,3,3,8,0.375,3,0.333,23,2150.333,1,0,0,0,0,0.0,0.0,0
A-cb6cc6,2023-07-01,DevTools,US,ads,89,1,0,13,13,0.0,False,1,False,False,False,False,Enterprise,1.0,0.0,76,0,2,0.0,0,0.0,0,0.0,0,0,0,0,0,0.0,0.0,0
A-cbbe12,2023-07-01,Cybersecurity,DE,partner,101,0,0,0,0,0.0,0,0,0,0,0,0,0,0.0,0.0,46,0,3,0.0,0,0.0,0,0.0,0,1,0,0,0,68.0,5.0,0
A-cc98bc,2023-07-01,DevTools,US,ads,38,3,9161,121,57,0.333,False,1,False,False,False,False,Enterprise,0.667,0.333,8,2,6,0.333,2,0.286,19,4646.0,0,1,0,0,1,3.0,4.0,0
A-d5a319,2023-07-01,FinTech,US,other,58,1,0,15,15,0.0,False,1,False,False,False,False,Pro,0.0,1.0,25,2,7,0.286,2,0.286,28,7188.0,1,0,0,0,0,0.0,0.0,0
A-d792a6,2023-07-01,DevTools,US,organic,159,6,6068,77,37,0.667,True,2,False,False,False,False,Enterprise,0.5,0.333,15,5,3,1.667,5,1.667,48,3095.8,1,0,0,0,0,0.0,4.0,0
A-dcc2f0,2023-07-01,FinTech,UK,organic,0,0,0,0,0,0.0,0,0,0,0,0,0,0,0.0,0.0,9,1,5,0.2,1,0.2,7,490.0,0,0,0,0,0,0.0,0.0,0
A-de58ca,2023-07-01,HealthTech,DE,organic,79,2,735,95,80,0.0,True,1,False,False,False,False,Enterprise,0.5,0.5,7,2,2,1.0,2,1.0,18,3441.0,1,0,1,0,0,12.0,3.0,0
A-df10db,2023-07-01,DevTools,US,other,25,0,0,0,0,0.0,0,0,0,0,0,0,0,0.0,0.0,7,2,6,0.333,2,0.25,27,993.5,0,0,0,0,0,0.0,0.0,0
A-e1462e,2023-07-01,FinTech,UK,partner,111,1,2985,15,15,1.0,False,0,False,False,True,False,Enterprise,1.0,0.0,24,1,1,1.0,1,1.0,12,4584.0,1,0,1,0,0,67.0,4.0,0
A-e19ff6,2023-07-01,Cybersecurity,UK,partner,0,0,0,0,0,0.0,0,0,0,0,0,0,0,0.0,0.0,23,1,3,0.333,1,0.333,7,2905.0,1,0,1,0,0,51.0,4.0,0
A-e1b9cd,2023-07-01,DevTools,US,event,125,3,7620,180,100,0.667,True,0,False,False,True,False,Pro,0.0,0.667,0,3,8,0.375,3,0.3,28,4472.667,0,1,0,0,0,35.0,3.0,0
A-e3bd71,2023-07-01,Cybersecurity,US,partner,98,1,6169,31,31,0.0,True,0,False,False,False,False,Enterprise,1.0,0.0,1,3,5,0.6,3,0.6,44,3421.667,0,1,0,0,1,19.0,4.0,0
A-e43bf7,2023-07-01,Cybersecurity,AU,other,99,1,8756,44,44,1.0,True,0,False,False,False,True,Enterprise,1.0,0.0,18,2,6,0.333,2,0.333,12,2055.0,1,0,0,0,0,0.0,0.0,0
A-e5d6ab,2023-07-01,EdTech,US,partner,77,1,95,5,5,0.0,False,0,False,False,False,False,Basic,0.0,0.0,31,0,4,0.0,0,0.0,0,0.0,0,0,0,0,0,0.0,0.0,0
A-e693b6,2023-07-01,FinTech,AU,event,37,0,0,0,0,0.0,0,0,0,0,0,0,0,0.0,0.0,4,2,7,0.286,2,0.25,26,5960.0,1,0,0,0,0,0.0,0.0,0
A-e6afc1,2023-07-01,DevTools,US,ads,127,3,11412,108,51,0.667,True,0,False,False,False,False,Basic,0.333,0.333,0,1,7,0.143,1,0.143,16,2416.0,1,0,0,0,0,0.0,0.0,0
A-e888d1,2023-07-01,Cybersecurity,US,other,95,1,1026,54,54,0.0,False,0,False,False,False,False,Basic,0.0,0.0,4,2,3,0.667,2,0.667,22,5966.5,1,0,0,0,0,0.0,0.0,0
A-eafc6e,2023-07-01,DevTools,US,partner,0,0,0,0,0,0.0,0,0,0,0,0,0,0,0.0,0.0,17,1,3,0.333,1,0.333,12,1836.0,1,0,0,0,0,0.0,0.0,1
A-ed510f,2023-07-01,Cybersecurity,IN,partner,165,2,2058,84,42,0.5,True,1,False,False,False,False,Enterprise,0.5,0.5,24,1,6,0.167,1,0.2,6,2790.0,0,1,1,0,0,41.5,3.0,0
A-ee42db,2023-07-01,EdTech,DE,ads,67,2,637,26,13,1.0,False,1,True,False,False,False,Pro,0.0,1.0,26,1,7,0.143,1,0.143,8,4256.0,1,0,0,0,0,0.0,4.0,0
A-f17767,2023-07-01,DevTools,US,event,152,3,1918,22,14,0.333,False,0,False,False,False,False,Basic,0.333,0.333,17,2,9,0.222,2,0.25,23,3613.0,1,0,1,0,0,39.0,3.0,0
A-f19409,2023-07-01,DevTools,US,other,107,1,2156,44,44,0.0,False,0,False,False,False,True,Pro,0.0,1.0,6,5,4,1.25,5,1.25,52,4125.8,1,0,1,0,0,13.0,4.0,0
A-f1f639,2023-07-01,EdTech,US,ads,125,0,0,0,0,0.0,0,0,0,0,0,0,0,0.0,0.0,1,1,1,1.0,1,1.0,6,846.0,1,0,0,0,0,0.0,0.0,0
A-f44180,2023-07-01,Cybersecurity,UK,event,138,3,22288,112,89,0.0,False,0,False,False,False,False,Enterprise,1.0,0.0,6,2,2,1.0,2,1.0,22,4542.0,1,0,0,0,0,0.0,0.0,0
A-f446b6,2023-07-01,DevTools,DE,ads,50,1,570,30,30,0.0,False,0,False,False,False,False,Basic,0.0,0.0,39,0,3,0.0,0,0.0,0,0.0,0,1,0,0,1,51.0,4.0,0
A-f97b9a,2023-07-01,FinTech,US,event,0,0,0,0,0,0.0,0,0,0,0,0,0,0,0.0,0.0,31,0,3,0.0,0,0.0,0,0.0,0,1,1,0,1,30.5,3.0,0
A-fdfc91,2023-07-01,Cybersecurity,US,ads,56,0,0,0,0,0.0,0,0,0,0,0,0,0,0.0,0.0,28,1,4,0.25,1,0.25,11,2035.0,0,1,1,0,1,12.0,4.0,0
A-ff3c73,2023-07-01,HealthTech,AU,other,156,3,2682,108,66,0.333,True,0,False,False,False,False,Basic,0.0,0.333,4,1,4,0.25,1,0.25,7,2051.0,0,0,0,0,0,0.0,3.0,0
A-019782,2023-08-01,DevTools,FR,event,104,1,833,17,17,0.0,False,0,False,False,False,True,Pro,0.0,1.0,7,4,5,0.8,4,0.8,47,2288.5,1,0,0,0,0,0.0,0.0,0
A-02fac6,2023-08-01,FinTech,US,event,117,0,0,0,0,0.0,0,0,0,0,0,0,0,0.0,0.0,21,1,4,0.25,1,0.25,10,5970.0,1,0,0,0,0,0.0,4.0,0
A-05d3b3,2023-08-01,DevTools,AU,ads,65,1,171,9,9,0.0,False,0,False,False,False,False,Basic,0.0,0.0,16,3,2,1.5,3,1.5,29,3139.333,0,0,0,0,0,0.0,0.0,0
A-05f0e5,2023-08-01,FinTech,US,partner,89,2,8622,78,46,0.0,True,0,False,False,False,False,Enterprise,0.5,0.5,16,1,5,0.2,1,0.167,8,232.0,0,0,0,0,0,0.0,4.0,0
A-068fc6,2023-08-01,EdTech,US,event,15,0,0,0,0,0.0,0,0,0,0,0,0,0,0.0,0.0,2,4,5,0.8,4,0.8,41,2736.0,1,0,0,0,0,0.0,5.0,0
A-075038,2023-08-01,HealthTech,UK,ads,81,1,5047,103,103,0.0,False,0,False,False,False,False,Pro,0.0,1.0,26,1,1,1.0,1,1.0,9,2835.0,0,0,0,0,0,0.0,3.0,0
A-089363,2023-08-01,FinTech,AU,event,87,1,98,2,2,0.0,False,0,False,False,False,True,Pro,0.0,1.0,7,2,3,0.667,2,0.5,12,570.0,1,0,0,0,0,0.0,0.0,0
A-0dbdc6,2023-08-01,Cybersecurity,DE,other,170,1,0,30,30,0.0,False,1,False,False,False,False,Pro,0.0,1.0,8,3,4,0.75,3,0.75,31,3235.0,1,0,0,0,0,0.0,0.0,0
A-0f3e88,2023-08-01,HealthTech,US,other,9,0,0,0,0,0.0,0,0,0,0,0,0,0,0.0,0.0,10,1,3,0.333,1,0.333,10,3340.0,1,0,0,0,0,0.0,0.0,0
A-10b8da,2023-08-01,DevTools,US,partner,85,2,3649,31,17,0.5,True,0,False,False,False,True,Basic,0.5,0.0,4,4,1,4.0,4,4.0,47,2578.0,1,0,0,0,0,0.0,3.0,0
A-10b8f2,2023-08-01,HealthTech,DE,organic,202,3,1862,145,51,0.333,True,1,False,False,False,False,Basic,0.0,0.0,15,1,5,0.2,1,0.2,7,882.0,0,0,0,0,0,0.0,0.0,0
A-151c9a,2023-08-01,FinTech,US,ads,186,2,2548,52,29,0.5,False,0,False,False,True,False,Pro,0.0,1.0,21,1,1,1.0,1,1.0,12,2604.0,0,0,0,0,0,0.0,0.0,0
A-158f4e,2023-08-01,FinTech,IN,other,151,2,2318,122,61,0.5,True,0,False,False,False,False,Basic,0.0,0.0,21,1,5,0.2,1,0.167,15,465.0,1,0,0,0,0,0.0,4.0,0
A-180abf,2023-08-01,DevTools,US,event,0,0,0,0,0,0.0,0,0,0,0,0,0,0,0.0,0.0,1,4,5,0.8,4,0.8,44,1763.0,1,0,0,0,0,0.0,0.0,0
A-186a44,2023-08-01,HealthTech,US,ads,0,0,0,0,0,0.0,0,0,0,0,0,0,0,0.0,0.0,7,3,1,3.0,3,3.0,34,2905.333,1,0,0,0,0,0.0,3.0,0
A-1986ca,2023-08-01,HealthTech,IN,ads,183,1,3980,20,20,0.0,True,0,False,False,False,False,Enterprise,1.0,0.0,18,2,5,0.4,2,0.5,13,1378.0,1,0,1,0,1,15.0,4.0,0
A-19b2c8,2023-08-01,DevTools,IN,other,56,4,3395,95,33,0.5,True,0,False,False,False,False,Basic,0.0,0.5,5,4,5,0.8,4,0.8,34,2933.25,1,0,0,0,0,0.0,4.0,0
A-1b707d,2023-08-01,Cybersecurity,US,organic,18,0,0,0,0,0.0,0,0,0,0,0,0,0,0.0,0.0,23,2,2,1.0,2,0.667,22,5608.5,0,0,0,0,0,0.0,0.0,0
A-1e50e0,2023-08-01,Cybersecurity,DE,other,161,2,3781,38,19,0.5,False,1,False,False,False,False,Enterprise,1.0,0.0,29,1,0,0.0,1,0.0,9,1584.0,1,0,0,0,0,0.0,0.0,0
A-1f0ac7,2023-08-01,HealthTech,UK,other,0,0,0,0,0,0.0,0,0,0,0,0,0,0,0.0,0.0,12,1,4,0.25,1,0.25,10,4330.0,0,0,0,0,0,0.0,4.0,0
A-1f7acb,2023-08-01,FinTech,UK,ads,0,0,0,0,0,0.0,0,0,0,0,0,0,0,0.0,0.0,5,3,2,1.5,3,1.5,31,3688.0,1,0,0,0,0,0.0,3.0,0
A-271f46,2023-08-01,DevTools,US,event,173,2,1444,76,38,0.5,False,0,False,False,False,False,Basic,0.0,0.0,7,2,2,1.0,2,1.0,22,5547.0,0,0,0,0,0,0.0,4.0,0
A-2b9d3e,2023-08-01,EdTech,US,partner,58,0,0,0,0,0.0,0,0,0,0,0,0,0,0.0,0.0,15,1,4,0.25,1,0.333,10,1470.0,0,0,0,0,0,0.0,0.0,0
A-2bc93d,2023-08-01,HealthTech,US,event,140,2,3166,34,20,0.5,False,0,False,True,False,False,Basic,0.5,0.0,5,3,5,0.6,3,0.6,34,2122.667,1,0,1,0,1,17.0,4.0,1
A-2e3bad,2023-08-01,FinTech,CA,other,0,0,0,0,0,0.0,0,0,0,0,0,0,0,0.0,0.0,1,2,3,0.667,2,0.667,28,1696.0,0,0,1,0,0,71.0,4.0,0
A-2ebb4b,2023-08-01,HealthTech,US,ads,78,2,779,82,41,0.5,False,1,False,False,False,False,Basic,0.0,0.0,27,1,1,1.0,1,1.0,11,495.0,1,1,0,0,0,51.0,3.0,1
A-32728c,2023-08-01,DevTools,US,event,210,4,3320,80,20,0.5,False,0,False,False,False,False,Pro,0.0,0.75,18,1,3,0.333,1,0.333,11,1408.0,1,0,0,0,0,0.0,4.0,0
A-328bd0,2023-08-01,HealthTech,AU,partner,77,0,0,0,0,0.0,0,0,0,0,0,0,0,0.0,0.0,6,4,4,1.0,4,0.8,48,3508.5,1,0,0,0,0,0.0,0.0,0
A-32fb14,2023-08-01,DevTools,US,event,147,1,0,26,26,0.0,False,1,False,False,False,False,Basic,0.0,0.0,2,2,6,0.333,2,0.333,31,2968.5,0,0,0,0,0,0.0,4.0,1
A-337bc1,2023-08-01,Cybersecurity,US,organic,13,0,0,0,0,0.0,0,0,0,0,0,0,0,0.0,0.0,6,2,5,0.4,2,0.4,23,5747.5,1,0,0,0,0,0.0,0.0,0
A-35083d,2023-08-01,HealthTech,IN,partner,95,1,0,19,19,0.0,False,1,False,False,False,False,Enterprise,1.0,0.0,4,4,4,1.0,5,1.25,57,3565.2,1,0,0,0,0,0.0,0.0,0
A-3793ee,2023-08-01,Cybersecurity,CA,organic,133,0,0,0,0,0.0,0,0,0,0,0,0,0,0.0,0.0,13,2,4,0.5,2,0.5,18,729.0,0,0,0,0,0,0.0,0.0,0
A-39b19f,2023-08-01,FinTech,US,partner,179,4,5635,115,55,0.5,False,0,False,False,False,False,Pro,0.0,1.0,2,2,4,0.5,2,0.5,11,1011.0,0,0,0,0,0,0.0,3.0,0
A-3b37d9,2023-08-01,FinTech,US,event,186,2,5704,46,23,0.0,False,0,False,False,False,False,Enterprise,0.5,0.5,7,2,2,1.0,2,1.0,22,3829.0,0,0,0,0,0,0.0,4.0,0
A-3c1a3f,2023-08-01,DevTools,UK,event,0,0,0,0,0,0.0,0,0,0,0,0,0,0,0.0,0.0,9,3,2,1.5,4,2.0,55,5742.0,0,0,0,0,0,0.0,0.0,0
A-40de06,2023-08-01,Cybersecurity,US,event,85,2,6750,90,62,0.0,True,0,False,False,False,False,Basic,0.5,0.0,9,7,8,0.875,7,0.875,72,2093.0,0,0,0,0,0,0.0,4.0,0
A-417d2f,2023-08-01,Cybersecurity,IN,partner,28,2,10244,56,51,0.0,False,0,False,False,False,False,Basic,0.5,0.0,2,6,5,1.2,6,1.2,66,3276.333,0,0,0,0,0,0.0,4.0,0
A-425e76,2023-08-01,DevTools,UK,other,76,3,2516,44,28,0.333,True,0,False,False,False,True,Basic,0.333,0.333,44,0,4,0.0,0,0.0,0,0.0,0,0,0,0,0,0.0,4.0,1
A-432483,2023-08-01,Cybersecurity,US,ads,176,2,245,9,5,0.0,True,1,False,False,False,False,Basic,0.0,0.5,40,0,3,0.0,0,0.0,0,0.0,0,0,0,0,0,0.0,0.0,0
A-43a9e3,2023-08-01,FinTech,IN,other,0,0,0,0,0,0.0,0,0,0,0,0,0,0,0.0,0.0,15,1,4,0.25,1,0.25,14,3458.0,0,0,0,0,0,0.0,4.0,0
A-45ce7a,2023-08-01,FinTech,US,ads,9,0,0,0,0,0.0,0,0,0,0,0,0,0,0.0,0.0,20,2,0,0.0,2,0.0,28,3815.0,1,0,0,0,0,0.0,4.0,0
A-484819,2023-08-01,HealthTech,US,organic,161,3,7506,54,18,0.333,False,0,False,False,False,True,Enterprise,0.667,0.0,75,0,2,0.0,0,0.0,0,0.0,0,0,0,0,0,0.0,5.0,0
A-49b828,2023-08-01,FinTech,IN,ads,88,2,465,15,9,1.0,False,0,False,False,False,False,Basic,0.0,0.5,17,2,4,0.5,2,0.4,13,1872.5,0,0,1,0,0,6.0,4.0,0
A-4a4c2d,2023-08-01,DevTools,US,event,91,3,3078,162,54,0.667,False,0,False,False,False,False,Basic,0.0,0.0,8,4,6,0.667,4,0.667,31,2791.5,1,0,1,0,0,31.0,4.0,0
A-52dd88,2023-08-01,Cybersecurity,US,ads,161,1,1274,26,26,1.0,True,0,False,False,False,False,Pro,0.0,1.0,0,1,7,0.143,1,0.125,12,6684.0,0,0,0,0,0,0.0,0.0,0
A-54d94a,2023-08-01,Cybersecurity,IN,event,92,0,0,0,0,0.0,0,0,0,0,0,0,0,0.0,0.0,9,3,5,0.6,3,0.6,38,4640.333,1,0,0,0,0,0.0,0.0,0
A-54ecc2,2023-08-01,Cybersecurity,US,partner,51,0,0,0,0,0.0,0,0,0,0,0,0,0,0.0,0.0,2,2,2,1.0,2,1.0,30,5310.0,1,2,1,0,0,41.0,5.0,0
A-558c72,2023-08-01,FinTech,US,organic,61,1,784,16,16,1.0,False,0,False,False,False,False,Pro,0.0,1.0,10,2,3,0.667,2,0.667,22,1953.0,1,0,1,0,0,66.0,4.0,0
A-5a3eb9,2023-08-01,DevTools,CA,other,0,0,0,0,0,0.0,0,0,0,0,0,0,0,0.0,0.0,4,3,8,0.375,3,0.429,39,2188.333,1,1,0,0,1,27.0,4.0,0
A-67be94,2023-08-01,EdTech,US,organic,119,0,0,0,0,0.0,0,0,0,0,0,0,0,0.0,0.0,4,6,1,6.0,5,5.0,62,3163.667,1,1,0,0,1,33.0,5.0,0
A-68f37c,2023-08-01,HealthTech,US,ads,17,1,24079,121,121,0.0,False,0,False,False,False,False,Enterprise,1.0,0.0,9,4,3,1.333,4,1.333,43,3267.75,1,0,1,0,1,21.0,4.0,0
A-69fad4,2023-08-01,FinTech,UK,ads,117,1,285,15,15,1.0,False,0,False,False,False,False,Basic,0.0,0.0,2,4,3,1.333,4,1.333,49,3877.25,1,1,0,0,0,54.0,4.0,0
A-6a4e2d,2023-08-01,EdTech,UK,partner,116,3,2817,119,56,0.0,True,1,False,False,False,False,Basic,0.333,0.333,1,4,4,1.0,4,1.0,41,2480.5,1,0,0,0,0,0.0,0.0,0
A-6c093d,2023-08-01,DevTools,US,partner,109,1,285,15,15,0.0,True,0,False,False,False,False,Basic,0.0,0.0,0,2,3,0.667,3,1.0,43,5293.0,1,0,0,0,0,0.0,4.0,0
A-6dee43,2023-08-01,FinTech,UK,other,0,0,0,0,0,0.0,0,0,0,0,0,0,0,0.0,0.0,4,3,5,0.6,3,0.6,38,3151.333,0,0,0,0,0,0.0,5.0,0
A-6e08f3,2023-08-01,Cybersecurity,US,event,155,1,0,24,24,1.0,False,1,False,False,False,False,Enterprise,1.0,0.0,10,1,1,1.0,1,1.0,7,1400.0,1,0,0,0,0,0.0,3.0,0
A-6e7827,2023-08-01,DevTools,US,other,128,1,171,9,9,1.0,False,0,False,False,False,True,Basic,0.0,0.0,4,3,2,1.5,3,1.5,30,3974.0,1,0,0,0,0,0.0,0.0,0
A-712533,2023-08-01,EdTech,US,organic,1,0,0,0,0,0.0,0,0,0,0,0,0,0,0.0,0.0,30,1,6,0.167,1,0.167,11,5940.0,0,1,0,0,0,9.0,3.0,0
A-726cfa,2023-08-01,DevTools,US,partner,31,1,980,20,20,0.0,False,0,False,False,False,False,Pro,0.0,1.0,2,8,10,0.8,6,0.667,77,2756.25,1,0,0,0,0,0.0,0.0,0
A-756192,2023-08-01,FinTech,IN,other,51,0,0,0,0,0.0,0,0,0,0,0,0,0,0.0,0.0,12,3,2,1.5,3,1.5,31,3516.667,1,0,0,0,0,0.0,5.0,0
A-7641d3,2023-08-01,EdTech,US,partner,166,2,1744,16,8,1.0,False,0,False,False,False,False,Basic,0.5,0.0,8,1,5,0.2,1,0.25,8,1568.0,0,0,0,0,0,0.0,5.0,0
A-779e4e,2023-08-01,HealthTech,US,organic,211,5,17255,125,58,0.4,False,0,False,False,False,False,Enterprise,0.4,0.4,13,4,2,2.0,3,1.5,37,3510.0,1,2,0,0,1,18.5,5.0,0
A-794a0b,2023-08-01,HealthTech,DE,organic,60,0,0,0,0,0.0,0,0,0,0,0,0,0,0.0,0.0,18,1,1,1.0,1,1.0,8,392.0,0,0,0,0,0,0.0,0.0,0
A-7c4956,2023-08-01,DevTools,US,ads,87,3,707,23,9,0.667,True,0,False,False,False,False,Basic,0.0,0.333,27,2,4,0.5,2,0.4,25,3541.5,1,0,0,0,0,0.0,0.0,0
A-7df7a7,2023-08-01,DevTools,US,organic,185,4,9298,166,85,0.75,True,2,False,False,False,False,Pro,0.25,0.5,2,5,8,0.625,5,0.556,58,3882.2,0,1,0,0,1,8.0,4.0,0
A-7f4db3,2023-08-01,FinTech,US,other,149,5,2621,68,39,0.6,True,1,False,False,False,False,Pro,0.2,0.6,22,1,13,0.077,1,0.067,9,333.0,0,0,1,0,0,19.0,3.0,0
A-7f6b86,2023-08-01,HealthTech,US,partner,0,0,0,0,0,0.0,0,0,0,0,0,0,0,0.0,0.0,3,1,4,0.25,1,0.25,9,2592.0,0,1,1,0,0,40.0,3.0,0
A-7f8241,2023-08-01,EdTech,US,organic,140,4,9724,136,34,0.5,True,0,False,False,False,True,Basic,0.25,0.25,12,5,3,1.667,5,1.667,54,4403.4,1,0,0,0,0,0.0,0.0,0
A-80eeb6,2023-08-01,Cybersecurity,UK,organic,84,1,646,34,34,1.0,False,0,False,False,False,False,Basic,0.0,0.0,17,3,8,0.375,3,0.333,27,3769.667,0,1,1,1,1,45.5,5.0,0
A-8145a0,2023-08-01,Cybersecurity,AU,partner,98,0,0,0,0,0.0,0,0,0,0,0,0,0,0.0,0.0,2,6,3,2.0,5,1.667,63,2515.5,1,0,0,0,0,0.0,5.0,0
A-84ebe4,2023-08-01,FinTech,US,ads,142,2,3924,36,18,0.0,False,0,False,False,False,False,Basic,0.5,0.0,2,5,2,2.5,3,1.5,34,2377.8,1,1,0,0,0,11.0,4.0,0
A-86902e,2023-08-01,HealthTech,IN,other,91,2,0,68,34,1.0,False,2,False,False,False,False,Basic,0.0,0.5,26,1,2,0.5,1,0.333,10,2040.0,1,1,1,0,0,48.0,3.0,0
A-8ed5dd,2023-08-01,EdTech,UK,event,33,0,0,0,0,0.0,0,0,0,0,0,0,0,0.0,0.0,11,1,7,0.143,1,0.143,7,4186.0,0,0,2,0,1,34.5,5.0,0
A-9123ac,2023-08-01,Cybersecurity,DE,organic,42,0,0,0,0,0.0,0,0,0,0,0,0,0,0.0,0.0,17,2,5,0.4,2,0.333,19,2039.5,1,0,0,0,0,0.0,4.0,0
A-91e948,2023-08-01,EdTech,AU,partner,184,0,0,0,0,0.0,0,0,0,0,0,0,0,0.0,0.0,5,4,3,1.333,4,1.333,40,3392.0,1,0,0,0,0,0.0,0.0,0
A-9208f0,2023-08-01,EdTech,US,organic,82,2,2786,52,38,0.5,False,1,False,False,False,False,Enterprise,1.0,0.0,24,1,2,0.5,1,0.5,6,2034.0,0,1,1,0,0,45.0,3.0,0
A-9289f6,2023-08-01,EdTech,US,event,62,2,646,34,22,0.0,False,0,False,True,False,False,Basic,0.0,0.0,0,4,7,0.571,4,0.571,42,2772.75,1,0,2,0,0,42.5,5.0,1
A-92a333,2023-08-01,FinTech,US,event,130,0,0,0,0,0.0,0,0,0,0,0,0,0,0.0,0.0,0,2,3,0.667,2,0.667,21,1678.5,1,0,2,0,0,14.5,4.0,0
A-94d3da,2023-08-01,HealthTech,US,other,90,3,12177,123,41,0.333,True,0,False,False,False,True,Pro,0.333,0.667,9,5,6,0.833,5,0.833,38,2432.6,1,0,0,0,0,0.0,3.0,0
A-95b24a,2023-08-01,FinTech,US,event,56,3,4887,123,47,0.333,True,0,False,True,False,False,Pro,0.0,0.667,3,6,11,0.545,5,0.455,53,2516.167,0,1,0,0,1,47.0,4.0,0
A-96e141,2023-08-01,DevTools,UK,partner,0,0,0,0,0,0.0,0,0,0,0,0,0,0,0.0,0.0,29,1,6,0.167,1,0.167,12,420.0,0,0,0,0,0,0.0,4.0,0
A-977ca0,2023-08-01,HealthTech,IN,partner,162,5,7029,147,92,0.6,True,1,False,False,False,False,Pro,0.2,0.6,0,6,5,1.2,6,1.0,63,2713.333,0,0,1,0,0,72.0,4.0,0
A-98a59a,2023-08-01,FinTech,UK,partner,0,0,0,0,0,0.0,0,0,0,0,0,0,0,0.0,0.0,11,4,3,1.333,4,1.333,45,3195.0,1,0,0,0,0,0.0,4.0,0
A-993085,2023-08-01,HealthTech,US,ads,61,0,0,0,0,0.0,0,0,0,0,0,0,0,0.0,0.0,16,2,4,0.5,2,0.5,19,2723.0,1,0,0,0,0,0.0,0.0,0
A-9affe6,2023-08-01,Cybersecurity,US,other,132,2,1526,14,7,1.0,False,0,False,False,False,False,Basic,0.5,0.0,3,2,5,0.4,2,0.4,19,2994.0,1,1,0,0,1,50.0,3.0,0
A-9c18c4,2023-08-01,HealthTech,US,ads,5,0,0,0,0,0.0,0,0,0,0,0,0,0,0.0,0.0,1,3,6,0.5,3,0.5,28,2714.333,0,1,0,0,1,69.0,5.0,0
A-9ee962,2023-08-01,HealthTech,US,ads,154,2,1666,34,25,0.5,False,0,True,False,False,True,Pro,0.0,1.0,4,5,3,1.667,4,1.333,46,2723.6,1,0,0,0,0,0.0,4.0,0
A-a1bbb6,2023-08-01,DevTools,CA,organic,118,4,10030,70,28,0.5,True,0,False,False,False,False,Enterprise,0.5,0.5,33,0,5,0.0,0,0.0,0,0.0,0,0,0,0,0,0.0,0.0,0
A-a7bd4b,2023-08-01,Cybersecurity,US,ads,167,2,392,13,8,0.0,False,1,False,False,False,False,Pro,0.0,1.0,8,1,4,0.25,1,0.25,7,1309.0,1,2,1,0,0,37.0,3.0,0
A-ac9111,2023-08-01,HealthTech,US,event,0,0,0,0,0,0.0,0,0,0,0,0,0,0,0.0,0.0,6,3,1,3.0,3,3.0,29,4869.333,1,0,1,0,1,20.0,5.0,0
A-ad3abd,2023-08-01,FinTech,US,event,151,3,11748,132,44,0.333,True,0,False,False,False,False,Basic,0.333,0.333,4,1,4,0.25,1,0.25,14,7644.0,0,0,0,0,0,0.0,0.0,0
A-af0cd2,2023-08-01,Cybersecurity,IN,other,210,4,2793,76,19,0.5,True,1,False,False,False,False,Pro,0.0,0.75,0,4,4,1.0,4,0.8,45,4377.75,1,0,0,0,0,0.0,0.0,0
A-b11cd0,2023-08-01,DevTools,US,ads,193,2,494,52,26,1.0,False,1,False,False,False,False,Basic,0.0,0.0,11,3,3,1.0,2,0.667,35,3515.0,1,0,1,0,0,36.0,5.0,0
A-b7724f,2023-08-01,HealthTech,UK,organic,126,1,627,33,33,1.0,False,0,False,False,False,False,Basic,0.0,0.0,11,1,3,0.333,1,0.333,6,2142.0,1,0,0,0,0,0.0,0.0,1
A-b9f5b1,2023-08-01,Cybersecurity,US,other,189,1,0,42,42,1.0,False,1,False,False,False,False,Enterprise,1.0,0.0,11,1,3,0.333,1,0.333,6,2766.0,1,1,0,1,0,51.0,3.0,0
A-bad8c1,2023-08-01,FinTech,AU,organic,153,1,2646,54,54,1.0,False,0,False,False,False,False,Pro,0.0,1.0,15,2,4,0.5,2,0.5,18,3184.5,0,0,0,0,0,0.0,0.0,0
A-bb2f49,2023-08-01,Cybersecurity,US,other,65,2,13083,117,68,0.5,False,0,False,False,True,False,Enterprise,0.5,0.5,7,2,7,0.286,2,0.286,20,4707.0,0,0,0,0,0,0.0,4.0,0
A-bcf664,2023-08-01,DevTools,US,other,74,1,1121,59,59,1.0,False,0,False,False,False,False,Basic,0.0,0.0,21,1,5,0.2,1,0.2,14,6986.0,0,0,1,0,1,12.0,4.0,0
A-c1dfe1,2023-08-01,DevTools,DE,ads,0,0,0,0,0,0.0,0,0,0,0,0,0,0,0.0,0.0,10,1,3,0.333,1,0.333,7,3990.0,0,0,1,0,0,53.0,4.0,0
A-c4ea60,2023-08-01,FinTech,DE,other,145,2,1254,66,48,0.5,True,0,False,False,False,False,Basic,0.0,0.0,4,3,1,3.0,3,3.0,35,2331.667,1,0,0,0,0,0.0,3.0,0
A-c608c8,2023-08-01,DevTools,DE,ads,96,1,597,3,3,0.0,False,0,False,False,True,False,Enterprise,1.0,0.0,5,3,3,1.0,3,1.0,39,4553.333,1,0,0,0,0,0.0,0.0,0
A-c62e55,2023-08-01,EdTech,US,partner,174,0,0,0,0,0.0,0,0,0,0,0,0,0,0.0,0.0,4,3,5,0.6,3,0.6,37,2817.667,1,0,0,0,0,0.0,3.0,0
A-c7ffc2,2023-08-01,Cybersecurity,US,partner,186,2,7038,162,132,1.0,True,0,False,True,False,False,Basic,0.0,0.5,0,4,2,2.0,4,2.0,53,3983.5,1,0,0,0,0,0.0,0.0,0
A-cab532,2023-08-01,DevTools,FR,organic,120,3,9353,47,25,1.0,True,0,False,False,False,False,Enterprise,1.0,0.0,2,8,8,1.0,7,0.875,79,2835.25,0,0,0,0,0,0.0,0.0,0
A-cb6cc6,2023-08-01,DevTools,US,ads,120,1,0,13,13,0.0,False,1,False,False,False,False,Enterprise,1.0,0.0,107,0,0,0.0,0,0.0,0,0.0,0,0,0,0,0,0.0,0.0,0
A-cbbe12,2023-08-01,Cybersecurity,DE,partner,132,1,0,40,40,0.0,False,1,False,False,False,False,Pro,0.0,1.0,2,1,2,0.5,1,0.5,5,970.0,0,0,1,0,0,68.0,5.0,0
A-cc98bc,2023-08-01,DevTools,US,ads,69,4,15529,153,57,0.5,False,1,False,False,False,False,Enterprise,0.75,0.25,2,6,4,1.5,6,1.5,70,2725.143,1,0,1,0,1,3.0,4.0,0
A-cdf020,2023-08-01,DevTools,AU,organic,0,0,0,0,0,0.0,0,0,0,0,0,0,0,0.0,0.0,2,1,7,0.143,1,0.143,10,4390.0,0,1,0,0,0,69.0,3.0,0
A-ce66f8,2023-08-01,EdTech,CA,event,0,0,0,0,0,0.0,0,0,0,0,0,0,0,0.0,0.0,4,3,4,0.75,3,0.75,42,3405.667,0,0,1,0,0,70.0,4.0,0
A-d5a319,2023-08-01,FinTech,US,other,89,1,0,15,15,0.0,False,1,False,False,False,False,Pro,0.0,1.0,3,1,5,0.2,1,0.2,12,6840.0,0,0,0,0,0,0.0,0.0,0
A-d792a6,2023-08-01,DevTools,US,organic,190,7,6467,98,37,0.571,True,2,False,False,False,False,Enterprise,0.429,0.286,4,2,7,0.286,2,0.286,21,2393.0,0,0,0,0,0,0.0,4.0,0
A-dcc2f0,2023-08-01,FinTech,UK,organic,10,0,0,0,0,0.0,0,0,0,0,0,0,0,0.0,0.0,5,5,4,1.25,6,1.5,61,1982.0,1,1,0,0,0,2.0,4.0,0
A-de58ca,2023-08-01,HealthTech,DE,organic,110,4,1020,215,105,0.25,True,2,False,False,False,False,Pro,0.25,0.5,6,2,4,0.5,2,0.5,19,4171.0,1,0,1,0,0,12.0,3.0,0
A-df10db,2023-08-01,DevTools,US,other,56,0,0,0,0,0.0,0,0,0,0,0,0,0,0.0,0.0,6,3,4,0.75,3,0.6,29,1139.667,0,0,0,0,0,0.0,0.0,0
A-e1462e,2023-08-01,FinTech,UK,partner,142,3,3720,58,28,0.333,True,1,False,False,False,False,Basic,0.333,0.333,55,0,1,0.0,0,0.0,0,0.0,0,0,0,0,0,0.0,4.0,0
A-e19ff6,2023-08-01,Cybersecurity,UK,partner,4,0,0,0,0,0.0,0,0,0,0,0,0,0,0.0,0.0,6,2,2,1.0,2,1.0,17,1160.0,1,0,0,0,0,0.0,4.0,0
A-e1b9cd,2023-08-01,DevTools,US,event,156,3,7620,180,100,0.667,True,0,False,False,True,False,Pro,0.0,0.667,4,1,8,0.125,1,0.111,17,3825.0,0,0,1,0,0,35.0,3.0,0
A-e3bd71,2023-08-01,Cybersecurity,US,partner,129,1,6169,31,31,0.0,True,0,False,False,False,False,Enterprise,1.0,0.0,9,4,6,0.667,4,0.571,52,2757.0,0,0,1,0,1,19.0,4.0,0
A-e43bf7,2023-08-01,Cybersecurity,AU,other,130,2,22686,114,70,0.5,True,0,False,True,False,True,Enterprise,1.0,0.0,49,0,4,0.0,0,0.0,0,0.0,0,0,0,0,0,0.0,0.0,0
A-e5d6ab,2023-08-01,EdTech,US,partner,108,1,95,5,5,0.0,False,0,False,False,False,False,Basic,0.0,0.0,4,3,1,3.0,3,3.0,33,2027.667,0,1,0,0,0,50.0,4.0,0
A-e693b6,2023-08-01,FinTech,AU,event,68,1,1045,55,55,0.0,False,0,False,False,False,False,Basic,0.0,0.0,35,0,6,0.0,0,0.0,0,0.0,0,1,0,0,1,1.0,3.0,0
A-e6afc1,2023-08-01,DevTools,US,ads,158,3,11412,108,51,0.667,True,0,False,False,False,False,Basic,0.333,0.333,10,3,4,0.75,3,0.75,30,3460.0,0,0,0,0,0,0.0,0.0,0
A-e888d1,2023-08-01,Cybersecurity,US,other,126,2,1026,104,54,0.5,True,1,False,False,False,False,Basic,0.0,0.0,1,2,4,0.5,3,0.75,33,765.667,0,0,0,0,0,0.0,0.0,0
A-eafc6e,2023-08-01,DevTools,US,partner,26,0,0,0,0,0.0,0,0,0,0,0,0,0,0.0,0.0,26,1,2,0.5,1,0.5,9,2511.0,0,1,0,0,0,64.0,4.0,0
A-ed510f,2023-08-01,Cybersecurity,IN,partner,196,3,2856,126,42,0.333,True,1,False,False,False,False,Basic,0.333,0.333,16,2,4,0.5,3,1.0,39,4311.0,1,2,2,0,1,42.25,4.0,0
A-ee42db,2023-08-01,EdTech,DE,ads,98,2,637,26,13,1.0,False,1,False,False,True,False,Pro,0.0,1.0,16,4,5,0.8,3,0.6,39,2491.75,1,0,0,0,0,0.0,4.0,0
A-f17767,2023-08-01,DevTools,US,event,183,4,2359,31,14,0.5,False,0,False,False,False,False,Pro,0.25,0.5,3,4,4,1.0,4,1.0,51,4887.75,1,0,1,0,0,39.0,3.0,0
A-f19409,2023-08-01,DevTools,US,other,138,1,2156,44,44,0.0,False,0,False,False,False,False,Pro,0.0,1.0,1,5,8,0.625,4,0.5,59,4615.2,0,0,0,0,0,0.0,4.0,0
A-f1f639,2023-08-01,EdTech,US,ads,156,1,95,5,5,1.0,False,0,False,False,False,False,Basic,0.0,0.0,1,1,1,1.0,1,1.0,7,2415.0,0,0,0,0,0,0.0,0.0,0
A-f44180,2023-08-01,Cybersecurity,UK,event,169,3,22288,112,89,0.0,False,0,False,False,False,False,Enterprise,1.0,0.0,7,1,3,0.333,1,0.333,10,2620.0,0,0,0,0,0,0.0,0.0,0
A-f446b6,2023-08-01,DevTools,DE,ads,81,1,570,30,30,0.0,False,0,False,False,False,False,Basic,0.0,0.0,7,2,2,1.0,2,1.0,25,1045.0,0,2,1,0,1,37.333,5.0,0
A-f97b9a,2023-08-01,FinTech,US,event,23,0,0,0,0,0.0,0,0,0,0,0,0,0,0.0,0.0,6,2,2,1.0,2,1.0,18,2940.0,0,0,1,0,0,59.0,3.0,0
A-fdfc91,2023-08-01,Cybersecurity,US,ads,87,1,551,29,29,1.0,False,0,False,True,False,False,Basic,0.0,0.0,13,4,3,1.333,4,1.333,48,4363.0,1,0,1,0,0,11.0,4.0,0
A-ff3c73,2023-08-01,HealthTech,AU,other,187,4,2682,129,66,0.25,True,1,False,False,False,False,Basic,0.0,0.25,8,1,3,0.333,1,0.333,14,8204.0,0,0,0,0,0,0.0,3.0,0
A-00cac8,2023-09-01,HealthTech,AU,organic,0,0,0,0,0,0.0,0,0,0,0,0,0,0,0.0,0.0,1,4,2,2.0,3,1.5,40,2417.75,0,0,1,0,1,65.0,4.0,0
A-019782,2023-09-01,DevTools,FR,event,135,4,7339,61,17,0.25,False,0,False,False,False,True,Enterprise,0.5,0.5,5,4,8,0.5,4,0.5,61,3799.5,1,0,0,0,0,0.0,0.0,0
A-02fac6,2023-09-01,FinTech,US,event,148,0,0,0,0,0.0,0,0,0,0,0,0,0,0.0,0.0,25,2,2,1.0,2,1.0,14,2797.0,1,0,0,0,0,0.0,4.0,0
A-05d3b3,2023-09-01,DevTools,AU,ads,96,3,3355,80,55,0.333,False,1,False,False,False,False,Basic,0.333,0.0,47,0,4,0.0,0,0.0,0,0.0,0,2,0,0,0,12.5,4.0,0
A-05f0e5,2023-09-01,FinTech,US,partner,120,2,8622,78,46,0.0,True,0,False,False,False,False,Enterprise,0.5,0.5,3,5,3,1.667,5,1.25,43,2109.6,0,0,0,0,0,0.0,4.0,0
A-068fc6,2023-09-01,EdTech,US,event,46,0,0,0,0,0.0,0,0,0,0,0,0,0,0.0,0.0,10,4,8,0.5,4,0.5,33,2578.0,1,0,0,0,0,0.0,5.0,0
A-075038,2023-09-01,HealthTech,UK,ads,112,1,5047,103,103,0.0,False,0,False,False,False,False,Pro,0.0,1.0,2,5,1,5.0,5,5.0,47,3187.6,1,0,0,0,0,0.0,3.0,0
A-089363,2023-09-01,FinTech,AU,event,118,1,98,2,2,0.0,False,0,False,False,False,True,Pro,0.0,1.0,20,3,4,0.75,3,0.75,33,3153.667,1,1,0,0,0,21.0,4.0,0
A-0dbdc6,2023-09-01,Cybersecurity,DE,other,201,1,0,30,30,0.0,False,1,False,False,False,False,Pro,0.0,1.0,10,3,5,0.6,3,0.6,32,2813.333,1,1,0,0,0,37.0,4.0,0
A-0f3e88,2023-09-01,HealthTech,US,other,40,1,133,7,7,0.0,False,0,False,False,False,False,Basic,0.0,0.0,16,2,3,0.667,2,0.667,9,1684.5,0,0,0,0,0,0.0,0.0,0
A-10b8da,2023-09-01,DevTools,US,partner,116,2,3649,31,17,0.5,True,0,False,False,False,False,Basic,0.5,0.0,30,1,4,0.25,1,0.25,9,2835.0,1,0,0,0,0,0.0,3.0,0
A-10b8f2,2023-09-01,HealthTech,DE,organic,233,4,1862,192,51,0.25,True,2,False,False,False,False,Basic,0.0,0.0,3,3,3,1.0,4,1.333,44,5103.0,1,0,0,0,0,0.0,0.0,0
A-151c9a,2023-09-01,FinTech,US,ads,217,2,2548,52,29,0.5,False,0,False,False,False,False,Pro,0.0,1.0,14,1,1,1.0,1,1.0,5,1350.0,0,0,0,0,0,0.0,0.0,0
A-158f4e,2023-09-01,FinTech,IN,other,182,3,2318,183,61,0.667,True,1,False,False,False,False,Basic,0.0,0.333,19,2,3,0.667,2,0.667,16,2196.0,1,0,0,0,0,0.0,4.0,0
A-180abf,2023-09-01,DevTools,US,event,18,0,0,0,0,0.0,0,0,0,0,0,0,0,0.0,0.0,32,0,5,0.0,0,0.0,0,0.0,0,1,0,0,0,65.0,4.0,0
A-186a44,2023-09-01,HealthTech,US,ads,25,1,380,20,20,0.0,False,0,True,False,False,False,Basic,0.0,0.0,13,2,4,0.5,2,0.5,20,4658.0,0,0,0,0,0,0.0,3.0,0
A-1986ca,2023-09-01,HealthTech,IN,ads,214,1,3980,20,20,0.0,True,0,False,False,False,False,Enterprise,1.0,0.0,10,1,5,0.2,1,0.25,13,1352.0,1,0,1,0,1,15.0,4.0,0
A-19b2c8,2023-09-01,DevTools,IN,other,87,5,3775,115,33,0.4,True,0,False,False,False,False,Basic,0.0,0.4,1,5,5,1.0,4,0.667,53,4767.4,1,0,0,0,0,0.0,4.0,0
A-1b707d,2023-09-01,Cybersecurity,US,organic,49,0,0,0,0,0.0,0,0,0,0,0,0,0,0.0,0.0,24,1,4,0.25,1,0.25,17,391.0,0,0,0,0,0,0.0,0.0,0
A-1e1b80,2023-09-01,FinTech,CA,other,0,0,0,0,0,0.0,0,0,0,0,0,0,0,0.0,0.0,19,3,6,0.5,2,0.333,30,512.667,0,0,0,0,0,0.0,3.0,0
A-1e50e0,2023-09-01,Cybersecurity,DE,other,192,2,3781,38,19,0.5,False,1,False,False,False,False,Enterprise,1.0,0.0,60,0,1,0.0,0,0.0,0,0.0,0,0,0,0,0,0.0,0.0,0
A-1f0ac7,2023-09-01,HealthTech,UK,other,5,0,0,0,0,0.0,0,0,0,0,0,0,0,0.0,0.0,17,2,2,1.0,2,1.0,23,4889.5,1,0,0,0,0,0.0,4.0,0
A-1f559b,2023-09-01,HealthTech,US,organic,0,0,0,0,0,0.0,0,0,0,0,0,0,0,0.0,0.0,18,3,2,1.5,3,1.5,38,2318.667,1,1,1,0,0,40.0,4.0,0
A-1f7acb,2023-09-01,FinTech,UK,ads,26,1,12736,64,64,0.0,True,0,False,True,False,False,Enterprise,1.0,0.0,13,3,4,0.75,3,0.75,27,3999.0,1,0,0,0,0,0.0,3.0,0
A-271f46,2023-09-01,DevTools,US,event,204,2,1444,76,38,0.5,False,0,False,False,False,False,Basic,0.0,0.0,16,1,3,0.333,1,0.333,6,822.0,0,0,0,0,0,0.0,4.0,0
A-297a2d,2023-09-01,HealthTech,UK,event,119,2,7164,63,36,0.5,True,1,False,True,False,False,Basic,0.5,0.0,12,2,1,2.0,2,2.0,18,1381.5,1,0,0,0,0,0.0,3.0,0
A-2b9d3e,2023-09-01,EdTech,US,partner,89,0,0,0,0,0.0,0,0,0,0,0,0,0,0.0,0.0,16,1,1,1.0,1,1.0,6,2778.0,0,1,0,0,0,33.0,4.0,0
A-2bc93d,2023-09-01,HealthTech,US,event,171,3,11126,74,40,0.667,False,0,False,False,False,True,Enterprise,0.667,0.0,3,1,4,0.25,1,0.25,11,2849.0,0,0,0,0,0,0.0,4.0,0
A-2e3bad,2023-09-01,FinTech,CA,other,19,1,12139,61,61,1.0,False,0,False,False,False,False,Enterprise,1.0,0.0,0,3,4,0.75,3,0.75,34,2742.0,1,0,0,0,0,0.0,4.0,0
A-2ebb4b,2023-09-01,HealthTech,US,ads,109,2,779,82,41,0.5,False,1,False,False,False,False,Basic,0.0,0.0,10,1,1,1.0,2,2.0,18,3450.0,0,0,1,0,0,51.0,3.0,0
A-32728c,2023-09-01,DevTools,US,event,241,4,3320,80,20,0.5,False,0,False,False,False,False,Pro,0.0,0.75,7,3,4,0.75,3,0.75,32,2779.667,1,0,0,0,0,0.0,4.0,0
A-328bd0,2023-09-01,HealthTech,AU,partner,108,2,3582,46,28,1.0,False,1,False,False,False,False,Basic,0.5,0.0,17,1,8,0.125,1,0.125,8,1464.0,1,0,0,0,0,0.0,0.0,0
A-32fb14,2023-09-01,DevTools,US,event,178,1,0,26,26,0.0,False,1,False,False,False,False,Basic,0.0,0.0,3,5,5,1.0,4,0.8,57,3336.6,0,0,0,0,0,0.0,4.0,0
A-337bc1,2023-09-01,Cybersecurity,US,organic,44,1,1470,30,30,1.0,False,0,False,False,False,False,Pro,0.0,1.0,0,2,4,0.5,2,0.5,20,1914.0,0,1,0,0,0,21.0,4.0,0
A-35083d,2023-09-01,HealthTech,IN,partner,126,3,7562,57,19,0.333,False,1,False,True,False,False,Enterprise,1.0,0.0,1,2,4,0.5,3,0.5,32,3519.333,1,0,0,0,0,0.0,0.0,0
A-3793ee,2023-09-01,Cybersecurity,CA,organic,164,0,0,0,0,0.0,0,0,0,0,0,0,0,0.0,0.0,3,1,4,0.25,1,0.25,7,987.0,0,0,0,0,0,0.0,0.0,0
A-39b19f,2023-09-01,FinTech,US,partner,210,4,5635,115,55,0.5,False,0,False,False,False,False,Pro,0.0,1.0,14,2,4,0.5,2,0.5,24,1790.0,1,1,0,0,0,25.0,4.0,0
A-3b37d9,2023-09-01,FinTech,US,event,217,2,5704,46,23,0.0,False,0,False,False,False,False,Enterprise,0.5,0.5,6,2,2,1.0,2,1.0,19,3218.5,1,0,0,0,0,0.0,4.0,0
A-3c1a3f,2023-09-01,DevTools,UK,event,6,1,0,45,45,0.0,True,1,False,False,False,False,Basic,0.0,0.0,2,3,4,0.75,3,0.6,21,1665.667,1,1,0,0,0,5.0,4.0,0
A-3ce5b8,2023-09-01,FinTech,IN,ads,0,0,0,0,0,0.0,0,0,0,0,0,0,0,0.0,0.0,0,3,4,0.75,3,0.75,33,2382.0,0,0,0,0,0,0.0,4.0,0
A-40de06,2023-09-01,Cybersecurity,US,event,116,2,6750,90,62,0.0,True,0,False,False,False,False,Basic,0.5,0.0,1,5,11,0.455,6,0.545,52,4100.167,1,0,0,0,0,0.0,4.0,0
A-417d2f,2023-09-01,Cybersecurity,IN,partner,59,3,10947,93,51,0.0,True,0,False,False,False,False,Basic,0.333,0.0,11,2,8,0.25,2,0.25,20,3252.0,1,0,0,0,0,0.0,4.0,0
A-425e76,2023-09-01,DevTools,UK,other,107,4,8884,76,32,0.5,True,0,False,False,False,True,Enterprise,0.5,0.25,1,2,4,0.5,2,0.5,18,4098.0,0,0,0,0,0,0.0,4.0,1
A-432483,2023-09-01,Cybersecurity,US,ads,207,2,245,9,5,0.0,True,1,False,False,False,False,Basic,0.0,0.5,16,2,3,0.667,2,0.5,18,3996.0,0,0,0,0,0,0.0,0.0,0
A-4437e4,2023-09-01,Cybersecurity,US,event,0,0,0,0,0,0.0,0,0,0,0,0,0,0,0.0,0.0,21,1,9,0.111,1,0.125,9,5085.0,1,1,0,0,0,44.0,4.0,0
A-45ce7a,2023-09-01,FinTech,US,ads,40,1,784,16,16,1.0,False,0,True,True,False,False,Pro,0.0,1.0,8,1,2,0.5,1,0.5,14,4606.0,0,1,0,0,0,42.0,3.0,0
A-484819,2023-09-01,HealthTech,US,organic,192,3,7506,54,18,0.333,False,0,False,False,False,False,Enterprise,0.667,0.0,23,1,0,0.0,1,0.0,11,5346.0,1,0,0,0,0,0.0,5.0,0
A-49b828,2023-09-01,FinTech,IN,ads,119,4,5440,46,25,0.75,False,1,False,True,False,False,Enterprise,0.5,0.25,0,3,4,0.75,3,0.75,24,674.0,1,0,1,0,0,6.0,4.0,0
A-4a4c2d,2023-09-01,DevTools,US,event,122,4,4104,216,54,0.5,False,0,True,False,False,False,Basic,0.0,0.0,11,3,6,0.5,3,0.429,29,3123.667,0,1,1,0,0,30.5,4.0,0
A-52dd88,2023-09-01,Cybersecurity,US,ads,192,1,1274,26,26,1.0,True,0,False,False,False,False,Pro,0.0,1.0,18,3,3,1.0,3,1.0,41,4991.667,1,0,0,0,0,0.0,0.0,0
A-54d94a,2023-09-01,Cybersecurity,IN,event,123,0,0,0,0,0.0,0,0,0,0,0,0,0,0.0,0.0,25,1,5,0.2,1,0.2,7,1708.0,1,1,0,0,0,18.0,4.0,0
A-54ecc2,2023-09-01,Cybersecurity,US,partner,82,1,196,4,4,0.0,True,0,False,False,False,False,Pro,0.0,1.0,9,2,3,0.667,2,0.667,22,5150.0,1,0,2,0,0,51.5,5.0,0
A-558c72,2023-09-01,FinTech,US,organic,92,1,784,16,16,1.0,False,0,False,False,False,False,Pro,0.0,1.0,14,2,3,0.667,1,0.333,21,2967.5,1,0,0,0,0,0.0,4.0,0
A-5a184f,2023-09-01,DevTools,DE,other,74,1,0,19,19,0.0,False,1,False,False,False,False,Pro,0.0,1.0,2,4,1,4.0,4,4.0,37,2312.25,0,0,1,0,0,4.0,5.0,0
A-5a3eb9,2023-09-01,DevTools,CA,other,12,0,0,0,0,0.0,0,0,0,0,0,0,0,0.0,0.0,0,5,6,0.833,4,0.667,52,2317.6,1,0,1,0,1,27.0,4.0,0
A-5b1bcd,2023-09-01,DevTools,US,organic,0,0,0,0,0,0.0,0,0,0,0,0,0,0,0.0,0.0,1,4,5,0.8,3,0.75,42,2863.25,0,0,0,0,0,0.0,0.0,0
A-67be94,2023-09-01,EdTech,US,organic,150,1,494,26,26,1.0,False,0,False,False,False,False,Basic,0.0,0.0,25,1,7,0.143,1,0.167,9,4383.0,0,0,1,0,1,33.0,5.0,0
A-68f37c,2023-09-01,HealthTech,US,ads,48,3,24875,142,121,0.667,False,1,False,True,False,False,Enterprise,0.667,0.333,0,4,6,0.667,4,0.667,39,3318.25,1,0,0,0,0,0.0,4.0,0
A-69fad4,2023-09-01,FinTech,UK,ads,148,1,285,15,15,1.0,False,0,False,False,False,False,Basic,0.0,0.0,15,1,6,0.167,1,0.167,12,2832.0,1,0,1,0,0,54.0,4.0,0
A-6a4e2d,2023-09-01,EdTech,UK,partner,147,4,7195,141,56,0.0,True,1,False,False,False,False,Enterprise,0.5,0.25,22,1,6,0.167,1,0.167,16,3600.0,0,0,0,0,0,0.0,0.0,0
A-6c093d,2023-09-01,DevTools,US,partner,140,2,922,28,15,0.0,True,0,False,False,False,False,Basic,0.0,0.5,3,4,3,1.333,3,0.75,44,2552.0,1,0,0,0,0,0.0,4.0,0
A-6dee43,2023-09-01,FinTech,UK,other,20,0,0,0,0,0.0,0,0,0,0,0,0,0,0.0,0.0,8,3,6,0.5,3,0.5,29,2234.0,1,0,0,0,0,0.0,5.0,0
A-6e08f3,2023-09-01,Cybersecurity,US,event,186,1,0,24,24,1.0,False,1,False,False,False,False,Enterprise,1.0,0.0,23,3,2,1.5,3,1.5,35,3718.333,0,0,0,0,0,0.0,3.0,0
A-6e7827,2023-09-01,DevTools,US,other,159,2,563,17,9,0.5,False,0,False,True,False,True,Basic,0.0,0.5,35,0,3,0.0,0,0.0,0,0.0,0,0,0,0,0,0.0,0.0,1
A-6f50ae,2023-09-01,FinTech,US,partner,0,0,0,0,0,0.0,0,0,0,0,0,0,0,0.0,0.0,7,6,3,2.0,6,2.0,58,3746.833,1,0,0,0,0,0.0,5.0,0
A-712533,2023-09-01,EdTech,US,organic,32,1,0,18,18,1.0,False,1,False,False,False,False,Enterprise,1.0,0.0,0,1,4,0.25,1,0.25,5,1715.0,0,0,1,0,0,9.0,3.0,0
A-726cfa,2023-09-01,DevTools,US,partner,62,3,8420,80,30,0.333,False,0,False,False,False,False,Pro,0.333,0.667,0,4,12,0.333,3,0.3,57,4108.0,1,1,0,0,0,61.0,4.0,0
A-756192,2023-09-01,FinTech,IN,other,82,0,0,0,0,0.0,0,0,0,0,0,0,0,0.0,0.0,15,1,4,0.25,1,0.25,11,3124.0,0,0,0,0,0,0.0,5.0,0
A-7641d3,2023-09-01,EdTech,US,partner,197,2,1744,16,8,1.0,False,0,False,False,False,False,Basic,0.5,0.0,9,3,4,0.75,3,1.0,37,4052.667,1,0,0,0,0,0.0,5.0,0
A-779e4e,2023-09-01,HealthTech,US,organic,242,5,17255,125,58,0.4,False,0,False,False,False,False,Enterprise,0.4,0.4,29,1,5,0.2,1,0.25,5,2665.0,0,0,2,0,1,18.5,5.0,0
A-794a0b,2023-09-01,HealthTech,DE,organic,91,1,0,23,23,0.0,False,1,False,False,False,False,Pro,0.0,1.0,49,0,1,0.0,0,0.0,0,0.0,0,0,0,0,0,0.0,0.0,0
A-7c4956,2023-09-01,DevTools,US,ads,118,3,707,23,9,0.667,True,0,False,False,False,False,Basic,0.0,0.333,5,1,6,0.167,1,0.167,11,187.0,0,0,0,0,0,0.0,0.0,0
A-7df7a7,2023-09-01,DevTools,US,organic,216,4,9298,166,85,0.75,True,2,False,False,False,False,Pro,0.25,0.5,6,2,10,0.2,2,0.182,32,4028.5,0,0,1,0,1,8.0,4.0,0
A-7f4db3,2023-09-01,FinTech,US,other,180,5,2621,68,39,0.6,True,1,False,False,False,False,Pro,0.2,0.6,1,2,10,0.2,2,0.2,22,4875.5,1,0,0,0,0,0.0,3.0,0
A-7f6b86,2023-09-01,HealthTech,US,partner,8,1,0,45,45,0.0,False,1,False,False,False,False,Pro,0.0,1.0,25,1,3,0.333,1,0.333,9,153.0,0,0,1,0,0,65.0,3.0,0
A-7f8241,2023-09-01,EdTech,US,organic,171,5,11390,170,34,0.4,True,0,False,False,False,True,Basic,0.2,0.4,43,0,5,0.0,0,0.0,0,0.0,0,0,0,0,0,0.0,0.0,0
A-80eeb6,2023-09-01,Cybersecurity,UK,organic,115,4,19634,146,68,1.0,False,0,False,True,False,False,Enterprise,0.5,0.25,5,3,8,0.375,3,0.375,23,2147.667,1,1,1,0,0,21.5,3.0,0
A-8145a0,2023-09-01,Cybersecurity,AU,partner,129,1,796,4,4,1.0,False,0,False,False,False,False,Enterprise,1.0,0.0,21,2,6,0.333,2,0.333,23,5705.0,1,2,0,0,1,18.0,3.0,0
A-84ebe4,2023-09-01,FinTech,US,ads,173,3,8103,57,21,0.0,True,0,False,False,False,False,Enterprise,0.667,0.0,17,1,6,0.167,1,0.25,6,960.0,0,0,1,0,0,11.0,4.0,0
A-86902e,2023-09-01,HealthTech,IN,other,122,2,0,68,34,1.0,False,2,False,False,False,False,Basic,0.0,0.5,57,0,2,0.0,0,0.0,0,0.0,0,0,1,0,0,29.0,3.0,0
A-8ed5dd,2023-09-01,EdTech,UK,event,64,1,245,5,5,0.0,False,0,False,False,False,False,Pro,0.0,1.0,7,2,3,0.667,2,0.667,22,3460.0,1,0,1,0,0,21.0,5.0,0
A-9123ac,2023-09-01,Cybersecurity,DE,organic,73,0,0,0,0,0.0,0,0,0,0,0,0,0,0.0,0.0,19,1,6,0.167,1,0.167,8,4768.0,0,0,0,0,0,0.0,4.0,0
A-91e948,2023-09-01,EdTech,AU,partner,215,1,779,41,41,1.0,False,0,False,False,False,False,Basic,0.0,0.0,20,1,6,0.167,1,0.167,11,1881.0,0,0,0,0,0,0.0,0.0,0
A-9208f0,2023-09-01,EdTech,US,organic,113,3,2862,56,38,0.667,False,1,False,False,False,False,Enterprise,0.667,0.0,8,2,2,1.0,2,1.0,25,1042.5,1,0,2,0,0,45.0,3.0,0
A-9289f6,2023-09-01,EdTech,US,event,93,2,646,34,22,0.0,False,0,False,False,False,True,Basic,0.0,0.0,10,3,7,0.429,3,0.429,34,2848.0,1,0,1,0,0,50.0,5.0,0
A-92a333,2023-09-01,FinTech,US,event,161,2,6738,42,33,0.0,False,0,True,False,False,False,Basic,0.5,0.0,20,2,2,1.0,2,1.0,28,2716.5,1,0,1,0,0,4.0,4.0,0
A-94c3cd,2023-09-01,FinTech,CA,other,0,0,0,0,0,0.0,0,0,0,0,0,0,0,0.0,0.0,19,1,3,0.333,1,0.333,8,2744.0,0,0,1,0,0,9.0,4.0,0
A-94d3da,2023-09-01,HealthTech,US,other,121,3,12177,123,41,0.333,True,0,False,False,False,True,Pro,0.333,0.667,1,2,9,0.222,2,0.222,28,1014.0,1,0,0,0,0,0.0,3.0,0
A-95b24a,2023-09-01,FinTech,US,event,87,3,4887,123,47,0.333,True,0,False,False,False,True,Pro,0.0,0.667,6,3,12,0.25,3,0.273,34,4745.0,0,1,1,0,1,28.0,4.0,0
A-977ca0,2023-09-01,HealthTech,IN,partner,193,6,25138,238,92,0.667,True,1,False,False,False,False,Pro,0.333,0.5,6,2,9,0.222,2,0.222,22,1502.0,1,0,0,0,0,0.0,4.0,0
A-98a59a,2023-09-01,FinTech,UK,partner,28,0,0,0,0,0.0,0,0,0,0,0,0,0,0.0,0.0,26,1,4,0.25,1,0.25,12,1704.0,0,0,0,0,0,0.0,4.0,0
A-993085,2023-09-01,HealthTech,US,ads,92,3,2697,93,31,0.667,False,0,False,False,False,False,Basic,0.0,0.333,7,4,4,1.0,4,0.8,39,3354.5,1,0,0,0,0,0.0,0.0,1
A-9affe6,2023-09-01,Cybersecurity,US,other,163,2,1526,14,7,1.0,False,0,False,False,False,False,Basic,0.5,0.0,7,2,4,0.5,2,0.5,23,4330.0,0,0,1,0,1,50.0,3.0,0
A-9b9fe9,2023-09-01,EdTech,AU,other,0,0,0,0,0,0.0,0,0,0,0,0,0,0,0.0,0.0,10,1,2,0.5,1,0.5,9,4356.0,0,0,1,0,0,22.0,5.0,0
A-9bfc9f,2023-09-01,DevTools,CA,ads,0,0,0,0,0,0.0,0,0,0,0,0,0,0,0.0,0.0,4,4,3,1.333,4,1.333,35,1917.5,1,1,1,1,0,45.0,3.0,0
A-9c18c4,2023-09-01,HealthTech,US,ads,36,2,4009,31,19,0.5,True,0,False,False,False,False,Basic,0.5,0.0,28,1,8,0.125,1,0.143,3,1020.0,0,0,1,0,1,69.0,5.0,0
A-9ee962,2023-09-01,HealthTech,US,ads,185,3,3136,64,30,0.333,True,0,False,False,True,True,Pro,0.0,1.0,22,1,8,0.125,1,0.143,11,3454.0,0,0,0,0,0,0.0,4.0,0
A-9f9299,2023-09-01,FinTech,US,organic,0,0,0,0,0,0.0,0,0,0,0,0,0,0,0.0,0.0,18,2,7,0.286,2,0.286,11,924.0,0,0,0,0,0,0.0,4.0,0
A-a1bbb6,2023-09-01,DevTools,CA,organic,149,5,11821,79,28,0.6,True,0,False,False,False,False,Enterprise,0.6,0.4,64,0,4,0.0,0,0.0,0,0.0,0,1,0,0,0,16.0,4.0,0
A-a7bd4b,2023-09-01,Cybersecurity,US,ads,198,2,392,13,8,0.0,False,1,False,False,False,False,Pro,0.0,1.0,6,2,2,1.0,2,1.0,18,2454.5,0,0,2,0,0,37.5,3.0,0
A-a865bd,2023-09-01,Cybersecurity,US,organic,0,0,0,0,0,0.0,0,0,0,0,0,0,0,0.0,0.0,17,1,0,0.0,1,0.0,11,341.0,0,0,0,0,0,0.0,0.0,0
A-ac14bb,2023-09-01,FinTech,US,partner,0,0,0,0,0,0.0,0,0,0,0,0,0,0,0.0,0.0,9,4,6,0.667,4,0.667,32,2937.75,1,0,0,0,0,0.0,0.0,0
A-ac9111,2023-09-01,HealthTech,US,event,20,0,0,0,0,0.0,0,0,0,0,0,0,0,0.0,0.0,13,2,3,0.667,2,0.667,18,2478.0,0,0,1,0,1,20.0,5.0,0
A-ad3abd,2023-09-01,FinTech,US,event,182,3,11748,132,44,0.333,True,0,False,False,False,False,Basic,0.333,0.333,35,0,4,0.0,0,0.0,0,0.0,0,1,0,0,0,13.0,3.0,0
A-af0cd2,2023-09-01,Cybersecurity,IN,other,241,4,2793,76,19,0.5,True,1,False,False,False,False,Pro,0.0,0.75,4,2,5,0.4,2,0.333,26,6477.0,0,1,0,0,0,58.0,4.0,0
A-b11cd0,2023-09-01,DevTools,US,ads,224,2,494,52,26,1.0,False,1,False,False,False,False,Basic,0.0,0.0,19,1,5,0.2,1,0.25,6,2736.0,0,0,0,0,0,0.0,5.0,0
A-b20d99,2023-09-01,HealthTech,IN,other,0,0,0,0,0,0.0,0,0,0,0,0,0,0,0.0,0.0,6,2,6,0.333,2,0.333,16,4050.0,0,1,0,0,0,60.0,4.0,0
A-b7724f,2023-09-01,HealthTech,UK,organic,157,1,627,33,33,1.0,False,0,False,False,False,False,Basic,0.0,0.0,11,3,2,1.5,3,1.5,19,1015.333,1,0,0,0,0,0.0,0.0,0
A-b9f5b1,2023-09-01,Cybersecurity,US,other,220,1,0,42,42,1.0,False,1,False,False,False,False,Enterprise,1.0,0.0,19,2,2,1.0,2,1.0,19,2333.5,0,1,1,1,0,38.0,3.0,0
A-bad8c1,2023-09-01,FinTech,AU,organic,184,1,2646,54,54,1.0,False,0,False,False,False,False,Pro,0.0,1.0,21,1,5,0.2,1,0.2,5,120.0,1,0,0,0,0,0.0,0.0,0
A-bb2f49,2023-09-01,Cybersecurity,US,other,96,2,13083,117,68,0.5,False,0,False,False,True,False,Enterprise,0.5,0.5,2,3,5,0.6,3,0.6,23,2539.333,1,0,0,0,0,0.0,4.0,0
A-bbe56f,2023-09-01,HealthTech,US,ads,197,1,4179,21,21,0.0,False,0,False,False,False,False,Enterprise,1.0,0.0,0,1,1,1.0,1,1.0,13,5551.0,0,0,0,0,0,0.0,0.0,0
A-bcf664,2023-09-01,DevTools,US,other,105,3,2689,96,59,1.0,False,1,False,False,False,False,Basic,0.0,0.333,8,3,3,1.0,3,1.0,25,3716.0,1,1,0,0,1,25.0,3.0,0
A-c1dfe1,2023-09-01,DevTools,DE,ads,25,0,0,0,0,0.0,0,0,0,0,0,0,0,0.0,0.0,3,3,3,1.0,3,1.0,31,2165.333,0,0,0,0,0,0.0,4.0,1
A-c4ea60,2023-09-01,FinTech,DE,other,176,2,1254,66,48,0.5,True,0,False,False,False,False,Basic,0.0,0.0,5,2,4,0.5,1,0.25,27,4606.5,0,0,0,0,0,0.0,3.0,0
A-c608c8,2023-09-01,DevTools,DE,ads,127,1,597,3,3,0.0,False,0,False,False,True,False,Enterprise,1.0,0.0,22,1,5,0.2,1,0.2,11,6105.0,1,0,0,0,0,0.0,0.0,0
A-c62e55,2023-09-01,EdTech,US,partner,205,0,0,0,0,0.0,0,0,0,0,0,0,0,0.0,0.0,26,1,5,0.2,1,0.2,6,3402.0,1,0,0,0,0,0.0,3.0,0
A-c7e58b,2023-09-01,HealthTech,IN,other,68,1,57,3,3,0.0,False,0,False,False,False,False,Basic,0.0,0.0,13,2,1,2.0,2,2.0,21,2074.5,1,0,0,0,0,0.0,0.0,0
A-c7ffc2,2023-09-01,Cybersecurity,US,partner,217,3,8121,219,132,0.667,True,0,False,False,False,True,Basic,0.0,0.333,9,4,4,1.0,4,1.0,40,2221.5,0,0,0,0,0,0.0,0.0,0
A-cab532,2023-09-01,DevTools,FR,organic,151,3,9353,47,25,1.0,True,0,False,False,False,False,Enterprise,1.0,0.0,2,3,10,0.3,3,0.3,37,5989.333,1,0,0,0,0,0.0,0.0,0
A-cb6cc6,2023-09-01,DevTools,US,ads,151,3,513,40,14,0.333,True,1,False,True,False,False,Basic,0.333,0.0,11,2,0,0.0,2,0.0,13,790.5,1,0,0,0,0,0.0,0.0,0
A-cbbe12,2023-09-01,Cybersecurity,DE,partner,163,2,1960,80,40,0.5,False,1,False,False,False,False,Pro,0.0,1.0,2,2,1,2.0,2,2.0,16,1324.0,0,0,1,0,0,68.0,5.0,0
A-cc98bc,2023-09-01,DevTools,US,ads,100,4,15529,153,57,0.5,False,1,False,False,False,False,Enterprise,0.75,0.25,33,0,7,0.0,0,0.0,0,0.0,0,0,1,0,1,3.0,4.0,0
A-cdf020,2023-09-01,DevTools,AU,organic,16,0,0,0,0,0.0,0,0,0,0,0,0,0,0.0,0.0,22,2,6,0.333,2,0.333,18,1260.0,0,0,1,0,0,69.0,3.0,0
A-ce66f8,2023-09-01,EdTech,CA,event,9,1,551,29,29,1.0,False,0,False,False,False,False,Basic,0.0,0.0,18,2,6,0.333,2,0.333,27,2296.5,0,0,0,0,0,0.0,4.0,0
A-d49cc5,2023-09-01,Cybersecurity,FR,event,0,0,0,0,0,0.0,0,0,0,0,0,0,0,0.0,0.0,2,3,4,0.75,3,1.0,28,2284.667,1,0,0,0,0,0.0,0.0,0
A-d5a319,2023-09-01,FinTech,US,other,120,1,0,15,15,0.0,False,1,False,False,False,False,Pro,0.0,1.0,2,7,3,2.333,7,2.333,61,1974.143,1,0,0,0,0,0.0,0.0,0
A-d77f4c,2023-09-01,DevTools,US,partner,0,0,0,0,0,0.0,0,0,0,0,0,0,0,0.0,0.0,8,3,6,0.5,3,0.5,32,3925.667,0,0,1,0,1,8.0,5.0,0
A-d792a6,2023-09-01,DevTools,US,organic,221,7,6467,98,37,0.571,True,2,False,False,False,False,Enterprise,0.429,0.286,5,4,6,0.667,3,0.5,41,2524.75,1,0,0,0,0,0.0,4.0,1
A-d922bf,2023-09-01,HealthTech,US,ads,0,0,0,0,0,0.0,0,0,0,0,0,0,0,0.0,0.0,5,3,3,1.0,3,1.0,37,5012.0,0,1,0,0,0,72.0,4.0,0
A-dcc2f0,2023-09-01,FinTech,UK,organic,41,0,0,0,0,0.0,0,0,0,0,0,0,0,0.0,0.0,26,3,6,0.5,1,0.143,34,2782.667,0,0,1,0,0,2.0,4.0,0
A-de58ca,2023-09-01,HealthTech,DE,organic,141,4,1020,215,105,0.25,True,2,False,False,False,False,Pro,0.25,0.5,26,1,4,0.25,1,0.25,11,6204.0,1,0,0,0,0,0.0,3.0,0
A-df10db,2023-09-01,DevTools,US,other,87,1,266,14,14,1.0,False,0,False,False,False,False,Basic,0.0,0.0,20,3,5,0.6,2,0.4,38,4088.0,1,0,0,0,0,0.0,0.0,0
A-e1462e,2023-09-01,FinTech,UK,partner,173,3,3720,58,28,0.333,True,1,False,False,False,False,Basic,0.333,0.333,6,4,1,4.0,4,4.0,39,2881.5,1,0,0,0,0,0.0,4.0,0
A-e19ff6,2023-09-01,Cybersecurity,UK,partner,35,1,152,8,8,0.0,False,0,False,False,False,False,Basic,0.0,0.0,4,5,3,1.667,5,1.667,61,3348.8,1,0,0,0,0,0.0,4.0,0
A-e1b9cd,2023-09-01,DevTools,US,event,187,3,7620,180,100,0.667,True,0,False,False,False,False,Pro,0.0,0.667,11,1,4,0.25,1,0.25,10,4770.0,1,0,1,0,0,35.0,3.0,0
A-e3bd71,2023-09-01,Cybersecurity,US,partner,160,1,6169,31,31,0.0,True,0,False,False,False,False,Enterprise,1.0,0.0,40,0,6,0.0,0,0.0,0,0.0,0,0,1,0,1,19.0,4.0,0
A-e43bf7,2023-09-01,Cybersecurity,AU,other,161,2,22686,114,70,0.5,True,0,False,False,False,True,Enterprise,1.0,0.0,6,5,2,2.5,5,2.5,49,2874.0,0,0,0,0,0,0.0,0.0,0
A-e51ec7,2023-09-01,FinTech,CA,partner,0,0,0,0,0,0.0,0,0,0,0,0,0,0,0.0,0.0,4,3,2,1.5,3,1.5,37,3558.0,0,0,1,0,0,51.0,4.0,0
A-e5d6ab,2023-09-01,EdTech,US,partner,139,2,152,8,5,0.5,False,0,False,False,False,False,Basic,0.0,0.0,24,2,3,0.667,2,0.667,19,1612.0,0,0,1,0,0,50.0,4.0,0
A-e693b6,2023-09-01,FinTech,AU,event,99,1,1045,55,55,0.0,False,0,False,False,False,False,Basic,0.0,0.0,6,1,2,0.5,1,0.5,4,312.0,0,0,1,0,1,1.0,3.0,0
A-e6afc1,2023-09-01,DevTools,US,ads,189,5,11754,154,51,0.8,True,1,False,False,False,False,Basic,0.2,0.4,5,6,4,1.5,5,1.25,58,4197.667,1,0,0,0,0,0.0,0.0,0
A-e888d1,2023-09-01,Cybersecurity,US,other,157,3,4210,120,54,0.667,True,1,False,False,False,False,Basic,0.333,0.0,1,2,4,0.5,2,0.4,19,3523.0,1,0,0,0,0,0.0,0.0,1
A-e89151,2023-09-01,FinTech,UK,organic,0,0,0,0,0,0.0,0,0,0,0,0,0,0,0.0,0.0,3,4,5,0.8,5,1.0,42,2206.4,1,0,0,0,0,0.0,0.0,0
A-eafc6e,2023-09-01,DevTools,US,partner,57,1,1323,27,27,1.0,False,0,False,False,False,False,Pro,0.0,1.0,57,0,2,0.0,0,0.0,0,0.0,0,0,1,0,0,64.0,4.0,0
A-ed510f,2023-09-01,Cybersecurity,IN,partner,227,3,2856,126,42,0.333,True,1,False,False,False,False,Basic,0.333,0.333,1,3,3,1.0,3,0.75,32,4366.333,1,0,3,0,1,45.667,4.0,0
A-ee42db,2023-09-01,EdTech,DE,ads,129,3,1055,48,22,0.667,False,1,False,False,True,False,Pro,0.0,0.667,19,1,5,0.2,1,0.25,15,7620.0,0,0,0,0,0,0.0,4.0,0
A-f17767,2023-09-01,DevTools,US,event,214,4,2359,31,14,0.5,False,0,False,False,False,False,Pro,0.25,0.5,3,3,6,0.5,3,0.5,37,5416.333,1,0,0,0,0,0.0,3.0,0
A-f19409,2023-09-01,DevTools,US,other,169,2,6733,67,44,0.0,False,0,False,False,False,False,Enterprise,0.5,0.5,0,2,9,0.222,2,0.222,16,1852.0,1,0,0,0,0,0.0,4.0,0
A-f19b24,2023-09-01,Cybersecurity,US,organic,234,0,0,0,0,0.0,0,0,0,0,0,0,0,0.0,0.0,21,1,0,0.0,1,0.0,14,2646.0,0,0,0,0,0,0.0,0.0,0
A-f1f639,2023-09-01,EdTech,US,ads,187,2,1090,10,5,1.0,False,0,False,False,False,False,Basic,0.5,0.0,9,1,1,1.0,1,0.5,10,2530.0,0,0,0,0,0,0.0,0.0,0
A-f44180,2023-09-01,Cybersecurity,UK,event,200,4,24079,121,89,0.0,False,0,False,False,False,False,Enterprise,1.0,0.0,38,0,3,0.0,0,0.0,0,0.0,0,0,0,0,0,0.0,0.0,0
A-f446b6,2023-09-01,DevTools,DE,ads,112,1,570,30,30,0.0,False,0,False,False,False,False,Basic,0.0,0.0,4,3,2,1.5,3,1.5,33,3974.667,1,0,3,0,1,37.333,5.0,0
A-f97b9a,2023-09-01,FinTech,US,event,54,0,0,0,0,0.0,0,0,0,0,0,0,0,0.0,0.0,3,4,2,2.0,4,2.0,45,4198.0,1,0,1,0,0,59.0,3.0,0
A-fa3095,2023-09-01,FinTech,US,ads,0,0,0,0,0,0.0,0,0,0,0,0,0,0,0.0,0.0,16,2,8,0.25,2,0.222,25,5465.0,0,0,0,0,0,0.0,4.0,0
A-fdfc91,2023-09-01,Cybersecurity,US,ads,118,2,1102,58,29,0.5,False,0,False,False,False,True,Basic,0.0,0.0,4,5,5,1.0,6,1.2,54,1007.167,1,0,1,0,0,11.0,4.0,0
A-ff3c73,2023-09-01,HealthTech,AU,other,218,4,2682,129,66,0.25,True,1,False,False,False,False,Basic,0.0,0.25,9,2,2,1.0,2,1.0,22,4441.5,0,0,0,0,0,0.0,3.0,0
A-00cac8,2023-10-01,HealthTech,AU,organic,16,1,392,8,8,1.0,False,0,False,False,False,False,Pro,0.0,1.0,16,3,5,0.6,3,0.75,23,3051.0,1,1,0,0,1,1.0,4.0,0
A-019782,2023-10-01,DevTools,FR,event,165,4,7339,61,17,0.25,False,0,False,False,False,False,Enterprise,0.5,0.5,35,0,8,0.0,0,0.0,0,0.0,0,0,0,0,0,0.0,0.0,0
A-02fac6,2023-10-01,FinTech,US,event,178,0,0,0,0,0.0,0,0,0,0,0,0,0,0.0,0.0,3,2,3,0.667,2,0.667,18,1546.5,1,1,0,0,0,10.0,4.0,0
A-05d3b3,2023-10-01,DevTools,AU,ads,126,4,4433,102,55,0.25,False,1,False,False,False,False,Basic,0.25,0.25,77,0,3,0.0,0,0.0,0,0.0,0,1,2,0,0,23.667,4.0,0
A-05f0e5,2023-10-01,FinTech,US,partner,150,2,8622,78,46,0.0,True,0,False,False,False,False,Enterprise,0.5,0.5,33,0,6,0.0,0,0.0,0,0.0,0,0,0,0,0,0.0,4.0,0
A-068fc6,2023-10-01,EdTech,US,event,76,0,0,0,0,0.0,0,0,0,0,0,0,0,0.0,0.0,25,2,8,0.25,2,0.25,20,1724.0,1,1,0,0,1,46.0,4.0,0
A-075038,2023-10-01,HealthTech,UK,ads,142,1,5047,103,103,0.0,False,0,False,False,False,False,Pro,0.0,1.0,9,4,5,0.8,4,0.667,46,2610.5,1,0,0,0,0,0.0,3.0,0
A-089363,2023-10-01,FinTech,AU,event,148,1,98,2,2,0.0,False,0,False,False,False,False,Pro,0.0,1.0,15,1,5,0.2,1,0.2,14,1064.0,0,0,1,0,0,21.0,4.0,0
A-09540c,2023-10-01,Cybersecurity,CA,event,0,0,0,0,0,0.0,0,0,0,0,0,0,0,0.0,0.0,9,1,5,0.2,1,0.2,13,7124.0,1,0,0,0,0,0.0,5.0,0
A-098560,2023-10-01,DevTools,UK,ads,0,0,0,0,0,0.0,0,0,0,0,0,0,0,0.0,0.0,26,1,6,0.167,1,0.167,14,6202.0,0,1,0,1,0,1.0,3.0,0
A-0dbdc6,2023-10-01,Cybersecurity,DE,other,231,1,0,30,30,0.0,False,1,False,False,False,False,Pro,0.0,1.0,8,2,6,0.333,2,0.333,14,2076.0,0,2,1,0,0,42.667,4.0,0
A-0f3e88,2023-10-01,HealthTech,US,other,70,2,589,31,24,0.5,False,0,False,False,False,False,Basic,0.0,0.0,28,1,3,0.333,1,0.333,7,3892.0,1,0,0,0,0,0.0,0.0,0
A-10b8da,2023-10-01,DevTools,US,partner,146,2,3649,31,17,0.5,True,0,False,False,False,False,Basic,0.5,0.0,60,0,5,0.0,0,0.0,0,0.0,0,1,0,0,0,24.0,4.0,0
A-10b8f2,2023-10-01,HealthTech,DE,organic,263,4,1862,192,51,0.25,True,2,False,False,False,False,Basic,0.0,0.0,17,1,4,0.25,1,0.2,5,2790.0,0,0,0,0,0,0.0,0.0,0
A-151c9a,2023-10-01,FinTech,US,ads,247,2,2548,52,29,0.5,False,0,False,False,False,False,Pro,0.0,1.0,4,2,2,1.0,2,1.0,23,4075.0,0,0,0,0,0,0.0,0.0,0
A-158f4e,2023-10-01,FinTech,IN,other,212,4,5307,244,61,0.5,True,1,False,False,False,False,Basic,0.0,0.5,49,0,3,0.0,0,0.0,0,0.0,0,0,0,0,0,0.0,4.0,0
A-180abf,2023-10-01,DevTools,US,event,48,1,12736,64,64,0.0,True,0,False,False,False,False,Enterprise,1.0,0.0,13,3,4,0.75,3,0.75,46,3730.25,1,0,1,0,0,65.0,4.0,0
A-186a44,2023-10-01,HealthTech,US,ads,55,1,380,20,20,0.0,False,0,False,False,True,False,Basic,0.0,0.0,7,5,5,1.0,5,1.0,66,4496.4,1,0,0,0,0,0.0,3.0,0
A-1986ca,2023-10-01,HealthTech,IN,ads,244,1,3980,20,20,0.0,True,0,False,False,False,False,Enterprise,1.0,0.0,40,0,3,0.0,0,0.0,0,0.0,0,0,0,0,0,0.0,4.0,0
A-19b2c8,2023-10-01,DevTools,IN,other,117,5,3775,115,33,0.4,True,0,False,False,False,False,Basic,0.0,0.4,1,3,9,0.333,3,0.375,29,3852.667,1,0,0,0,0,0.0,4.0,0
A-1b707d,2023-10-01,Cybersecurity,US,organic,79,0,0,0,0,0.0,0,0,0,0,0,0,0,0.0,0.0,54,0,2,0.0,0,0.0,0,0.0,0,1,0,0,0,45.0,4.0,0
A-1b9609,2023-10-01,EdTech,IN,ads,0,0,0,0,0,0.0,0,0,0,0,0,0,0,0.0,0.0,9,1,6,0.167,1,0.167,6,2610.0,1,0,0,0,0,0.0,4.0,0
A-1e1b80,2023-10-01,FinTech,CA,other,19,0,0,0,0,0.0,0,0,0,0,0,0,0,0.0,0.0,2,6,7,0.857,6,1.0,66,3530.167,1,0,0,0,0,0.0,3.0,1
A-1e50e0,2023-10-01,Cybersecurity,DE,other,222,2,3781,38,19,0.5,False,1,False,False,False,False,Enterprise,1.0,0.0,90,0,1,0.0,0,0.0,0,0.0,0,0,0,0,0,0.0,0.0,0
A-1f0ac7,2023-10-01,HealthTech,UK,other,35,0,0,0,0,0.0,0,0,0,0,0,0,0,0.0,0.0,21,3,3,1.0,3,1.0,28,1796.333,1,0,0,0,0,0.0,4.0,0
A-1f7acb,2023-10-01,FinTech,UK,ads,56,1,12736,64,64,0.0,True,0,False,True,False,False,Enterprise,1.0,0.0,18,2,6,0.333,2,0.333,22,4251.5,1,0,0,0,0,0.0,3.0,0
A-271f46,2023-10-01,DevTools,US,event,234,2,1444,76,38,0.5,False,0,False,False,False,False,Basic,0.0,0.0,46,0,3,0.0,0,0.0,0,0.0,0,0,0,0,0,0.0,4.0,0
A-297a2d,2023-10-01,HealthTech,UK,event,149,2,7164,63,36,0.5,True,1,False,False,False,True,Basic,0.5,0.0,12,1,2,0.5,1,0.5,13,1092.0,1,0,0,0,0,0.0,3.0,0
A-2b9d3e,2023-10-01,EdTech,US,partner,119,1,209,11,11,0.0,False,0,False,False,False,False,Basic,0.0,0.0,1,2,2,1.0,2,1.0,19,4872.0,1,0,1,0,0,33.0,4.0,0
A-2bc93d,2023-10-01,HealthTech,US,event,201,3,11126,74,40,0.667,False,0,False,False,False,True,Enterprise,0.667,0.0,27,2,4,0.5,1,0.25,14,2462.5,0,0,0,0,0,0.0,4.0,0
A-2e3bad,2023-10-01,FinTech,CA,other,49,1,12139,61,61,1.0,False,0,False,False,False,False,Enterprise,1.0,0.0,6,3,4,0.75,3,0.75,33,3146.667,1,0,0,0,0,0.0,4.0,0
A-2ebb4b,2023-10-01,HealthTech,US,ads,139,2,779,82,41,0.5,False,1,False,False,False,False,Basic,0.0,0.0,7,3,2,1.5,3,1.0,25,1987.0,1,0,1,0,0,51.0,3.0,0
A-32728c,2023-10-01,DevTools,US,event,271,4,3320,80,20,0.5,False,0,False,False,False,False,Pro,0.0,0.75,29,1,4,0.25,1,0.25,14,2352.0,1,0,0,0,0,0.0,4.0,0
A-328bd0,2023-10-01,HealthTech,AU,partner,138,3,5199,79,33,1.0,False,1,False,False,False,False,Basic,0.333,0.333,19,2,4,0.5,2,0.5,19,198.5,0,1,0,0,0,8.0,4.0,0
A-32fb14,2023-10-01,DevTools,US,event,208,2,494,52,26,0.5,False,1,False,False,False,False,Basic,0.0,0.0,23,1,7,0.143,1,0.167,7,3269.0,1,0,0,0,0,0.0,4.0,0
A-337bc1,2023-10-01,Cybersecurity,US,organic,74,1,1470,30,30,1.0,False,0,False,False,False,False,Pro,0.0,1.0,30,1,3,0.333,1,0.333,8,1512.0,0,0,1,0,0,21.0,4.0,1
A-35083d,2023-10-01,HealthTech,IN,partner,156,3,7562,57,19,0.333,False,1,False,False,False,True,Enterprise,1.0,0.0,2,5,5,1.0,5,0.714,64,3322.4,0,1,0,0,0,33.0,5.0,0
A-3793ee,2023-10-01,Cybersecurity,CA,organic,194,0,0,0,0,0.0,0,0,0,0,0,0,0,0.0,0.0,9,1,3,0.333,1,0.333,4,2188.0,0,1,0,0,0,9.0,4.0,0
A-37f969,2023-10-01,HealthTech,IN,partner,0,0,0,0,0,0.0,0,0,0,0,0,0,0,0.0,0.0,2,3,0,0.0,3,0.0,35,4452.333,1,1,1,0,0,38.0,4.0,0
A-3932db,2023-10-01,HealthTech,CA,other,0,0,0,0,0,0.0,0,0,0,0,0,0,0,0.0,0.0,34,0,3,0.0,0,0.0,0,0.0,0,1,1,0,1,32.0,3.0,0
A-39b19f,2023-10-01,FinTech,US,partner,240,4,5635,115,55,0.5,False,0,False,False,False,False,Pro,0.0,1.0,6,4,4,1.0,4,1.0,46,2920.0,0,0,1,0,0,25.0,4.0,0
A-3b37d9,2023-10-01,FinTech,US,event,247,2,5704,46,23,0.0,False,0,False,False,False,False,Enterprise,0.5,0.5,7,3,2,1.5,3,0.75,25,1780.0,1,1,0,0,0,41.0,4.0,0
A-3b5cd1,2023-10-01,FinTech,US,event,19,1,0,13,13,1.0,False,1,True,False,False,False,Pro,0.0,1.0,2,4,0,0.0,3,0.0,44,2980.75,1,0,0,0,0,0.0,4.0,0
A-3be56b,2023-10-01,HealthTech,IN,event,0,0,0,0,0,0.0,0,0,0,0,0,0,0,0.0,0.0,7,1,3,0.333,1,0.333,9,2583.0,1,0,1,0,0,65.0,4.0,0
A-3c1a3f,2023-10-01,DevTools,UK,event,36,1,0,45,45,0.0,True,1,False,False,False,False,Basic,0.0,0.0,22,2,6,0.333,2,0.286,19,1140.5,0,1,1,0,0,31.5,4.0,0
A-3ce5b8,2023-10-01,FinTech,IN,ads,24,0,0,0,0,0.0,0,0,0,0,0,0,0,0.0,0.0,3,3,5,0.6,3,0.6,33,2880.0,0,0,0,0,0,0.0,4.0,0
A-40de06,2023-10-01,Cybersecurity,US,event,146,3,8122,118,62,0.0,True,0,False,False,False,False,Basic,0.333,0.333,1,6,11,0.545,6,0.462,68,3809.0,1,0,0,0,0,0.0,4.0,0
A-417d2f,2023-10-01,Cybersecurity,IN,partner,89,3,10947,93,51,0.0,True,0,False,False,False,False,Basic,0.333,0.0,7,4,7,0.571,4,0.571,31,2900.25,1,0,0,0,0,0.0,4.0,0
A-425e76,2023-10-01,DevTools,UK,other,137,4,8884,76,32,0.5,True,0,False,False,False,False,Enterprise,0.5,0.25,8,5,2,2.5,5,2.5,46,2751.0,1,0,0,0,0,0.0,4.0,0
A-432483,2023-10-01,Cybersecurity,US,ads,237,3,2235,19,10,0.333,True,1,False,True,False,False,Basic,0.333,0.333,46,0,2,0.0,0,0.0,0,0.0,0,0,0,0,0,0.0,0.0,0
A-43a9e3,2023-10-01,FinTech,IN,other,45,1,418,22,22,0.0,True,0,False,False,False,False,Basic,0.0,0.0,76,0,1,0.0,0,0.0,0,0.0,0,0,0,0,0,0.0,4.0,0
A-4437e4,2023-10-01,Cybersecurity,US,event,15,0,0,0,0,0.0,0,0,0,0,0,0,0,0.0,0.0,4,3,4,0.75,3,0.75,35,3039.333,0,1,1,1,0,47.5,4.0,0
A-45ce7a,2023-10-01,FinTech,US,ads,70,1,784,16,16,1.0,False,0,False,False,True,True,Pro,0.0,1.0,0,2,2,1.0,2,1.0,17,3351.0,1,0,1,0,0,42.0,3.0,0
A-484819,2023-10-01,HealthTech,US,organic,222,3,7506,54,18,0.333,False,0,False,False,False,False,Enterprise,0.667,0.0,28,1,1,1.0,1,1.0,7,651.0,1,0,0,0,0,0.0,5.0,0
A-49b828,2023-10-01,FinTech,IN,ads,149,4,5440,46,25,0.75,False,1,False,False,False,True,Enterprise,0.5,0.25,9,3,4,0.75,3,0.75,23,2089.0,1,0,0,0,0,0.0,4.0,0
A-4a4c2d,2023-10-01,DevTools,US,event,152,5,14850,270,54,0.4,False,0,False,False,True,False,Basic,0.2,0.0,4,5,7,0.714,5,0.714,65,2981.2,1,0,1,0,0,30.0,4.0,0
A-4e0e85,2023-10-01,DevTools,US,organic,23,0,0,0,0,0.0,0,0,0,0,0,0,0,0.0,0.0,7,3,0,0.0,3,0.0,27,3542.667,0,0,0,0,0,0.0,0.0,0
A-503d5a,2023-10-01,FinTech,US,other,0,0,0,0,0,0.0,0,0,0,0,0,0,0,0.0,0.0,4,2,7,0.286,2,0.25,22,2538.0,0,1,1,0,1,17.5,3.0,0
A-52dd88,2023-10-01,Cybersecurity,US,ads,222,1,1274,26,26,1.0,True,0,False,False,False,False,Pro,0.0,1.0,16,1,4,0.25,1,0.25,11,5753.0,0,0,0,0,0,0.0,0.0,0
A-54d94a,2023-10-01,Cybersecurity,IN,event,153,0,0,0,0,0.0,0,0,0,0,0,0,0,0.0,0.0,10,1,4,0.25,1,0.25,10,1840.0,1,0,1,0,0,18.0,4.0,0
A-54ecc2,2023-10-01,Cybersecurity,US,partner,112,3,2385,49,34,0.667,True,1,False,False,False,False,Enterprise,0.667,0.333,4,5,4,1.25,5,1.25,59,3911.333,1,0,2,0,0,51.5,5.0,0
A-558c72,2023-10-01,FinTech,US,organic,122,1,784,16,16,1.0,False,0,False,False,False,False,Pro,0.0,1.0,8,4,4,1.0,4,1.333,38,2779.5,1,1,0,1,0,60.0,5.0,0
A-5a184f,2023-10-01,DevTools,DE,other,104,2,1406,93,74,0.0,False,1,False,False,False,False,Basic,0.0,0.5,32,0,4,0.0,0,0.0,0,0.0,0,1,0,0,0,5.0,4.0,0
A-5a3eb9,2023-10-01,DevTools,CA,other,42,2,4067,83,65,0.0,False,0,False,False,False,False,Pro,0.0,1.0,30,1,5,0.2,1,0.2,10,350.0,1,0,1,0,1,27.0,4.0,0
A-5b1bcd,2023-10-01,DevTools,US,organic,15,1,1387,73,73,0.0,False,0,False,False,False,False,Basic,0.0,0.0,8,4,6,0.667,4,0.8,50,4008.0,0,0,0,0,0,0.0,0.0,0
A-67be94,2023-10-01,EdTech,US,organic,180,2,7857,63,37,1.0,True,0,False,False,False,False,Basic,0.5,0.0,55,0,7,0.0,0,0.0,0,0.0,0,0,1,0,1,33.0,5.0,0
A-68f37c,2023-10-01,HealthTech,US,ads,78,3,24875,142,121,0.667,False,1,False,False,False,True,Enterprise,0.667,0.333,30,1,6,0.167,1,0.167,11,2750.0,0,0,0,0,0,0.0,4.0,0
A-69fad4,2023-10-01,FinTech,UK,ads,178,3,2144,56,35,0.667,True,0,False,False,False,False,Basic,0.333,0.0,2,1,5,0.2,1,0.2,9,2241.0,1,1,1,0,0,62.5,4.0,0
A-6a4e2d,2023-10-01,EdTech,UK,partner,177,4,7195,141,56,0.0,True,1,False,False,False,False,Enterprise,0.5,0.25,4,2,5,0.4,2,0.4,25,497.5,0,0,0,0,0,0.0,0.0,0
A-6c093d,2023-10-01,DevTools,US,partner,170,3,922,90,62,0.333,True,1,False,False,False,False,Basic,0.0,0.333,12,1,6,0.167,1,0.167,13,1625.0,0,0,0,0,0,0.0,4.0,0
A-6da850,2023-10-01,FinTech,IN,organic,0,0,0,0,0,0.0,0,0,0,0,0,0,0,0.0,0.0,1,3,5,0.6,2,0.4,24,1912.0,0,1,1,0,1,41.5,4.0,0
A-6dee43,2023-10-01,FinTech,UK,other,50,0,0,0,0,0.0,0,0,0,0,0,0,0,0.0,0.0,9,2,6,0.333,2,0.333,18,3091.5,0,0,0,0,0,0.0,5.0,0
A-6e08f3,2023-10-01,Cybersecurity,US,event,216,1,0,24,24,1.0,False,1,False,False,False,False,Enterprise,1.0,0.0,12,2,4,0.5,2,0.5,19,2717.0,0,0,0,0,0,0.0,3.0,0
A-6e7827,2023-10-01,DevTools,US,other,189,2,563,17,9,0.5,False,0,False,False,False,True,Basic,0.0,0.5,18,3,3,1.0,2,0.667,27,4082.0,1,0,0,0,0,0.0,0.0,0
A-6f50ae,2023-10-01,FinTech,US,partner,10,0,0,0,0,0.0,0,0,0,0,0,0,0,0.0,0.0,7,4,7,0.571,4,0.5,39,2874.5,1,0,0,0,0,0.0,5.0,0
A-702032,2023-10-01,HealthTech,US,ads,0,0,0,0,0,0.0,0,0,0,0,0,0,0,0.0,0.0,24,1,3,0.333,1,0.333,9,2718.0,0,0,1,0,0,52.0,3.0,0
A-712533,2023-10-01,EdTech,US,organic,62,1,0,18,18,1.0,False,1,False,False,False,False,Enterprise,1.0,0.0,24,2,0,0.0,2,0.0,16,3156.5,0,0,1,0,0,9.0,3.0,0
A-726cfa,2023-10-01,DevTools,US,partner,92,4,9449,101,30,0.5,True,0,False,False,False,False,Pro,0.25,0.75,0,3,11,0.273,4,0.5,40,2818.0,1,0,1,0,0,61.0,4.0,0
A-756192,2023-10-01,FinTech,IN,other,112,1,0,19,19,1.0,False,1,False,True,False,False,Pro,0.0,1.0,21,2,4,0.5,2,0.5,17,1161.0,1,0,0,0,0,0.0,5.0,0
A-7641d3,2023-10-01,EdTech,US,partner,227,2,1744,16,8,1.0,False,0,False,False,False,False,Basic,0.5,0.0,19,2,4,0.5,2,0.5,21,1277.5,0,0,0,0,0,0.0,5.0,0
A-779e4e,2023-10-01,HealthTech,US,organic,272,5,17255,125,58,0.4,False,0,False,False,False,False,Enterprise,0.4,0.4,20,1,5,0.2,1,0.25,11,3971.0,0,0,2,0,1,18.5,5.0,0
A-794a0b,2023-10-01,HealthTech,DE,organic,121,1,0,23,23,0.0,False,1,False,False,False,False,Pro,0.0,1.0,7,3,1,3.0,2,2.0,27,2375.667,1,0,0,0,0,0.0,0.0,0
A-798a3f,2023-10-01,DevTools,FR,other,0,0,0,0,0,0.0,0,0,0,0,0,0,0,0.0,0.0,13,3,2,1.5,3,1.5,30,3302.667,1,0,1,0,1,58.0,3.0,0
A-7c4956,2023-10-01,DevTools,US,ads,148,3,707,23,9,0.667,True,0,False,False,False,False,Basic,0.0,0.333,9,2,2,1.0,2,1.0,24,1800.0,1,0,0,0,0,0.0,0.0,0
A-7df7a7,2023-10-01,DevTools,US,organic,246,6,12228,186,85,0.833,True,2,False,False,False,False,Pro,0.333,0.5,3,3,7,0.429,4,0.571,42,2769.0,0,0,1,0,1,8.0,4.0,0
A-7f4db3,2023-10-01,FinTech,US,other,210,5,2621,68,39,0.6,True,1,False,False,False,False,Pro,0.2,0.6,6,3,3,1.0,3,1.0,32,4929.0,1,0,0,0,0,0.0,3.0,0
A-7f6b86,2023-10-01,HealthTech,US,partner,38,1,0,45,45,0.0,False,1,False,False,False,False,Pro,0.0,1.0,0,3,2,1.5,3,1.5,38,5964.667,1,0,1,0,0,65.0,3.0,0
A-7f8241,2023-10-01,EdTech,US,organic,201,7,14722,238,34,0.571,True,0,False,False,False,False,Pro,0.143,0.571,18,1,5,0.2,1,0.2,8,1088.0,0,0,0,0,0,0.0,0.0,0
A-80eeb6,2023-10-01,Cybersecurity,UK,organic,145,4,19634,146,68,1.0,False,0,False,False,False,True,Enterprise,0.5,0.25,1,2,5,0.4,2,0.4,21,5905.5,0,0,2,0,0,21.5,3.0,1
A-8145a0,2023-10-01,Cybersecurity,AU,partner,159,2,5572,28,24,1.0,False,0,False,False,False,False,Enterprise,1.0,0.0,18,1,8,0.125,1,0.143,11,5126.0,0,0,2,0,1,18.0,3.0,0
A-81edc3,2023-10-01,Cybersecurity,IN,ads,0,0,0,0,0,0.0,0,0,0,0,0,0,0,0.0,0.0,8,2,4,0.5,2,0.5,16,775.0,0,0,0,0,0,0.0,3.0,0
A-84ebe4,2023-10-01,FinTech,US,ads,203,3,8103,57,21,0.0,True,0,False,False,False,False,Enterprise,0.667,0.0,3,1,6,0.167,1,0.25,9,486.0,1,1,1,0,0,39.0,4.0,0
A-86902e,2023-10-01,HealthTech,IN,other,152,2,0,68,34,1.0,False,2,False,False,False,False,Basic,0.0,0.5,5,3,1,3.0,4,4.0,48,2941.25,1,0,1,0,0,29.0,3.0,0
A-8ed5dd,2023-10-01,EdTech,UK,event,94,1,245,5,5,0.0,False,0,False,False,False,False,Pro,0.0,1.0,14,2,2,1.0,2,0.667,18,2757.5,1,0,0,0,0,0.0,5.0,0
A-9123ac,2023-10-01,Cybersecurity,DE,organic,103,0,0,0,0,0.0,0,0,0,0,0,0,0,0.0,0.0,1,1,2,0.5,1,0.5,11,3003.0,0,0,0,0,0,0.0,4.0,0
A-91e948,2023-10-01,EdTech,AU,partner,245,1,779,41,41,1.0,False,0,False,False,False,False,Basic,0.0,0.0,6,1,5,0.2,1,0.2,13,5902.0,1,0,0,0,0,0.0,0.0,0
A-9208f0,2023-10-01,EdTech,US,organic,143,6,3511,87,38,0.5,False,1,False,True,False,False,Basic,0.333,0.167,16,1,3,0.333,1,0.333,10,2440.0,0,1,1,0,0,26.0,4.0,0
A-9289f6,2023-10-01,EdTech,US,event,123,2,646,34,22,0.0,False,0,False,False,False,True,Basic,0.0,0.0,29,1,7,0.143,1,0.143,10,4890.0,0,1,0,0,0,5.0,5.0,0
A-92a333,2023-10-01,FinTech,US,event,191,2,6738,42,33,0.0,False,0,False,False,True,False,Basic,0.5,0.0,50,0,4,0.0,0,0.0,0,0.0,0,0,0,0,0,0.0,4.0,0
A-94c3cd,2023-10-01,FinTech,CA,other,11,0,0,0,0,0.0,0,0,0,0,0,0,0,0.0,0.0,12,2,2,1.0,2,0.667,17,1247.0,1,0,1,0,0,9.0,4.0,0
A-94d3da,2023-10-01,HealthTech,US,other,151,5,12177,205,41,0.4,True,2,False,False,False,False,Pro,0.2,0.8,3,3,6,0.5,4,0.667,37,2690.25,1,1,0,0,1,27.0,3.0,0
A-95b24a,2023-10-01,FinTech,US,event,117,3,4887,123,47,0.333,True,0,False,False,False,True,Pro,0.0,0.667,5,1,8,0.125,2,0.286,18,3328.0,1,0,2,0,1,28.0,4.0,0
A-96e141,2023-10-01,DevTools,UK,partner,50,0,0,0,0,0.0,0,0,0,0,0,0,0,0.0,0.0,16,1,1,1.0,1,1.0,7,2254.0,0,0,0,0,0,0.0,4.0,0
A-977ca0,2023-10-01,HealthTech,IN,partner,223,6,25138,238,92,0.667,True,1,False,False,False,False,Pro,0.333,0.5,4,3,7,0.429,3,0.375,46,3391.75,1,1,0,0,0,56.0,4.0,0
A-98a59a,2023-10-01,FinTech,UK,partner,58,2,3808,112,56,0.5,False,0,False,False,False,False,Basic,0.0,0.5,28,1,5,0.2,1,0.2,7,539.0,0,0,0,0,0,0.0,4.0,0
A-993085,2023-10-01,HealthTech,US,ads,122,5,16826,164,40,0.6,True,0,True,False,False,False,Basic,0.4,0.2,6,5,4,1.25,5,0.833,53,2433.8,1,0,0,0,0,0.0,0.0,0
A-9affe6,2023-10-01,Cybersecurity,US,other,193,3,2590,70,56,0.667,False,0,False,False,False,False,Basic,0.333,0.0,17,3,4,0.75,2,0.5,36,3649.0,1,0,1,0,1,50.0,3.0,0
A-9b9fe9,2023-10-01,EdTech,AU,other,3,0,0,0,0,0.0,0,0,0,0,0,0,0,0.0,0.0,5,3,1,3.0,3,3.0,23,2264.667,1,0,0,0,0,0.0,5.0,0
A-9bfc9f,2023-10-01,DevTools,CA,ads,17,1,2597,53,53,1.0,False,0,False,False,False,False,Pro,0.0,1.0,34,0,6,0.0,0,0.0,0,0.0,0,0,1,0,0,27.0,3.0,0
A-9c18c4,2023-10-01,HealthTech,US,ads,66,2,4009,31,19,0.5,True,0,False,False,False,False,Basic,0.5,0.0,58,0,4,0.0,0,0.0,0,0.0,0,0,1,0,1,69.0,5.0,0
A-9ee962,2023-10-01,HealthTech,US,ads,215,4,3136,73,30,0.25,True,1,False,True,True,False,Pro,0.0,0.75,52,0,6,0.0,0,0.0,0,0.0,0,0,0,0,0,0.0,4.0,0
A-9f9299,2023-10-01,FinTech,US,organic,29,0,0,0,0,0.0,0,0,0,0,0,0,0,0.0,0.0,14,3,6,0.5,3,0.5,32,3851.0,1,0,0,0,0,0.0,4.0,0
A-a1bbb6,2023-10-01,DevTools,CA,organic,179,5,11821,79,28,0.6,True,0,False,False,False,False,Enterprise,0.6,0.4,3,1,0,0.0,2,0.0,20,4038.5,0,0,1,0,0,16.0,4.0,0
A-a7bd4b,2023-10-01,Cybersecurity,US,ads,228,2,392,13,8,0.0,False,1,False,False,False,False,Pro,0.0,1.0,24,1,3,0.333,1,0.333,9,2781.0,0,0,2,0,0,37.5,3.0,0
A-a865bd,2023-10-01,Cybersecurity,US,organic,12,0,0,0,0,0.0,0,0,0,0,0,0,0,0.0,0.0,1,2,1,2.0,2,2.0,22,2777.0,0,0,0,0,0,0.0,0.0,0
A-a8b49c,2023-10-01,Cybersecurity,UK,partner,0,0,0,0,0,0.0,0,0,0,0,0,0,0,0.0,0.0,2,1,5,0.2,1,0.167,12,4272.0,0,1,0,0,0,72.0,4.0,0
A-aa9511,2023-10-01,DevTools,US,other,0,0,0,0,0,0.0,0,0,0,0,0,0,0,0.0,0.0,19,2,7,0.286,2,0.286,24,4293.0,1,0,1,0,1,57.0,4.0,1
A-ac14bb,2023-10-01,FinTech,US,partner,23,1,1029,21,21,0.0,True,0,False,False,False,False,Pro,0.0,1.0,8,2,7,0.286,2,0.286,17,830.5,1,0,0,0,0,0.0,0.0,0
A-ac9111,2023-10-01,HealthTech,US,event,50,1,2009,41,41,0.0,False,0,True,False,False,False,Pro,0.0,1.0,3,4,5,0.8,4,0.8,36,2235.0,1,0,0,0,0,0.0,5.0,0
A-ad3abd,2023-10-01,FinTech,US,event,212,3,11748,132,44,0.333,True,0,False,False,False,False,Basic,0.333,0.333,7,2,1,2.0,2,2.0,24,245.5,1,0,1,0,0,13.0,3.0,0
A-ae052e,2023-10-01,FinTech,CA,other,20,0,0,0,0,0.0,0,0,0,0,0,0,0,0.0,0.0,6,2,2,1.0,2,1.0,20,1143.5,1,0,1,0,0,29.0,3.0,1
A-af0cd2,2023-10-01,Cybersecurity,IN,other,271,4,2793,76,19,0.5,True,1,False,False,False,False,Pro,0.0,0.75,15,3,6,0.5,3,0.5,29,3632.0,0,0,1,0,0,58.0,4.0,1
A-b11cd0,2023-10-01,DevTools,US,ads,254,2,494,52,26,1.0,False,1,False,False,False,False,Basic,0.0,0.0,0,3,4,0.75,3,1.0,31,3571.667,0,0,0,0,0,0.0,5.0,0
A-b7724f,2023-10-01,HealthTech,UK,organic,187,1,627,33,33,1.0,False,0,False,False,False,False,Basic,0.0,0.0,3,2,4,0.5,2,0.5,22,3030.0,0,0,0,0,0,0.0,0.0,0
A-b9f5b1,2023-10-01,Cybersecurity,US,other,250,1,0,42,42,1.0,False,1,False,False,False,False,Enterprise,1.0,0.0,25,1,3,0.333,1,0.333,17,2040.0,1,0,2,1,0,38.0,3.0,0
A-ba6516,2023-10-01,FinTech,US,ads,0,0,0,0,0,0.0,0,0,0,0,0,0,0,0.0,0.0,2,2,2,1.0,2,1.0,24,5141.0,0,0,1,0,0,66.0,5.0,0
A-bad8c1,2023-10-01,FinTech,AU,organic,214,2,3444,96,54,1.0,False,0,False,False,False,False,Basic,0.0,0.5,28,1,2,0.5,1,0.5,16,1136.0,0,0,0,0,0,0.0,0.0,1
A-bb2f49,2023-10-01,Cybersecurity,US,other,126,2,13083,117,68,0.5,False,0,False,False,False,False,Enterprise,0.5,0.5,7,2,4,0.5,2,0.4,18,3446.0,0,0,0,0,0,0.0,4.0,0
A-bbe56f,2023-10-01,HealthTech,US,ads,227,2,4578,42,21,0.5,False,0,False,True,False,False,Basic,0.5,0.0,12,2,0,0.0,2,0.0,23,5295.5,0,0,0,0,0,0.0,0.0,0
A-bcf664,2023-10-01,DevTools,US,other,135,3,2689,96,59,1.0,False,1,False,False,False,False,Basic,0.0,0.333,8,5,3,1.667,3,0.75,45,2939.4,0,0,1,0,1,25.0,3.0,0
A-c1dfe1,2023-10-01,DevTools,DE,ads,55,0,0,0,0,0.0,0,0,0,0,0,0,0,0.0,0.0,15,2,4,0.5,2,0.5,22,4630.0,1,0,0,0,0,0.0,4.0,0
A-c4ea60,2023-10-01,FinTech,DE,other,206,2,1254,66,48,0.5,True,0,False,False,False,False,Basic,0.0,0.0,2,2,5,0.4,2,0.5,14,2484.0,0,0,0,0,0,0.0,3.0,0
A-c608c8,2023-10-01,DevTools,DE,ads,157,1,597,3,3,0.0,False,0,False,False,False,False,Enterprise,1.0,0.0,4,4,4,1.0,4,1.0,44,2934.75,1,1,0,0,0,60.0,3.0,0
A-c62e55,2023-10-01,EdTech,US,partner,235,0,0,0,0,0.0,0,0,0,0,0,0,0,0.0,0.0,56,0,4,0.0,0,0.0,0,0.0,0,1,0,0,0,15.0,3.0,0
A-c7e58b,2023-10-01,HealthTech,IN,other,98,1,57,3,3,0.0,False,0,False,False,False,False,Basic,0.0,0.0,29,1,2,0.5,1,0.5,5,2255.0,0,0,0,0,0,0.0,0.0,0
A-c7ffc2,2023-10-01,Cybersecurity,US,partner,247,4,8691,249,132,0.5,True,0,False,True,False,True,Basic,0.0,0.25,6,2,8,0.25,2,0.25,22,4051.0,1,0,0,0,0,0.0,0.0,0
A-cab532,2023-10-01,DevTools,FR,organic,181,3,9353,47,25,1.0,True,0,False,False,False,False,Enterprise,1.0,0.0,1,1,11,0.091,2,0.2,19,3565.0,1,0,0,0,0,0.0,0.0,0
A-cb6cc6,2023-10-01,DevTools,US,ads,181,3,513,40,14,0.333,True,1,False,False,False,True,Basic,0.333,0.0,41,0,2,0.0,0,0.0,0,0.0,0,0,0,0,0,0.0,0.0,0
A-cbbe12,2023-10-01,Cybersecurity,DE,partner,193,2,1960,80,40,0.5,False,1,False,False,False,False,Pro,0.0,1.0,3,1,3,0.333,1,0.333,9,4761.0,0,1,0,0,1,19.0,4.0,0
A-cc98bc,2023-10-01,DevTools,US,ads,130,4,15529,153,57,0.5,False,1,False,False,False,False,Enterprise,0.75,0.25,8,2,6,0.333,2,0.4,23,1951.5,0,0,0,0,0,0.0,4.0,0
A-cdf020,2023-10-01,DevTools,AU,organic,46,0,0,0,0,0.0,0,0,0,0,0,0,0,0.0,0.0,2,1,3,0.333,1,0.333,16,8656.0,0,0,1,0,0,69.0,3.0,0
A-ce66f8,2023-10-01,EdTech,CA,event,39,1,551,29,29,1.0,False,0,False,False,False,False,Basic,0.0,0.0,48,0,5,0.0,0,0.0,0,0.0,0,1,0,0,0,34.0,3.0,0
A-d49cc5,2023-10-01,Cybersecurity,FR,event,12,0,0,0,0,0.0,0,0,0,0,0,0,0,0.0,0.0,1,3,6,0.5,4,0.8,43,4140.25,1,0,0,0,0,0.0,0.0,0
A-d5a319,2023-10-01,FinTech,US,other,150,2,735,30,15,0.0,False,1,False,False,False,False,Pro,0.0,1.0,7,2,8,0.25,2,0.25,14,967.5,1,0,0,0,0,0.0,0.0,0
A-d77f4c,2023-10-01,DevTools,US,partner,6,0,0,0,0,0.0,0,0,0,0,0,0,0,0.0,0.0,5,5,6,0.833,5,0.714,46,4289.2,1,0,0,0,0,0.0,5.0,0
A-d792a6,2023-10-01,DevTools,US,organic,251,8,6562,103,37,0.5,True,2,False,False,False,False,Basic,0.375,0.25,15,1,6,0.167,1,0.2,10,1610.0,0,0,0,0,0,0.0,4.0,0
A-d922bf,2023-10-01,HealthTech,US,ads,23,0,0,0,0,0.0,0,0,0,0,0,0,0,0.0,0.0,3,2,4,0.5,2,0.5,21,3603.0,1,1,0,0,0,72.0,4.0,0
A-de58ca,2023-10-01,HealthTech,DE,organic,171,5,1755,230,105,0.4,True,2,False,False,False,False,Pro,0.2,0.6,3,1,3,0.333,1,0.333,6,1362.0,1,0,0,0,0,0.0,3.0,0
A-df10db,2023-10-01,DevTools,US,other,117,3,702,18,14,0.667,False,0,False,False,False,False,Basic,0.333,0.0,2,4,6,0.667,4,0.8,50,3818.0,1,0,0,0,0,0.0,0.0,0
A-e1462e,2023-10-01,FinTech,UK,partner,203,3,3720,58,28,0.333,True,1,False,False,False,False,Basic,0.333,0.333,36,0,4,0.0,0,0.0,0,0.0,0,0,0,0,0,0.0,4.0,1
A-e19ff6,2023-10-01,Cybersecurity,UK,partner,65,1,152,8,8,0.0,False,0,False,False,False,False,Basic,0.0,0.0,3,2,7,0.286,3,0.429,26,2351.0,1,0,0,0,0,0.0,4.0,0
A-e1b9cd,2023-10-01,DevTools,US,event,217,3,7620,180,100,0.667,True,0,False,False,False,False,Pro,0.0,0.667,5,7,2,3.5,8,4.0,90,2740.625,1,0,0,0,0,0.0,3.0,0
A-e3bd71,2023-10-01,Cybersecurity,US,partner,190,1,6169,31,31,0.0,True,0,False,False,False,False,Enterprise,1.0,0.0,14,2,4,0.5,2,0.5,21,3815.0,0,0,0,0,0,0.0,4.0,0
A-e43bf7,2023-10-01,Cybersecurity,AU,other,191,2,22686,114,70,0.5,True,0,False,False,False,True,Enterprise,1.0,0.0,19,1,5,0.2,1,0.2,4,1728.0,1,0,0,0,0,0.0,0.0,0
A-e5d6ab,2023-10-01,EdTech,US,partner,169,3,152,25,17,0.667,False,1,False,False,False,False,Basic,0.0,0.333,54,0,5,0.0,0,0.0,0,0.0,0,0,1,0,0,50.0,4.0,0
A-e61e98,2023-10-01,FinTech,US,partner,0,0,0,0,0,0.0,0,0,0,0,0,0,0,0.0,0.0,2,4,7,0.571,4,0.5,44,3450.0,1,0,0,0,0,0.0,5.0,0
A-e693b6,2023-10-01,FinTech,AU,event,129,2,3740,110,55,0.5,False,0,False,True,False,False,Basic,0.0,0.5,6,3,1,3.0,3,3.0,31,4497.0,1,0,1,0,1,1.0,3.0,0
A-e6afc1,2023-10-01,DevTools,US,ads,219,5,11754,154,51,0.8,True,1,False,False,False,False,Basic,0.2,0.4,20,2,9,0.222,2,0.25,22,4137.0,0,0,0,0,0,0.0,0.0,0
A-e7beab,2023-10-01,EdTech,DE,organic,0,0,0,0,0,0.0,0,0,0,0,0,0,0,0.0,0.0,31,0,4,0.0,0,0.0,0,0.0,0,1,0,0,0,19.0,5.0,0
A-e888d1,2023-10-01,Cybersecurity,US,other,187,4,7394,136,54,0.75,True,1,False,True,False,False,Basic,0.5,0.0,10,1,4,0.25,1,0.2,6,1956.0,0,1,0,0,0,64.0,4.0,0
A-e89151,2023-10-01,FinTech,UK,organic,17,0,0,0,0,0.0,0,0,0,0,0,0,0,0.0,0.0,0,4,5,0.8,4,0.571,40,3446.75,1,0,0,0,0,0.0,0.0,0
A-eafc6e,2023-10-01,DevTools,US,partner,87,1,1323,27,27,1.0,False,0,False,False,False,False,Pro,0.0,1.0,13,2,1,2.0,2,2.0,21,2118.0,0,0,1,0,0,64.0,4.0,0
A-eb7fac,2023-10-01,DevTools,US,organic,0,0,0,0,0,0.0,0,0,0,0,0,0,0,0.0,0.0,7,3,2,1.5,3,1.5,41,3076.667,1,1,0,0,1,5.0,4.0,0
A-ed510f,2023-10-01,Cybersecurity,IN,partner,257,3,2856,126,42,0.333,True,1,False,False,False,False,Basic,0.333,0.333,28,1,5,0.2,1,0.167,11,737.0,0,0,2,0,1,43.0,4.0,0
A-ee42db,2023-10-01,EdTech,DE,ads,159,3,1055,48,22,0.667,False,1,False,False,False,False,Pro,0.0,0.667,10,4,5,0.8,3,0.75,36,2812.75,1,0,0,0,0,0.0,4.0,1
A-f17767,2023-10-01,DevTools,US,event,244,5,3633,57,26,0.6,False,0,True,True,False,False,Pro,0.2,0.6,33,0,7,0.0,0,0.0,0,0.0,0,0,0,0,0,0.0,3.0,0
A-f19409,2023-10-01,DevTools,US,other,199,3,8399,101,44,0.0,False,0,False,False,False,False,Pro,0.333,0.667,1,4,6,0.667,4,0.8,39,2402.25,1,0,0,0,0,0.0,4.0,0
A-f1f639,2023-10-01,EdTech,US,ads,217,2,1090,10,5,1.0,False,0,False,False,False,False,Basic,0.5,0.0,39,0,2,0.0,0,0.0,0,0.0,0,1,0,0,0,19.0,5.0,1
A-f44180,2023-10-01,Cybersecurity,UK,event,230,4,24079,121,89,0.0,False,0,False,False,False,False,Enterprise,1.0,0.0,12,3,1,3.0,3,3.0,22,3345.0,0,0,0,0,0,0.0,0.0,0
A-f446b6,2023-10-01,DevTools,DE,ads,142,2,798,42,30,0.5,False,0,False,False,False,False,Basic,0.0,0.0,10,1,4,0.25,1,0.25,8,3344.0,1,0,2,0,1,30.5,5.0,0
A-f97b9a,2023-10-01,FinTech,US,event,84,1,0,16,16,1.0,True,1,False,False,False,False,Enterprise,1.0,0.0,2,2,4,0.5,2,0.333,19,5438.0,0,1,0,0,0,5.0,4.0,0
A-fa3095,2023-10-01,FinTech,US,ads,28,1,0,70,70,1.0,False,1,False,False,False,False,Enterprise,1.0,0.0,18,1,6,0.167,1,0.167,11,4653.0,0,0,0,0,0,0.0,4.0,0
A-fdfc91,2023-10-01,Cybersecurity,US,ads,148,3,1653,87,29,0.333,False,0,False,False,False,True,Basic,0.0,0.0,0,2,8,0.25,2,0.2,15,3234.0,1,0,0,0,0,0.0,4.0,0
A-ff3c73,2023-10-01,HealthTech,AU,other,248,4,2682,129,66,0.25,True,1,False,False,False,False,Basic,0.0,0.25,25,2,3,0.667,2,0.667,26,4283.0,1,0,0,0,0,0.0,3.0,0
A-00bed1,2023-11-01,Cybersecurity,US,ads,0,0,0,0,0,0.0,0,0,0,0,0,0,0,0.0,0.0,3,2,5,0.4,2,0.4,24,2580.0,0,0,0,0,0,0.0,4.0,0
A-00cac8,2023-11-01,HealthTech,AU,organic,47,1,392,8,8,1.0,False,0,False,False,False,False,Pro,0.0,1.0,24,2,7,0.286,2,0.333,15,1447.5,1,0,1,0,1,1.0,4.0,0
A-019782,2023-11-01,DevTools,FR,event,196,5,7548,72,17,0.2,True,0,False,False,False,False,Enterprise,0.4,0.4,11,1,4,0.25,1,0.25,19,893.0,1,0,0,0,0,0.0,0.0,0
A-02fac6,2023-11-01,FinTech,US,event,209,1,1078,22,22,0.0,False,0,False,False,False,False,Pro,0.0,1.0,0,5,4,1.25,4,1.0,58,1836.0,1,2,1,0,0,24.667,5.0,0
A-034368,2023-11-01,EdTech,US,event,0,0,0,0,0,0.0,0,0,0,0,0,0,0,0.0,0.0,10,1,1,1.0,1,1.0,12,3912.0,1,0,1,0,0,65.0,5.0,0
A-05d3b3,2023-11-01,DevTools,AU,ads,157,4,4433,102,55,0.25,False,1,False,False,False,False,Basic,0.25,0.25,0,6,0,0.0,6,0.0,76,4568.667,1,0,3,0,0,23.667,4.0,0
A-05f0e5,2023-11-01,FinTech,US,partner,181,4,9838,142,46,0.0,True,0,False,False,False,False,Basic,0.25,0.25,1,3,5,0.6,3,0.6,34,1286.667,1,1,0,0,0,11.0,4.0,0
A-068fc6,2023-11-01,EdTech,US,event,107,1,1715,35,35,1.0,False,0,False,False,False,False,Pro,0.0,1.0,18,5,5,1.0,5,1.0,44,1642.4,1,0,1,0,1,46.0,4.0,0
A-075038,2023-11-01,HealthTech,UK,ads,173,1,5047,103,103,0.0,False,0,False,False,False,False,Pro,0.0,1.0,13,1,9,0.111,1,0.111,10,480.0,0,0,0,0,0,0.0,3.0,0
A-089363,2023-11-01,FinTech,AU,event,179,2,98,33,31,0.5,True,1,False,False,False,False,Enterprise,0.5,0.5,7,6,4,1.5,6,1.5,66,2363.0,1,0,1,0,0,21.0,4.0,1
A-09540c,2023-11-01,Cybersecurity,CA,event,2,0,0,0,0,0.0,0,0,0,0,0,0,0,0.0,0.0,0,2,4,0.5,2,0.5,19,2827.5,1,0,0,0,0,0.0,5.0,0
A-098560,2023-11-01,DevTools,UK,ads,11,0,0,0,0,0.0,0,0,0,0,0,0,0,0.0,0.0,2,2,3,0.667,2,0.5,19,3372.5,0,0,1,1,0,1.0,3.0,0
A-0dbdc6,2023-11-01,Cybersecurity,DE,other,262,1,0,30,30,0.0,False,1,False,False,False,False,Pro,0.0,1.0,14,1,5,0.2,1,0.2,11,3311.0,0,0,3,0,0,42.667,4.0,1
A-0f3e88,2023-11-01,HealthTech,US,other,101,2,589,31,24,0.5,False,0,False,False,False,False,Basic,0.0,0.0,9,3,3,1.0,3,1.0,27,1375.333,1,0,0,0,0,0.0,0.0,0
A-10b8da,2023-11-01,DevTools,US,partner,177,2,3649,31,17,0.5,True,0,False,False,False,False,Basic,0.5,0.0,91,0,0,0.0,0,0.0,0,0.0,0,0,1,0,0,24.0,4.0,0
A-10b8f2,2023-11-01,HealthTech,DE,organic,294,6,13861,293,54,0.167,True,2,False,False,False,False,Basic,0.167,0.167,19,2,4,0.5,2,0.4,14,1090.0,1,0,0,0,0,0.0,0.0,0
A-13466a,2023-11-01,DevTools,AU,event,10,0,0,0,0,0.0,0,0,0,0,0,0,0,0.0,0.0,0,1,2,0.5,1,0.5,9,45.0,0,0,0,0,0,0.0,5.0,1
A-151c9a,2023-11-01,FinTech,US,ads,278,2,2548,52,29,0.5,False,0,False,False,False,False,Pro,0.0,1.0,13,3,3,1.0,3,1.0,34,3876.0,1,0,0,0,0,0.0,0.0,1
A-157070,2023-11-01,FinTech,US,ads,0,0,0,0,0,0.0,0,0,0,0,0,0,0,0.0,0.0,13,5,6,0.833,6,1.0,54,3888.167,1,0,1,1,1,25.0,4.0,0
A-158f4e,2023-11-01,FinTech,IN,other,243,5,8296,305,61,0.4,True,1,False,False,False,False,Pro,0.0,0.6,7,5,2,2.5,5,2.5,40,2452.6,1,0,0,0,0,0.0,4.0,0
A-180abf,2023-11-01,DevTools,US,event,79,1,12736,64,64,0.0,True,0,False,False,False,False,Enterprise,1.0,0.0,4,1,3,0.333,1,0.333,7,4011.0,0,0,1,0,0,65.0,4.0,0
A-186a44,2023-11-01,HealthTech,US,ads,86,2,1360,40,20,0.0,True,0,False,False,True,False,Basic,0.0,0.5,21,4,7,0.571,2,0.286,37,3781.25,1,0,0,0,0,0.0,3.0,0
A-1986ca,2023-11-01,HealthTech,IN,ads,275,1,3980,20,20,0.0,True,0,False,False,False,False,Enterprise,1.0,0.0,18,1,1,1.0,1,1.0,6,2460.0,0,0,0,0,0,0.0,4.0,0
A-19b2c8,2023-11-01,DevTools,IN,other,148,5,3775,115,33,0.4,True,0,False,False,False,False,Basic,0.0,0.4,19,2,6,0.333,2,0.286,18,1011.5,1,0,0,0,0,0.0,4.0,0
A-1b707d,2023-11-01,Cybersecurity,US,organic,110,0,0,0,0,0.0,0,0,0,0,0,0,0,0.0,0.0,14,1,1,1.0,1,1.0,10,3630.0,0,0,1,0,0,45.0,4.0,0
A-1b9609,2023-11-01,EdTech,IN,ads,20,0,0,0,0,0.0,0,0,0,0,0,0,0,0.0,0.0,4,3,5,0.6,3,0.6,25,1843.333,1,0,0,0,0,0.0,4.0,0
A-1e1b80,2023-11-01,FinTech,CA,other,50,1,950,50,50,1.0,False,0,False,False,False,False,Basic,0.0,0.0,24,2,9,0.222,2,0.25,24,2902.5,1,0,0,0,0,0.0,3.0,0
A-1e50e0,2023-11-01,Cybersecurity,DE,other,253,2,3781,38,19,0.5,False,1,False,False,False,False,Enterprise,1.0,0.0,9,1,0,0.0,1,0.0,9,5130.0,0,0,0,0,0,0.0,0.0,1
A-1f0ac7,2023-11-01,HealthTech,UK,other,66,0,0,0,0,0.0,0,0,0,0,0,0,0,0.0,0.0,19,2,5,0.4,1,0.2,16,1072.5,0,0,0,0,0,0.0,4.0,0
A-1f559b,2023-11-01,HealthTech,US,organic,58,0,0,0,0,0.0,0,0,0,0,0,0,0,0.0,0.0,5,2,3,0.667,2,0.667,22,1333.0,0,0,1,0,0,48.0,4.0,0
A-1f7acb,2023-11-01,FinTech,UK,ads,87,3,15168,192,64,0.667,True,0,False,False,False,True,Basic,0.333,0.0,0,3,5,0.6,3,0.6,25,2155.667,1,0,0,0,0,0.0,3.0,0
A-271f46,2023-11-01,DevTools,US,event,265,2,1444,76,38,0.5,False,0,False,False,False,False,Basic,0.0,0.0,3,4,1,4.0,4,4.0,53,2453.2,0,0,0,0,0,0.0,4.0,0
A-296d7c,2023-11-01,DevTools,DE,other,0,0,0,0,0,0.0,0,0,0,0,0,0,0,0.0,0.0,19,2,2,1.0,2,1.0,17,2551.5,1,0,0,0,0,0.0,4.0,0
A-297a2d,2023-11-01,HealthTech,UK,event,180,2,7164,63,36,0.5,True,1,False,False,False,True,Basic,0.5,0.0,6,1,3,0.333,1,0.333,12,2148.0,0,0,0,0,0,0.0,3.0,0
A-2b9d3e,2023-11-01,EdTech,US,partner,150,1,209,11,11,0.0,False,0,False,False,False,False,Basic,0.0,0.0,32,0,3,0.0,0,0.0,0,0.0,0,0,1,0,0,33.0,4.0,0
A-2bc93d,2023-11-01,HealthTech,US,event,232,3,11126,74,40,0.667,False,0,False,False,False,False,Enterprise,0.667,0.0,1,2,3,0.667,2,1.0,27,5654.5,0,0,0,0,0,0.0,4.0,0
A-2e3bad,2023-11-01,FinTech,CA,other,80,1,12139,61,61,1.0,False,0,False,False,False,False,Enterprise,1.0,0.0,6,1,5,0.2,1,0.2,11,2046.0,0,0,0,0,0,0.0,4.0,0
A-2ebb4b,2023-11-01,HealthTech,US,ads,170,4,15723,188,65,0.5,False,1,False,False,False,False,Basic,0.25,0.25,6,3,4,0.75,3,0.6,31,2471.0,1,0,0,0,0,0.0,3.0,0
A-2edab2,2023-11-01,HealthTech,US,event,0,0,0,0,0,0.0,0,0,0,0,0,0,0,0.0,0.0,1,1,1,1.0,2,2.0,18,3734.0,1,1,0,0,0,48.0,3.0,0
A-313be3,2023-11-01,EdTech,US,partner,0,0,0,0,0,0.0,0,0,0,0,0,0,0,0.0,0.0,28,1,4,0.25,1,0.25,9,2340.0,0,0,0,0,0,0.0,4.0,0
A-32728c,2023-11-01,DevTools,US,event,302,4,3320,80,20,0.5,False,0,False,False,False,False,Pro,0.0,0.75,25,1,4,0.25,1,0.25,7,3087.0,0,0,0,0,0,0.0,4.0,0
A-328bd0,2023-11-01,HealthTech,AU,partner,169,5,5883,115,33,0.6,False,1,False,False,False,False,Basic,0.2,0.2,4,3,3,1.0,3,1.0,31,5613.667,1,0,1,0,0,8.0,4.0,0
A-32fb14,2023-11-01,DevTools,US,event,239,2,494,52,26,0.5,False,1,False,False,False,False,Basic,0.0,0.0,11,3,6,0.5,2,0.4,24,1825.333,1,0,0,0,0,0.0,4.0,0
A-337bc1,2023-11-01,Cybersecurity,US,organic,105,1,1470,30,30,1.0,False,0,False,False,False,False,Pro,0.0,1.0,6,1,2,0.5,1,0.5,11,561.0,0,0,1,0,0,21.0,4.0,0
A-35083d,2023-11-01,HealthTech,IN,partner,187,3,7562,57,19,0.333,False,1,False,False,False,True,Enterprise,1.0,0.0,18,4,7,0.571,4,0.5,40,4010.75,1,1,1,0,0,42.5,5.0,0
A-3793ee,2023-11-01,Cybersecurity,CA,organic,225,0,0,0,0,0.0,0,0,0,0,0,0,0,0.0,0.0,0,3,2,1.5,3,1.5,29,2986.333,0,0,1,0,0,9.0,4.0,0
A-37f969,2023-11-01,HealthTech,IN,partner,18,1,1470,30,30,0.0,True,0,False,False,False,False,Pro,0.0,1.0,24,1,3,0.333,1,0.333,16,4016.0,1,0,1,0,0,6.0,4.0,0
A-3932db,2023-11-01,HealthTech,CA,other,28,0,0,0,0,0.0,0,0,0,0,0,0,0,0.0,0.0,12,1,2,0.5,1,0.5,10,2810.0,1,0,2,0,1,32.0,3.0,0
A-39b19f,2023-11-01,FinTech,US,partner,271,4,5635,115,55,0.5,False,0,False,False,False,False,Pro,0.0,1.0,19,3,6,0.5,3,0.5,24,999.333,0,0,1,0,0,25.0,4.0,0
A-3b37d9,2023-11-01,FinTech,US,event,278,3,10281,69,23,0.0,True,0,False,False,False,False,Enterprise,0.667,0.333,4,2,5,0.4,2,0.4,20,2446.0,0,0,1,0,0,41.0,4.0,0
A-3b5cd1,2023-11-01,FinTech,US,event,50,3,2548,65,31,0.667,True,1,False,False,True,False,Pro,0.0,1.0,33,0,4,0.0,0,0.0,0,0.0,0,1,0,0,0,9.0,4.0,0
A-3be56b,2023-11-01,HealthTech,IN,event,6,0,0,0,0,0.0,0,0,0,0,0,0,0,0.0,0.0,6,2,3,0.667,2,0.667,15,2605.0,0,0,0,0,0,0.0,4.0,0
A-3c1a3f,2023-11-01,DevTools,UK,event,67,1,0,45,45,0.0,True,1,False,False,False,False,Basic,0.0,0.0,10,1,4,0.25,1,0.2,6,1104.0,0,0,2,0,0,31.5,4.0,0
A-3ce5b8,2023-11-01,FinTech,IN,ads,55,0,0,0,0,0.0,0,0,0,0,0,0,0,0.0,0.0,34,0,5,0.0,0,0.0,0,0.0,0,2,0,0,1,31.5,3.0,0
A-40de06,2023-11-01,Cybersecurity,US,event,177,4,9494,146,62,0.0,True,0,False,False,False,False,Pro,0.25,0.5,9,3,9,0.333,2,0.167,34,4592.0,1,0,0,0,0,0.0,4.0,0
A-417d2f,2023-11-01,Cybersecurity,IN,partner,120,3,10947,93,51,0.0,True,0,False,False,False,False,Basic,0.333,0.0,1,2,6,0.333,3,0.5,24,2478.0,0,0,0,0,0,0.0,4.0,0
A-425e76,2023-11-01,DevTools,UK,other,168,4,8884,76,32,0.5,True,0,False,False,False,False,Enterprise,0.5,0.25,39,0,7,0.0,0,0.0,0,0.0,0,1,0,0,0,72.0,3.0,0
A-432483,2023-11-01,Cybersecurity,US,ads,268,3,2235,19,10,0.333,True,1,False,False,False,True,Basic,0.333,0.333,77,0,2,0.0,0,0.0,0,0.0,0,0,0,0,0,0.0,0.0,0
A-43a9e3,2023-11-01,FinTech,IN,other,76,1,418,22,22,0.0,True,0,False,False,False,False,Basic,0.0,0.0,20,1,0,0.0,1,0.0,9,3771.0,0,0,0,0,0,0.0,4.0,0
A-4437e4,2023-11-01,Cybersecurity,US,event,46,0,0,0,0,0.0,0,0,0,0,0,0,0,0.0,0.0,17,3,4,0.75,3,0.75,21,2452.333,1,0,2,1,0,47.5,4.0,0
A-45ce7a,2023-11-01,FinTech,US,ads,101,1,784,16,16,1.0,False,0,False,False,True,True,Pro,0.0,1.0,31,0,3,0.0,0,0.0,0,0.0,0,0,1,0,0,42.0,3.0,0
A-474ad4,2023-11-01,EdTech,US,organic,0,0,0,0,0,0.0,0,0,0,0,0,0,0,0.0,0.0,17,4,4,1.0,3,0.75,39,4173.25,1,0,1,0,1,33.0,4.0,0
A-484819,2023-11-01,HealthTech,US,organic,253,3,7506,54,18,0.333,False,0,False,False,False,False,Enterprise,0.667,0.0,26,1,2,0.5,1,0.5,6,1590.0,0,0,0,0,0,0.0,5.0,0
A-49b828,2023-11-01,FinTech,IN,ads,180,5,15191,95,49,0.6,False,1,False,True,False,True,Enterprise,0.6,0.2,16,2,4,0.5,2,0.4,21,3678.5,1,0,0,0,0,0.0,4.0,0
A-4a4c2d,2023-11-01,DevTools,US,event,183,5,14850,270,54,0.4,False,0,False,False,True,False,Basic,0.2,0.0,3,3,8,0.375,3,0.375,26,1956.667,1,0,0,0,0,0.0,4.0,0
A-4c6f11,2023-11-01,FinTech,CA,organic,0,0,0,0,0,0.0,0,0,0,0,0,0,0,0.0,0.0,2,1,3,0.333,1,0.333,9,225.0,1,0,0,0,0,0.0,3.0,0
A-4e0e85,2023-11-01,DevTools,US,organic,54,0,0,0,0,0.0,0,0,0,0,0,0,0,0.0,0.0,16,1,3,0.333,1,0.333,12,6324.0,1,0,0,0,0,0.0,0.0,1
A-503d5a,2023-11-01,FinTech,US,other,11,1,931,49,49,1.0,False,0,True,False,False,False,Basic,0.0,0.0,23,1,6,0.167,1,0.167,11,5445.0,0,0,2,0,1,17.5,3.0,0
A-51ec1b,2023-11-01,DevTools,US,ads,0,0,0,0,0,0.0,0,0,0,0,0,0,0,0.0,0.0,9,2,3,0.667,2,0.667,20,4827.0,0,0,1,0,0,58.0,5.0,0
A-52dd88,2023-11-01,Cybersecurity,US,ads,253,2,2401,49,26,1.0,True,0,False,False,False,False,Pro,0.0,1.0,1,2,3,0.667,2,0.667,27,4252.5,0,0,0,0,0,0.0,0.0,0
A-54d94a,2023-11-01,Cybersecurity,IN,event,184,0,0,0,0,0.0,0,0,0,0,0,0,0,0.0,0.0,16,2,2,1.0,2,1.0,18,4608.0,0,0,1,0,0,18.0,4.0,0
A-54ecc2,2023-11-01,Cybersecurity,US,partner,143,3,2385,49,34,0.667,True,1,False,False,False,False,Enterprise,0.667,0.333,0,3,6,0.5,2,0.286,32,2186.0,1,0,0,0,0,0.0,5.0,0
A-558c72,2023-11-01,FinTech,US,organic,153,1,784,16,16,1.0,False,0,False,False,False,False,Pro,0.0,1.0,39,0,6,0.0,0,0.0,0,0.0,0,0,1,1,0,60.0,5.0,0
A-5a184f,2023-11-01,DevTools,DE,other,135,2,1406,93,74,0.0,False,1,False,False,False,False,Basic,0.0,0.5,0,1,4,0.25,1,0.25,6,1554.0,1,0,1,0,0,5.0,4.0,0
A-5a3eb9,2023-11-01,DevTools,CA,other,73,2,4067,83,65,0.0,False,0,False,False,False,False,Pro,0.0,1.0,3,2,5,0.4,2,0.5,25,5976.5,0,0,0,0,0,0.0,4.0,0
A-5b1bcd,2023-11-01,DevTools,US,organic,46,3,30441,219,73,0.333,False,0,False,False,False,False,Enterprise,0.667,0.0,4,4,8,0.5,3,0.429,41,2200.0,1,0,0,0,0,0.0,0.0,0
A-600734,2023-11-01,DevTools,US,organic,0,0,0,0,0,0.0,0,0,0,0,0,0,0,0.0,0.0,0,4,5,0.8,4,0.8,52,4105.5,1,1,2,0,1,45.0,3.0,0
A-659280,2023-11-01,FinTech,IN,event,0,0,0,0,0,0.0,0,0,0,0,0,0,0,0.0,0.0,1,5,1,5.0,5,5.0,54,3509.2,1,0,0,0,0,0.0,4.0,0
A-65a46c,2023-11-01,HealthTech,US,event,0,0,0,0,0,0.0,0,0,0,0,0,0,0,0.0,0.0,3,3,1,3.0,2,2.0,19,2144.333,1,1,0,0,0,62.0,3.0,0
A-67be94,2023-11-01,EdTech,US,organic,211,2,7857,63,37,1.0,True,0,False,False,False,False,Basic,0.5,0.0,1,1,1,1.0,1,1.0,12,5052.0,0,0,0,0,0,0.0,5.0,0
A-68f37c,2023-11-01,HealthTech,US,ads,109,3,24875,142,121,0.667,False,1,False,False,False,True,Enterprise,0.667,0.333,1,3,4,0.75,3,0.75,25,2248.333,1,0,0,0,0,0.0,4.0,0
A-69b156,2023-11-01,EdTech,US,other,0,0,0,0,0,0.0,0,0,0,0,0,0,0,0.0,0.0,19,1,2,0.5,1,0.5,10,3750.0,1,0,0,0,0,0.0,4.0,0
A-69fad4,2023-11-01,FinTech,UK,ads,209,3,2144,56,35,0.667,True,0,False,False,False,False,Basic,0.333,0.0,5,2,2,1.0,2,1.0,26,3075.0,0,0,1,0,0,71.0,4.0,0
A-6a4e2d,2023-11-01,EdTech,UK,partner,208,4,7195,141,56,0.0,True,1,False,False,False,False,Enterprise,0.5,0.25,3,3,3,1.0,4,1.333,46,3941.75,0,0,0,0,0,0.0,0.0,0
A-6c093d,2023-11-01,DevTools,US,partner,201,3,922,90,62,0.333,True,1,False,False,False,False,Basic,0.0,0.333,8,3,5,0.6,3,0.75,34,4086.333,1,0,0,0,0,0.0,4.0,0
A-6da850,2023-11-01,FinTech,IN,organic,25,1,1666,34,34,1.0,False,0,False,True,False,False,Pro,0.0,1.0,2,3,4,0.75,3,0.75,28,3653.333,1,0,1,0,0,12.0,4.0,0
A-6dee43,2023-11-01,FinTech,UK,other,81,2,2502,18,12,0.0,False,0,False,False,False,False,Basic,0.5,0.0,2,4,4,1.0,6,1.5,71,4549.167,0,1,0,0,1,24.0,3.0,0
A-6e08f3,2023-11-01,Cybersecurity,US,event,247,1,0,24,24,1.0,False,1,False,False,False,False,Enterprise,1.0,0.0,2,1,5,0.2,1,0.2,10,4060.0,0,0,0,0,0,0.0,3.0,0
A-6e7827,2023-11-01,DevTools,US,other,220,2,563,17,9,0.5,False,0,False,False,False,False,Basic,0.0,0.5,16,1,3,0.333,1,0.5,9,1341.0,0,0,0,0,0,0.0,0.0,0
A-6f50ae,2023-11-01,FinTech,US,partner,41,0,0,0,0,0.0,0,0,0,0,0,0,0,0.0,0.0,6,1,8,0.125,1,0.111,10,600.0,0,0,0,0,0,0.0,5.0,1
A-702032,2023-11-01,HealthTech,US,ads,29,0,0,0,0,0.0,0,0,0,0,0,0,0,0.0,0.0,11,2,3,0.667,2,0.667,20,4045.5,1,0,0,0,0,0.0,3.0,0
A-712533,2023-11-01,EdTech,US,organic,93,1,0,18,18,1.0,False,1,False,False,False,False,Enterprise,1.0,0.0,9,3,2,1.5,4,2.0,44,3266.25,1,0,0,0,0,0.0,3.0,0
A-726cfa,2023-11-01,DevTools,US,partner,123,5,9988,112,30,0.4,True,0,False,False,False,False,Pro,0.2,0.8,2,4,6,0.667,4,0.667,31,2120.25,0,0,1,0,0,61.0,4.0,0
A-72799b,2023-11-01,DevTools,FR,event,0,0,0,0,0,0.0,0,0,0,0,0,0,0,0.0,0.0,12,3,7,0.429,3,0.429,20,1226.0,1,0,0,0,0,0.0,0.0,0
A-756192,2023-11-01,FinTech,IN,other,143,2,931,38,19,1.0,True,1,False,False,False,True,Pro,0.0,1.0,16,1,3,0.333,1,0.333,8,2584.0,0,0,0,0,0,0.0,5.0,0
A-7641d3,2023-11-01,EdTech,US,partner,258,3,1744,27,11,1.0,True,1,False,False,False,False,Basic,0.333,0.333,16,1,5,0.2,1,0.2,13,4810.0,1,0,0,0,0,0.0,5.0,1
A-779e4e,2023-11-01,HealthTech,US,organic,303,5,17255,125,58,0.4,False,0,False,False,False,False,Enterprise,0.4,0.4,51,0,2,0.0,0,0.0,0,0.0,0,0,0,0,0,0.0,5.0,0
A-7920cc,2023-11-01,Cybersecurity,FR,ads,0,0,0,0,0,0.0,0,0,0,0,0,0,0,0.0,0.0,6,1,8,0.125,1,0.125,10,4940.0,0,1,1,0,1,45.0,5.0,0
A-794a0b,2023-11-01,HealthTech,DE,organic,152,1,0,23,23,0.0,False,1,False,False,False,False,Pro,0.0,1.0,18,2,3,0.667,2,1.0,15,2372.5,1,0,0,0,0,0.0,0.0,0
A-798a3f,2023-11-01,DevTools,FR,other,13,0,0,0,0,0.0,0,0,0,0,0,0,0,0.0,0.0,13,2,4,0.5,2,0.5,24,2376.0,1,0,0,0,0,0.0,3.0,0
A-7c4956,2023-11-01,DevTools,US,ads,179,3,707,23,9,0.667,True,0,False,False,False,False,Basic,0.0,0.333,28,1,3,0.333,1,0.333,5,155.0,0,0,0,0,0,0.0,0.0,0
A-7df7a7,2023-11-01,DevTools,US,organic,277,7,14815,199,85,0.857,True,2,False,False,False,False,Enterprise,0.429,0.429,16,3,5,0.6,3,0.5,28,3554.667,1,0,0,0,0,0.0,4.0,0
A-7e0a10,2023-11-01,FinTech,US,ads,0,0,0,0,0,0.0,0,0,0,0,0,0,0,0.0,0.0,1,3,1,3.0,3,3.0,35,4380.0,1,0,1,0,1,11.0,3.0,0
A-7f4db3,2023-11-01,FinTech,US,other,241,7,4308,81,39,0.571,True,1,False,False,False,False,Pro,0.286,0.571,4,4,5,0.8,3,0.6,45,4031.25,1,0,0,0,0,0.0,3.0,0
A-7f6b86,2023-11-01,HealthTech,US,partner,69,3,3746,149,59,0.333,True,1,False,True,False,False,Pro,0.0,0.667,1,4,4,1.0,4,1.0,36,3143.75,1,0,0,0,0,0.0,3.0,0
A-7f8241,2023-11-01,EdTech,US,organic,232,8,21488,272,34,0.5,True,0,False,False,False,False,Pro,0.25,0.5,4,4,1,4.0,4,4.0,41,2407.5,1,0,0,0,0,0.0,0.0,0
A-80eeb6,2023-11-01,Cybersecurity,UK,organic,176,5,20052,168,68,0.8,False,0,False,False,False,True,Basic,0.4,0.2,7,6,5,1.2,6,1.2,43,2418.667,1,0,0,0,0,0.0,3.0,0
A-8145a0,2023-11-01,Cybersecurity,AU,partner,190,3,6408,72,44,0.667,False,0,False,False,False,False,Enterprise,0.667,0.0,2,4,3,1.333,4,1.333,46,4521.5,1,0,2,0,1,18.0,3.0,0
A-81edc3,2023-11-01,Cybersecurity,IN,ads,2,0,0,0,0,0.0,0,0,0,0,0,0,0,0.0,0.0,13,4,3,1.333,4,1.333,41,2180.75,1,0,0,0,0,0.0,3.0,0
A-84ebe4,2023-11-01,FinTech,US,ads,234,3,8103,57,21,0.0,True,0,False,False,False,False,Enterprise,0.667,0.0,7,3,2,1.5,3,1.5,23,1867.0,0,0,1,0,0,67.0,4.0,0
A-856b1e,2023-11-01,FinTech,US,partner,1,0,0,0,0,0.0,0,0,0,0,0,0,0,0.0,0.0,15,1,0,0.0,1,0.0,13,832.0,0,0,0,0,0,0.0,4.0,0
A-86902e,2023-11-01,HealthTech,IN,other,183,2,0,68,34,1.0,False,2,False,False,False,False,Basic,0.0,0.5,4,1,3,0.333,1,0.25,10,4440.0,0,0,0,0,0,0.0,3.0,0
A-8ed5dd,2023-11-01,EdTech,UK,event,125,1,245,5,5,0.0,False,0,False,False,False,False,Pro,0.0,1.0,6,2,4,0.5,2,0.5,12,2236.0,0,0,0,0,0,0.0,5.0,0
A-9123ac,2023-11-01,Cybersecurity,DE,organic,134,1,171,9,9,1.0,False,0,False,False,False,False,Basic,0.0,0.0,32,0,2,0.0,0,0.0,0,0.0,0,0,0,0,0,0.0,4.0,0
A-91e948,2023-11-01,EdTech,AU,partner,276,1,779,41,41,1.0,False,0,False,False,False,False,Basic,0.0,0.0,9,1,2,0.5,1,0.5,13,5291.0,0,0,0,0,0,0.0,0.0,0
A-9208f0,2023-11-01,EdTech,US,organic,174,6,3511,87,38,0.5,False,1,False,False,False,True,Basic,0.333,0.167,11,3,3,1.0,3,1.0,27,3345.0,0,0,1,0,0,32.0,4.0,1
A-9289f6,2023-11-01,EdTech,US,event,154,2,646,34,22,0.0,False,0,False,False,False,False,Basic,0.0,0.0,18,1,4,0.25,1,0.25,3,48.0,0,1,1,0,0,8.5,3.0,0
A-92a333,2023-11-01,FinTech,US,event,222,2,6738,42,33,0.0,False,0,False,False,True,False,Basic,0.5,0.0,7,2,2,1.0,2,1.0,20,955.0,0,0,0,0,0,0.0,4.0,0
A-94c3cd,2023-11-01,FinTech,CA,other,42,0,0,0,0,0.0,0,0,0,0,0,0,0,0.0,0.0,8,1,3,0.333,1,0.333,7,2674.0,1,0,0,0,0,0.0,4.0,0
A-94d3da,2023-11-01,HealthTech,US,other,182,5,12177,205,41,0.4,True,2,False,False,False,False,Pro,0.2,0.8,19,1,4,0.25,1,0.2,8,3240.0,1,0,1,0,1,27.0,3.0,0
A-95b24a,2023-11-01,FinTech,US,event,148,5,13171,199,47,0.4,True,0,False,False,False,False,Basic,0.2,0.4,6,2,4,0.5,2,0.4,25,1380.0,1,0,1,0,0,9.0,4.0,0
A-96e141,2023-11-01,DevTools,UK,partner,81,1,0,40,40,1.0,False,1,False,False,False,False,Enterprise,1.0,0.0,23,1,1,1.0,1,1.0,11,4565.0,0,0,0,0,0,0.0,4.0,0
A-977ca0,2023-11-01,HealthTech,IN,partner,254,7,25347,249,92,0.714,True,1,False,False,False,False,Pro,0.286,0.429,9,5,5,1.0,5,1.0,57,3384.0,0,0,1,0,0,56.0,4.0,0
A-98a59a,2023-11-01,FinTech,UK,partner,89,2,3808,112,56,0.5,False,0,False,False,False,False,Basic,0.0,0.5,1,2,2,1.0,2,1.0,22,1441.0,0,0,0,0,0,0.0,4.0,0
A-993085,2023-11-01,HealthTech,US,ads,153,7,32746,244,49,0.429,True,0,True,False,True,False,Enterprise,0.571,0.143,3,4,9,0.444,5,0.556,41,2712.0,0,0,0,0,0,0.0,0.0,0
A-9affe6,2023-11-01,Cybersecurity,US,other,224,4,3983,77,56,0.5,True,0,False,True,False,False,Basic,0.5,0.0,4,2,5,0.4,2,0.5,30,3825.0,1,0,0,0,0,0.0,3.0,0
A-9b9fe9,2023-11-01,EdTech,AU,other,34,1,0,11,11,1.0,False,1,False,False,False,False,Basic,0.0,0.0,12,1,4,0.25,1,0.25,10,4810.0,0,0,0,0,0,0.0,5.0,0
A-9bfc9f,2023-11-01,DevTools,CA,ads,48,2,2597,106,53,1.0,False,1,False,False,False,False,Pro,0.0,1.0,1,3,4,0.75,4,1.0,44,3275.5,1,0,1,0,0,27.0,3.0,0
A-9c18c4,2023-11-01,HealthTech,US,ads,97,2,4009,31,19,0.5,True,0,False,False,False,False,Basic,0.5,0.0,25,2,1,2.0,1,1.0,16,1940.0,1,0,0,0,0,0.0,5.0,0
A-9ee962,2023-11-01,HealthTech,US,ads,246,4,3136,73,30,0.25,True,1,False,False,False,True,Pro,0.0,0.75,20,1,1,1.0,1,1.0,13,4511.0,0,0,0,0,0,0.0,4.0,0
A-9f9299,2023-11-01,FinTech,US,organic,60,0,0,0,0,0.0,0,0,0,0,0,0,0,0.0,0.0,2,7,5,1.4,5,1.0,81,3152.571,1,1,0,0,1,3.0,4.0,0
A-a1b80b,2023-11-01,HealthTech,US,organic,0,0,0,0,0,0.0,0,0,0,0,0,0,0,0.0,0.0,12,2,6,0.333,2,0.333,19,4857.5,1,0,0,0,0,0.0,3.0,0
A-a1bbb6,2023-11-01,DevTools,CA,organic,210,5,11821,79,28,0.6,True,0,False,False,False,False,Enterprise,0.6,0.4,20,1,1,1.0,1,0.5,3,1713.0,0,1,1,0,0,8.5,4.0,0
A-a6d261,2023-11-01,FinTech,CA,other,0,0,0,0,0,0.0,0,0,0,0,0,0,0,0.0,0.0,1,3,5,0.6,3,0.5,29,3334.333,0,0,1,1,0,62.0,5.0,0
A-a7bd4b,2023-11-01,Cybersecurity,US,ads,259,4,1104,41,22,0.25,True,1,False,True,False,False,Pro,0.0,0.75,5,4,2,2.0,4,2.0,50,2515.75,1,0,0,0,0,0.0,3.0,0
A-a8b49c,2023-11-01,Cybersecurity,UK,partner,26,1,133,7,7,0.0,False,0,False,False,False,False,Basic,0.0,0.0,7,4,4,1.0,4,0.667,54,4154.25,1,0,1,0,0,72.0,4.0,0
A-aa9511,2023-11-01,DevTools,US,other,22,3,6141,69,23,0.667,False,0,False,False,False,False,Basic,0.333,0.333,3,6,5,1.2,5,1.0,60,3238.0,1,0,1,0,1,57.0,4.0,0
A-ac14bb,2023-11-01,FinTech,US,partner,54,2,5208,42,21,0.5,True,0,False,False,False,False,Enterprise,0.5,0.5,0,2,5,0.4,2,0.4,20,2910.0,0,0,0,0,0,0.0,0.0,0
A-ac9111,2023-11-01,HealthTech,US,event,81,4,3206,104,41,0.25,False,0,False,False,True,False,Basic,0.0,0.25,1,6,6,1.0,6,1.0,62,2857.143,1,0,0,0,0,0.0,5.0,0
A-ad3abd,2023-11-01,FinTech,US,event,243,3,11748,132,44,0.333,True,0,False,False,False,False,Basic,0.333,0.333,38,0,2,0.0,0,0.0,0,0.0,0,0,1,0,0,13.0,3.0,0
A-af0cd2,2023-11-01,Cybersecurity,IN,other,302,7,4085,144,30,0.429,True,1,False,True,False,False,Basic,0.0,0.429,6,5,5,1.0,4,0.8,51,2516.6,1,0,1,0,0,58.0,4.0,0
A-b11cd0,2023-11-01,DevTools,US,ads,285,3,494,78,26,1.0,False,2,False,False,False,False,Basic,0.0,0.0,31,0,4,0.0,0,0.0,0,0.0,0,0,0,0,0,0.0,5.0,0
A-b7724f,2023-11-01,HealthTech,UK,organic,218,1,627,33,33,1.0,False,0,False,False,False,False,Basic,0.0,0.0,34,0,5,0.0,0,0.0,0,0.0,0,0,0,0,0,0.0,0.0,0
A-b9f5b1,2023-11-01,Cybersecurity,US,other,281,2,0,57,42,0.5,True,2,False,False,False,False,Enterprise,1.0,0.0,16,2,3,0.667,2,0.667,19,2458.0,0,0,1,0,0,25.0,3.0,0
A-ba6516,2023-11-01,FinTech,US,ads,3,0,0,0,0,0.0,0,0,0,0,0,0,0,0.0,0.0,0,2,3,0.667,2,0.667,23,4906.0,1,0,0,0,0,0.0,5.0,0
A-bad8c1,2023-11-01,FinTech,AU,organic,245,2,3444,96,54,1.0,False,0,False,False,False,False,Basic,0.0,0.5,59,0,2,0.0,0,0.0,0,0.0,0,0,0,0,0,0.0,0.0,0
A-bb2f49,2023-11-01,Cybersecurity,US,other,157,3,13524,126,68,0.667,False,0,False,False,False,False,Pro,0.333,0.667,18,3,5,0.6,3,0.6,24,1052.333,1,0,0,0,0,0.0,4.0,0
A-bbe56f,2023-11-01,HealthTech,US,ads,258,2,4578,42,21,0.5,False,0,False,False,False,True,Basic,0.5,0.0,25,1,2,0.5,1,0.5,10,5030.0,0,0,0,0,0,0.0,0.0,0
A-bcf664,2023-11-01,DevTools,US,other,166,4,2689,104,59,0.75,False,2,False,False,False,False,Basic,0.0,0.25,13,2,8,0.25,2,0.333,21,2847.0,0,0,1,0,1,25.0,3.0,0
A-c1dfe1,2023-11-01,DevTools,DE,ads,86,1,494,26,26,1.0,True,0,False,False,False,False,Basic,0.0,0.0,18,2,5,0.4,2,0.4,19,2313.5,1,0,0,0,0,0.0,4.0,0
A-c4ea60,2023-11-01,FinTech,DE,other,237,2,1254,66,48,0.5,True,0,False,False,False,False,Basic,0.0,0.0,9,2,4,0.5,2,0.667,14,3369.0,1,0,0,0,0,0.0,3.0,0
A-c608c8,2023-11-01,DevTools,DE,ads,188,2,1791,9,6,0.5,False,0,False,False,False,False,Enterprise,1.0,0.0,3,1,5,0.2,1,0.2,9,1305.0,1,0,1,0,0,60.0,3.0,0
A-c62e55,2023-11-01,EdTech,US,partner,266,0,0,0,0,0.0,0,0,0,0,0,0,0,0.0,0.0,13,1,1,1.0,1,1.0,12,2916.0,1,0,1,0,0,15.0,3.0,0
A-c7e58b,2023-11-01,HealthTech,IN,other,129,1,57,3,3,0.0,False,0,False,False,False,False,Basic,0.0,0.0,3,4,3,1.333,5,1.667,45,1470.4,1,0,0,0,0,0.0,0.0,0
A-c7ffc2,2023-11-01,Cybersecurity,US,partner,278,5,14661,279,132,0.6,True,0,False,True,False,True,Basic,0.2,0.2,16,1,6,0.167,1,0.167,12,3360.0,0,1,0,0,0,63.0,4.0,1
A-cab532,2023-11-01,DevTools,FR,organic,212,3,9353,47,25,1.0,True,0,False,False,False,False,Enterprise,1.0,0.0,17,4,4,1.0,3,0.6,46,5491.5,1,0,0,0,0,0.0,0.0,0
A-cb6cc6,2023-11-01,DevTools,US,ads,212,3,513,40,14,0.333,True,1,False,False,False,True,Basic,0.333,0.0,9,1,2,0.5,1,0.5,11,2310.0,0,0,0,0,0,0.0,0.0,0
A-cbbe12,2023-11-01,Cybersecurity,DE,partner,224,2,1960,80,40,0.5,False,1,False,False,False,False,Pro,0.0,1.0,18,1,3,0.333,1,0.333,8,2256.0,0,0,1,0,1,19.0,4.0,0
A-cc98bc,2023-11-01,DevTools,US,ads,161,5,16137,185,57,0.6,False,1,False,False,False,False,Enterprise,0.6,0.2,2,2,2,1.0,2,1.0,24,4840.0,0,0,0,0,0,0.0,4.0,0
A-ce66f8,2023-11-01,EdTech,CA,event,70,1,551,29,29,1.0,False,0,False,False,False,False,Basic,0.0,0.0,9,1,2,0.5,1,0.5,11,3311.0,0,0,1,0,0,34.0,3.0,0
A-d49cc5,2023-11-01,Cybersecurity,FR,event,43,0,0,0,0,0.0,0,0,0,0,0,0,0,0.0,0.0,6,3,6,0.5,3,0.429,42,5965.333,1,0,0,0,0,0.0,0.0,0
A-d5a319,2023-11-01,FinTech,US,other,181,3,735,45,15,0.333,False,2,True,False,False,False,Pro,0.0,0.667,6,2,8,0.25,2,0.222,22,2863.0,0,0,0,0,0,0.0,0.0,0
A-d77f4c,2023-11-01,DevTools,US,partner,37,1,152,8,8,1.0,False,0,False,False,False,False,Basic,0.0,0.0,0,3,8,0.375,3,0.375,39,4347.0,1,0,0,0,0,0.0,5.0,0
A-d792a6,2023-11-01,DevTools,US,organic,282,9,7358,107,37,0.556,True,2,True,False,False,False,Enterprise,0.444,0.222,0,4,5,0.8,4,1.0,31,1271.25,1,0,0,0,0,0.0,4.0,0
A-d922bf,2023-11-01,HealthTech,US,ads,54,1,5970,30,30,0.0,False,0,False,False,False,False,Enterprise,1.0,0.0,2,3,4,0.75,3,0.6,35,4039.667,0,0,1,0,0,72.0,4.0,0
A-dcc2f0,2023-11-01,FinTech,UK,organic,102,1,285,15,15,0.0,False,0,False,False,False,False,Basic,0.0,0.0,87,0,3,0.0,0,0.0,0,0.0,0,0,0,0,0,0.0,4.0,0
A-de58ca,2023-11-01,HealthTech,DE,organic,202,6,14093,292,105,0.333,True,2,False,False,False,False,Pro,0.333,0.5,17,4,1,4.0,4,2.0,43,3740.75,1,0,0,0,0,0.0,3.0,0
A-dec005,2023-11-01,HealthTech,US,partner,19,1,0,21,21,0.0,True,1,False,False,False,False,Basic,0.0,0.0,4,2,2,1.0,2,1.0,16,1699.0,0,1,0,0,0,66.0,3.0,0
A-df10db,2023-11-01,DevTools,US,other,148,4,835,25,14,0.5,False,0,False,False,False,False,Basic,0.25,0.0,16,1,6,0.167,1,0.167,11,2376.0,0,0,0,0,0,0.0,0.0,0
A-e1462e,2023-11-01,FinTech,UK,partner,234,3,3720,58,28,0.333,True,1,False,False,False,False,Basic,0.333,0.333,67,0,4,0.0,0,0.0,0,0.0,0,0,0,0,0,0.0,4.0,0
A-e19ff6,2023-11-01,Cybersecurity,UK,partner,96,2,874,46,38,0.0,False,0,False,False,False,False,Basic,0.0,0.0,5,2,7,0.286,2,0.25,22,5821.0,0,0,0,0,0,0.0,4.0,0
A-e1b9cd,2023-11-01,DevTools,US,event,248,3,7620,180,100,0.667,True,0,False,False,False,False,Pro,0.0,0.667,4,5,8,0.625,5,0.556,47,2513.2,1,0,0,0,0,0.0,3.0,0
A-e3bd71,2023-11-01,Cybersecurity,US,partner,221,1,6169,31,31,0.0,True,0,False,False,False,False,Enterprise,1.0,0.0,4,1,2,0.5,2,1.0,18,2396.0,1,0,0,0,0,0.0,4.0,0
A-e43bf7,2023-11-01,Cybersecurity,AU,other,222,2,22686,114,70,0.5,True,0,False,False,False,False,Enterprise,1.0,0.0,50,0,6,0.0,0,0.0,0,0.0,0,0,0,0,0,0.0,0.0,0
A-e51ec7,2023-11-01,FinTech,CA,partner,39,0,0,0,0,0.0,0,0,0,0,0,0,0,0.0,0.0,2,3,3,1.0,3,1.0,30,1679.333,1,0,0,0,0,0.0,4.0,0
A-e5d6ab,2023-11-01,EdTech,US,partner,200,5,4996,81,35,0.6,False,1,False,False,False,False,Basic,0.2,0.2,16,2,2,1.0,2,1.0,17,1753.5,1,0,0,0,0,0.0,4.0,0
A-e61e98,2023-11-01,FinTech,US,partner,12,0,0,0,0,0.0,0,0,0,0,0,0,0,0.0,0.0,25,1,8,0.125,1,0.125,14,1834.0,0,1,0,0,0,71.0,5.0,0
A-e693b6,2023-11-01,FinTech,AU,event,160,3,6435,165,55,0.333,False,0,False,False,False,True,Pro,0.0,0.667,1,2,4,0.5,2,0.5,28,3367.0,0,0,0,0,0,0.0,3.0,0
A-e6afc1,2023-11-01,DevTools,US,ads,250,5,11754,154,51,0.8,True,1,False,False,False,False,Basic,0.2,0.4,6,5,8,0.625,5,0.714,47,2420.2,0,0,0,0,0,0.0,0.0,0
A-e7beab,2023-11-01,EdTech,DE,organic,12,1,4179,21,21,0.0,False,0,False,False,False,False,Enterprise,1.0,0.0,2,1,1,1.0,2,2.0,25,5977.5,0,2,1,0,0,43.333,3.0,0
A-e888d1,2023-11-01,Cybersecurity,US,other,218,4,7394,136,54,0.75,True,1,False,False,False,True,Basic,0.5,0.0,18,1,3,0.333,1,0.333,11,1738.0,1,0,1,0,0,64.0,4.0,0
A-e89151,2023-11-01,FinTech,UK,organic,48,0,0,0,0,0.0,0,0,0,0,0,0,0,0.0,0.0,2,2,8,0.25,2,0.222,15,3523.5,0,0,0,0,0,0.0,0.0,0
A-eafc6e,2023-11-01,DevTools,US,partner,118,1,1323,27,27,1.0,False,0,False,False,False,False,Pro,0.0,1.0,24,1,2,0.5,1,0.5,8,2256.0,0,0,0,0,0,0.0,4.0,0
A-eb2fdc,2023-11-01,DevTools,AU,organic,0,0,0,0,0,0.0,0,0,0,0,0,0,0,0.0,0.0,14,1,5,0.2,1,0.167,10,2410.0,0,1,0,0,0,16.0,5.0,0
A-ed510f,2023-11-01,Cybersecurity,IN,partner,288,3,2856,126,42,0.333,True,1,False,False,False,False,Basic,0.333,0.333,59,0,4,0.0,0,0.0,0,0.0,0,0,0,0,0,0.0,4.0,0
A-ee42db,2023-11-01,EdTech,DE,ads,190,4,1692,61,22,0.75,False,1,False,False,False,False,Pro,0.0,0.75,41,0,5,0.0,0,0.0,0,0.0,0,0,0,0,0,0.0,4.0,0
A-f03140,2023-11-01,DevTools,IN,event,0,0,0,0,0,0.0,0,0,0,0,0,0,0,0.0,0.0,9,3,2,1.5,3,1.5,22,1872.0,1,0,1,0,0,43.0,3.0,0
A-f17767,2023-11-01,DevTools,US,event,275,6,3671,59,26,0.667,False,0,False,False,True,True,Pro,0.167,0.5,5,5,2,2.5,5,2.5,50,3598.2,1,0,0,0,0,0.0,3.0,0
A-f19409,2023-11-01,DevTools,US,other,230,3,8399,101,44,0.0,False,0,False,False,False,False,Pro,0.333,0.667,19,3,5,0.6,3,0.6,29,3731.333,1,0,0,0,0,0.0,4.0,0
A-f19b24,2023-11-01,Cybersecurity,US,organic,295,0,0,0,0,0.0,0,0,0,0,0,0,0,0.0,0.0,20,1,1,1.0,1,1.0,9,3555.0,0,0,0,0,0,0.0,0.0,0
A-f1f639,2023-11-01,EdTech,US,ads,248,2,1090,10,5,1.0,False,0,False,False,False,False,Basic,0.5,0.0,2,2,1,2.0,2,2.0,31,5923.0,1,0,1,0,0,19.0,5.0,0
A-f44180,2023-11-01,Cybersecurity,UK,event,261,5,25870,130,89,0.2,False,0,False,False,False,False,Enterprise,1.0,0.0,17,3,3,1.0,4,1.333,43,4495.0,0,0,0,0,0,0.0,0.0,0
A-f446b6,2023-11-01,DevTools,DE,ads,173,2,798,42,30,0.5,False,0,False,False,False,False,Basic,0.0,0.0,28,2,4,0.5,2,0.5,20,3033.0,0,1,0,0,1,55.0,5.0,0
A-f97b9a,2023-11-01,FinTech,US,event,115,1,0,16,16,1.0,True,1,False,False,False,False,Enterprise,1.0,0.0,6,3,6,0.5,3,0.5,23,1368.0,0,0,1,0,0,5.0,4.0,0
A-fa3095,2023-11-01,FinTech,US,ads,59,1,0,70,70,1.0,False,1,False,False,False,False,Enterprise,1.0,0.0,10,3,3,1.0,2,0.667,24,3678.667,0,1,0,0,1,68.0,5.0,0
A-fdfc91,2023-11-01,Cybersecurity,US,ads,179,3,1653,87,29,0.333,False,0,False,False,False,False,Basic,0.0,0.0,31,0,7,0.0,0,0.0,0,0.0,0,0,0,0,0,0.0,4.0,0
A-ff3c73,2023-11-01,HealthTech,AU,other,279,5,2682,154,66,0.2,True,2,False,False,False,False,Basic,0.2,0.2,7,2,4,0.5,1,0.25,19,2668.5,1,0,0,0,0,0.0,3.0,0
A-00bed1,2023-12-01,Cybersecurity,US,ads,17,1,1159,61,61,0.0,False,0,False,True,False,False,Basic,0.0,0.0,9,2,4,0.5,2,0.5,23,2335.0,1,0,0,0,0,0.0,4.0,0
A-00cac8,2023-12-01,HealthTech,AU,organic,77,1,392,8,8,1.0,False,0,False,False,False,False,Pro,0.0,1.0,2,6,5,1.2,6,1.2,67,4382.0,0,0,1,0,1,1.0,4.0,0
A-019782,2023-12-01,DevTools,FR,event,226,5,7548,72,17,0.2,True,0,False,False,False,False,Enterprise,0.4,0.4,19,2,1,2.0,2,2.0,15,1911.5,0,0,0,0,0,0.0,0.0,0
A-02fac6,2023-12-01,FinTech,US,event,239,2,5456,44,22,0.5,False,0,False,False,False,False,Enterprise,0.5,0.5,12,6,5,1.2,6,1.2,56,3453.167,1,1,2,0,0,24.667,5.0,0
A-034368,2023-12-01,EdTech,US,event,26,0,0,0,0,0.0,0,0,0,0,0,0,0,0.0,0.0,11,1,2,0.5,1,0.5,6,1662.0,1,0,0,0,0,0.0,5.0,0
A-038089,2023-12-01,DevTools,FR,other,0,0,0,0,0,0.0,0,0,0,0,0,0,0,0.0,0.0,16,2,2,1.0,2,1.0,16,2444.0,0,0,1,0,1,61.0,3.0,0
A-05d3b3,2023-12-01,DevTools,AU,ads,187,6,4642,122,55,0.333,True,2,False,False,False,False,Basic,0.167,0.333,0,4,5,0.8,5,1.0,53,2794.0,1,0,1,0,0,46.0,4.0,0
A-05f0e5,2023-12-01,FinTech,US,partner,211,4,9838,142,46,0.0,True,0,False,False,False,False,Basic,0.25,0.25,24,1,3,0.333,1,0.333,10,3610.0,0,0,1,0,0,11.0,4.0,0
A-068fc6,2023-12-01,EdTech,US,event,137,1,1715,35,35,1.0,False,0,False,False,False,False,Pro,0.0,1.0,27,1,6,0.167,1,0.143,9,3573.0,0,0,1,0,1,46.0,4.0,0
A-075038,2023-12-01,HealthTech,UK,ads,203,4,5880,160,103,0.5,False,2,False,True,False,False,Pro,0.0,1.0,16,4,5,0.8,4,0.8,39,4895.25,0,0,0,0,0,0.0,3.0,0
A-089363,2023-12-01,FinTech,AU,event,209,3,858,73,40,0.667,True,1,False,False,False,False,Basic,0.333,0.333,0,3,6,0.5,3,0.429,31,1879.667,0,1,0,0,0,25.0,3.0,0
A-09540c,2023-12-01,Cybersecurity,CA,event,32,0,0,0,0,0.0,0,0,0,0,0,0,0,0.0,0.0,30,1,2,0.5,1,0.5,10,4710.0,0,0,0,0,0,0.0,5.0,0
A-098560,2023-12-01,DevTools,UK,ads,41,0,0,0,0,0.0,0,0,0,0,0,0,0,0.0,0.0,1,2,3,0.667,2,0.667,22,3199.0,0,0,1,1,0,1.0,3.0,0
A-0dbdc6,2023-12-01,Cybersecurity,DE,other,292,2,570,60,30,0.5,False,1,False,False,False,False,Basic,0.0,0.5,3,4,3,1.333,4,1.333,44,3746.0,0,0,2,0,0,45.5,4.0,0
A-0f3e88,2023-12-01,HealthTech,US,other,131,2,589,31,24,0.5,False,0,False,False,False,False,Basic,0.0,0.0,1,1,4,0.25,1,0.25,7,623.0,0,1,0,0,0,60.0,5.0,0
A-10b8da,2023-12-01,DevTools,US,partner,207,2,3649,31,17,0.5,True,0,False,False,False,False,Basic,0.5,0.0,2,2,0,0.0,2,0.0,15,3184.5,0,0,1,0,0,24.0,4.0,0
A-10b8f2,2023-12-01,HealthTech,DE,organic,324,6,13861,293,54,0.167,True,2,False,False,False,False,Basic,0.167,0.167,8,3,3,1.0,3,1.0,23,2905.333,1,1,0,0,1,59.0,5.0,0
A-13466a,2023-12-01,DevTools,AU,event,40,1,38,2,2,0.0,True,0,False,False,False,False,Basic,0.0,0.0,30,1,0,0.0,1,0.0,9,45.0,0,1,0,0,0,5.0,5.0,0
A-151c9a,2023-12-01,FinTech,US,ads,308,2,2548,52,29,0.5,False,0,False,False,False,False,Pro,0.0,1.0,43,0,5,0.0,0,0.0,0,0.0,0,0,0,0,0,0.0,0.0,0
A-158f4e,2023-12-01,FinTech,IN,other,273,6,9455,366,61,0.5,True,1,False,False,False,False,Basic,0.0,0.5,5,4,5,0.8,4,0.8,29,1489.0,1,0,0,0,0,0.0,4.0,0
A-180abf,2023-12-01,DevTools,US,event,109,1,12736,64,64,0.0,True,0,False,False,False,False,Enterprise,1.0,0.0,13,3,4,0.75,3,0.75,35,1804.667,0,0,0,0,0,0.0,4.0,1
A-186a44,2023-12-01,HealthTech,US,ads,116,2,1360,40,20,0.0,True,0,False,False,False,False,Basic,0.0,0.5,2,1,9,0.111,1,0.143,9,5139.0,0,0,0,0,0,0.0,3.0,0
A-1986ca,2023-12-01,HealthTech,IN,ads,305,2,3980,40,20,0.5,True,1,False,False,False,False,Enterprise,1.0,0.0,5,1,1,1.0,1,1.0,8,2152.0,0,0,0,0,0,0.0,4.0,0
A-19b2c8,2023-12-01,DevTools,IN,other,178,6,7755,135,33,0.5,True,0,False,False,False,False,Basic,0.167,0.333,9,3,4,0.75,3,0.6,27,1616.0,1,1,0,0,0,24.0,5.0,0
A-1b707d,2023-12-01,Cybersecurity,US,organic,140,2,3527,23,16,0.5,True,0,False,False,False,False,Enterprise,0.5,0.5,4,2,1,2.0,1,1.0,19,2851.0,0,0,1,0,0,45.0,4.0,0
A-1b9609,2023-12-01,EdTech,IN,ads,50,1,588,12,12,1.0,False,0,False,False,False,False,Pro,0.0,1.0,21,1,3,0.333,1,0.25,12,3276.0,0,0,0,0,0,0.0,4.0,0
A-1e1b80,2023-12-01,FinTech,CA,other,80,2,10900,100,50,0.5,True,0,False,False,False,False,Basic,0.5,0.0,13,2,7,0.286,2,0.25,21,2614.0,0,0,0,0,0,0.0,3.0,0
A-1e50e0,2023-12-01,Cybersecurity,DE,other,283,2,3781,38,19,0.5,False,1,False,False,False,False,Enterprise,1.0,0.0,13,3,1,3.0,3,3.0,22,2018.0,0,0,0,0,0,0.0,0.0,0
A-1f0ac7,2023-12-01,HealthTech,UK,other,96,0,0,0,0,0.0,0,0,0,0,0,0,0,0.0,0.0,28,1,5,0.2,1,0.25,6,2730.0,1,0,0,0,0,0.0,4.0,0
A-1f559b,2023-12-01,HealthTech,US,organic,88,0,0,0,0,0.0,0,0,0,0,0,0,0,0.0,0.0,0,2,2,1.0,2,1.0,18,3660.5,0,0,0,0,0,0.0,4.0,0
A-1f7acb,2023-12-01,FinTech,UK,ads,117,3,15168,192,64,0.667,True,0,False,False,False,False,Basic,0.333,0.0,8,4,4,1.0,4,1.0,41,2450.25,0,0,0,0,0,0.0,3.0,0
A-271f46,2023-12-01,DevTools,US,event,295,2,1444,76,38,0.5,False,0,False,False,False,False,Basic,0.0,0.0,2,2,4,0.5,2,0.5,21,4819.5,0,0,0,0,0,0.0,4.0,0
A-296d7c,2023-12-01,DevTools,DE,other,23,0,0,0,0,0.0,0,0,0,0,0,0,0,0.0,0.0,8,1,3,0.333,1,0.333,11,1617.0,0,0,0,0,0,0.0,4.0,0
A-297a2d,2023-12-01,HealthTech,UK,event,210,2,7164,63,36,0.5,True,1,False,False,False,False,Basic,0.5,0.0,4,2,2,1.0,2,1.0,11,1643.5,1,0,0,0,0,0.0,3.0,0
A-2b9d3e,2023-12-01,EdTech,US,partner,180,2,1204,16,11,0.0,False,0,False,False,False,False,Basic,0.5,0.0,1,4,2,2.0,4,2.0,49,2255.8,0,0,0,0,0,0.0,4.0,0
A-2bc93d,2023-12-01,HealthTech,US,event,262,4,15106,94,40,0.5,False,0,False,False,False,False,Enterprise,0.75,0.0,6,2,4,0.5,2,0.667,28,5349.0,0,0,0,0,0,0.0,4.0,0
A-2e3bad,2023-12-01,FinTech,CA,other,110,1,12139,61,61,1.0,False,0,False,False,False,False,Enterprise,1.0,0.0,12,3,3,1.0,3,1.0,19,2088.333,0,0,0,0,0,0.0,4.0,0
A-2ebb4b,2023-12-01,HealthTech,US,ads,200,5,15723,229,65,0.6,False,2,False,False,False,False,Basic,0.2,0.2,6,3,6,0.5,3,0.5,35,4214.0,1,0,0,0,0,0.0,3.0,0
A-2edab2,2023-12-01,HealthTech,US,event,14,2,1156,34,17,0.0,False,0,False,False,False,False,Basic,0.0,0.5,6,2,2,1.0,2,0.667,15,2541.5,1,0,1,0,0,48.0,3.0,1
A-313be3,2023-12-01,EdTech,US,partner,16,1,0,47,47,0.0,False,1,False,False,False,False,Enterprise,1.0,0.0,11,1,1,1.0,1,1.0,13,104.0,0,0,0,0,0,0.0,4.0,1
A-32728c,2023-12-01,DevTools,US,event,332,4,3320,80,20,0.5,False,0,False,False,False,False,Pro,0.0,0.75,2,3,2,1.5,3,1.5,27,3474.0,1,0,0,0,0,0.0,4.0,0
A-328bd0,2023-12-01,HealthTech,AU,partner,199,5,5883,115,33,0.6,False,1,False,False,False,False,Basic,0.2,0.2,5,4,5,0.8,4,0.8,37,3141.5,1,0,1,0,0,8.0,4.0,0
A-32fb14,2023-12-01,DevTools,US,event,269,4,1482,104,26,0.25,True,1,False,False,False,False,Basic,0.0,0.0,5,2,4,0.5,2,0.667,13,945.5,0,0,0,0,0,0.0,4.0,0
A-331424,2023-12-01,DevTools,US,organic,25,0,0,0,0,0.0,0,0,0,0,0,0,0,0.0,0.0,12,2,0,0.0,2,0.0,20,3828.5,1,0,0,0,0,0.0,4.0,0
A-337bc1,2023-12-01,Cybersecurity,US,organic,135,2,8236,64,34,1.0,False,0,False,False,False,False,Enterprise,0.5,0.5,36,0,1,0.0,0,0.0,0,0.0,0,0,0,0,0,0.0,4.0,1
A-35083d,2023-12-01,HealthTech,IN,partner,217,5,8037,101,25,0.4,True,2,False,False,False,False,Enterprise,0.6,0.0,11,2,9,0.222,2,0.222,19,5123.0,0,0,2,0,0,42.5,5.0,0
A-3793ee,2023-12-01,Cybersecurity,CA,organic,255,3,2401,147,49,0.667,False,2,False,True,False,False,Enterprise,0.667,0.333,17,3,3,1.0,3,1.0,32,3914.0,0,1,1,0,0,30.5,4.0,0
A-37f969,2023-12-01,HealthTech,IN,partner,48,2,2439,81,51,0.5,True,0,False,False,False,False,Basic,0.0,0.5,5,3,4,0.75,3,0.75,33,4528.667,1,0,1,0,0,6.0,4.0,0
A-3932db,2023-12-01,HealthTech,CA,other,58,0,0,0,0,0.0,0,0,0,0,0,0,0,0.0,0.0,26,1,1,1.0,1,1.0,9,3033.0,0,0,0,0,0,0.0,3.0,0
A-39b19f,2023-12-01,FinTech,US,partner,301,5,7399,151,55,0.6,True,0,False,False,False,False,Pro,0.0,1.0,12,3,7,0.429,3,0.429,32,5065.667,0,0,0,0,0,0.0,4.0,0
A-3a5ad8,2023-12-01,HealthTech,US,organic,0,0,0,0,0,0.0,0,0,0,0,0,0,0,0.0,0.0,18,3,5,0.6,3,0.6,46,6103.333,0,0,0,0,0,0.0,4.0,0
A-3b37d9,2023-12-01,FinTech,US,event,308,4,14858,92,23,0.0,True,0,False,True,False,False,Enterprise,0.75,0.25,8,3,4,0.75,3,0.6,32,2237.0,1,0,1,0,0,41.0,4.0,1
A-3b5cd1,2023-12-01,FinTech,US,event,80,4,3185,78,31,0.75,True,1,False,True,True,False,Pro,0.0,1.0,0,5,4,1.25,5,1.667,41,3302.6,1,0,1,0,0,9.0,4.0,0
A-3be56b,2023-12-01,HealthTech,IN,event,36,1,0,3,3,0.0,True,1,False,False,False,False,Enterprise,1.0,0.0,8,3,3,1.0,3,1.0,22,2938.333,0,0,0,0,0,0.0,4.0,0
A-3c1a3f,2023-12-01,DevTools,UK,event,97,1,0,45,45,0.0,True,1,False,False,False,False,Basic,0.0,0.0,27,2,3,0.667,1,0.333,20,4756.0,0,1,1,0,0,54.5,4.0,0
A-3ce5b8,2023-12-01,FinTech,IN,ads,85,0,0,0,0,0.0,0,0,0,0,0,0,0,0.0,0.0,2,3,2,1.5,3,1.5,32,3919.333,1,0,2,0,1,31.5,3.0,0
A-40a557,2023-12-01,Cybersecurity,AU,partner,0,0,0,0,0,0.0,0,0,0,0,0,0,0,0.0,0.0,3,4,2,2.0,4,2.0,46,4527.75,0,0,0,0,0,0.0,3.0,1
A-40de06,2023-12-01,Cybersecurity,US,event,207,6,11398,202,62,0.167,True,0,False,False,False,False,Pro,0.167,0.5,0,5,8,0.625,5,0.625,48,3080.4,1,1,0,0,0,16.0,4.0,0
A-417d2f,2023-12-01,Cybersecurity,IN,partner,150,3,10947,93,51,0.0,True,0,False,False,False,False,Basic,0.333,0.0,0,4,5,0.8,4,0.571,41,3225.0,0,1,0,0,1,44.0,4.0,0
A-425e76,2023-12-01,DevTools,UK,other,198,5,12363,147,71,0.6,True,0,False,False,False,False,Enterprise,0.4,0.4,69,0,5,0.0,0,0.0,0,0.0,0,0,1,0,0,72.0,3.0,1
A-432483,2023-12-01,Cybersecurity,US,ads,298,3,2235,19,10,0.333,True,1,False,False,False,True,Basic,0.333,0.333,3,2,0,0.0,2,0.0,13,1177.5,1,0,0,0,0,0.0,0.0,0
A-43a9e3,2023-12-01,FinTech,IN,other,106,3,6332,68,28,0.333,True,0,False,True,False,False,Basic,0.333,0.0,50,0,1,0.0,0,0.0,0,0.0,0,0,0,0,0,0.0,4.0,0
A-4437e4,2023-12-01,Cybersecurity,US,event,76,3,323,29,17,1.0,False,2,False,False,False,False,Basic,0.0,0.0,4,3,6,0.5,3,0.5,27,418.667,1,0,1,1,0,51.0,4.0,0
A-45ce7a,2023-12-01,FinTech,US,ads,131,1,784,16,16,1.0,False,0,False,False,False,False,Pro,0.0,1.0,19,2,2,1.0,2,1.0,25,4181.0,1,0,0,0,0,0.0,3.0,0
A-474ad4,2023-12-01,EdTech,US,organic,3,0,0,0,0,0.0,0,0,0,0,0,0,0,0.0,0.0,1,4,4,1.0,4,1.333,30,2604.0,1,0,1,0,1,33.0,4.0,0
A-484819,2023-12-01,HealthTech,US,organic,283,3,7506,54,18,0.333,False,0,False,False,False,False,Enterprise,0.667,0.0,4,2,2,1.0,2,1.0,20,4907.5,1,0,0,0,0,0.0,5.0,1
A-49b828,2023-12-01,FinTech,IN,ads,210,5,15191,95,49,0.6,False,1,False,False,False,True,Enterprise,0.6,0.2,0,4,4,1.0,4,1.0,42,2715.0,0,1,0,0,0,26.0,4.0,0
A-4a4c2d,2023-12-01,DevTools,US,event,213,5,14850,270,54,0.4,False,0,False,False,False,False,Basic,0.2,0.0,33,0,7,0.0,0,0.0,0,0.0,0,0,0,0,0,0.0,4.0,0
A-4c56c9,2023-12-01,FinTech,US,partner,0,0,0,0,0,0.0,0,0,0,0,0,0,0,0.0,0.0,8,1,7,0.143,1,0.167,10,2290.0,0,0,0,0,0,0.0,0.0,0
A-4c6f11,2023-12-01,FinTech,CA,organic,4,0,0,0,0,0.0,0,0,0,0,0,0,0,0.0,0.0,13,1,2,0.5,1,0.333,13,6058.0,0,1,0,0,1,20.0,5.0,0
A-4e0e85,2023-12-01,DevTools,US,organic,84,0,0,0,0,0.0,0,0,0,0,0,0,0,0.0,0.0,21,1,4,0.25,1,0.25,14,1134.0,0,0,0,0,0,0.0,0.0,0
A-503d5a,2023-12-01,FinTech,US,other,41,2,3319,61,49,1.0,False,0,False,False,True,False,Basic,0.5,0.0,1,2,3,0.667,2,0.667,22,4004.0,1,1,1,0,0,42.0,3.0,0
A-50f3f7,2023-12-01,HealthTech,US,partner,0,0,0,0,0,0.0,0,0,0,0,0,0,0,0.0,0.0,8,2,5,0.4,2,0.286,27,4474.5,0,0,0,0,0,0.0,5.0,0
A-51ec1b,2023-12-01,DevTools,US,ads,23,0,0,0,0,0.0,0,0,0,0,0,0,0,0.0,0.0,39,0,4,0.0,0,0.0,0,0.0,0,1,0,0,0,28.0,5.0,1
A-52dd88,2023-12-01,Cybersecurity,US,ads,283,2,2401,49,26,1.0,True,0,False,False,False,False,Pro,0.0,1.0,31,0,3,0.0,0,0.0,0,0.0,0,0,0,0,0,0.0,0.0,0
A-54d94a,2023-12-01,Cybersecurity,IN,event,214,1,0,52,52,1.0,True,1,False,False,False,False,Enterprise,1.0,0.0,16,3,3,1.0,3,1.0,22,1767.0,0,0,0,0,0,0.0,4.0,0
A-54ecc2,2023-12-01,Cybersecurity,US,partner,173,4,2461,53,34,0.5,True,1,False,False,False,False,Enterprise,0.5,0.25,30,2,6,0.333,1,0.167,22,1119.0,1,0,0,0,0,0.0,5.0,0
A-558c72,2023-12-01,FinTech,US,organic,183,1,784,16,16,1.0,False,0,False,False,False,False,Pro,0.0,1.0,0,1,4,0.25,1,0.25,8,3616.0,0,0,1,1,0,60.0,5.0,0
A-59f724,2023-12-01,HealthTech,US,other,28,0,0,0,0,0.0,0,0,0,0,0,0,0,0.0,0.0,16,2,4,0.5,2,0.5,17,4644.0,1,0,0,0,0,0.0,0.0,0
A-5a184f,2023-12-01,DevTools,DE,other,165,3,3415,134,74,0.0,False,1,False,False,False,False,Pro,0.0,0.667,7,3,0,0.0,3,0.0,28,4104.0,1,0,1,0,0,5.0,4.0,0
A-5a3eb9,2023-12-01,DevTools,CA,other,103,2,4067,83,65,0.0,False,0,False,False,False,False,Pro,0.0,1.0,1,5,2,2.5,4,2.0,58,5825.2,0,0,0,0,0,0.0,4.0,0
A-5b1bcd,2023-12-01,DevTools,US,organic,76,4,44968,292,73,0.5,False,0,False,True,False,False,Enterprise,0.75,0.0,6,3,8,0.375,3,0.429,37,1891.667,1,0,0,0,0,0.0,0.0,0
A-600734,2023-12-01,DevTools,US,organic,17,0,0,0,0,0.0,0,0,0,0,0,0,0,0.0,0.0,20,3,5,0.6,3,0.6,33,3343.0,0,1,2,0,1,37.667,3.0,0
A-659280,2023-12-01,FinTech,IN,event,14,2,3224,26,13,0.5,True,0,False,False,False,False,Enterprise,0.5,0.5,11,3,6,0.5,2,0.333,36,3904.0,0,0,0,0,0,0.0,4.0,0
A-65a46c,2023-12-01,HealthTech,US,event,27,0,0,0,0,0.0,0,0,0,0,0,0,0,0.0,0.0,12,2,4,0.5,2,0.667,15,2947.5,1,0,1,0,0,62.0,3.0,0
A-65c341,2023-12-01,FinTech,US,ads,0,0,0,0,0,0.0,0,0,0,0,0,0,0,0.0,0.0,25,2,6,0.333,2,0.4,21,3201.0,1,0,2,0,1,58.0,4.0,0
A-67be94,2023-12-01,EdTech,US,organic,241,3,8636,104,41,0.667,True,0,False,False,False,False,Basic,0.333,0.0,25,1,1,1.0,1,1.0,12,264.0,0,0,0,0,0,0.0,5.0,0
A-68f37c,2023-12-01,HealthTech,US,ads,139,4,24875,158,121,0.75,False,2,False,False,False,False,Enterprise,0.5,0.25,4,3,3,1.0,3,1.0,24,1604.0,0,1,0,0,0,2.0,4.0,0
A-69b156,2023-12-01,EdTech,US,other,10,0,0,0,0,0.0,0,0,0,0,0,0,0,0.0,0.0,12,3,2,1.5,3,1.5,22,3767.333,1,0,0,0,0,0.0,4.0,0
A-69fad4,2023-12-01,FinTech,UK,ads,239,3,2144,56,35,0.667,True,0,False,False,False,False,Basic,0.333,0.0,16,2,3,0.667,2,0.667,17,2023.5,1,0,1,0,0,71.0,4.0,0
A-6a4e2d,2023-12-01,EdTech,UK,partner,238,5,7461,155,56,0.2,True,1,False,False,False,False,Basic,0.4,0.2,33,0,5,0.0,0,0.0,0,0.0,0,0,0,0,0,0.0,0.0,0
A-6c093d,2023-12-01,DevTools,US,partner,231,3,922,90,62,0.333,True,1,False,False,False,False,Basic,0.0,0.333,26,1,4,0.25,1,0.25,6,3258.0,0,0,0,0,0,0.0,4.0,0
A-6da850,2023-12-01,FinTech,IN,organic,55,1,1666,34,34,1.0,False,0,False,False,False,True,Pro,0.0,1.0,11,3,6,0.5,3,0.6,25,2661.667,1,0,1,0,0,12.0,4.0,0
A-6dee43,2023-12-01,FinTech,UK,other,111,2,2502,18,12,0.0,False,0,False,False,False,False,Basic,0.5,0.0,14,2,6,0.333,2,0.25,17,791.5,1,1,1,0,1,32.5,5.0,0
A-6e08f3,2023-12-01,Cybersecurity,US,event,277,1,0,24,24,1.0,False,1,False,False,False,False,Enterprise,1.0,0.0,8,2,3,0.667,2,0.667,29,1718.0,0,0,0,0,0,0.0,3.0,0
A-6e7827,2023-12-01,DevTools,US,other,250,3,612,18,9,0.667,True,0,False,True,False,False,Pro,0.0,0.667,10,1,4,0.25,1,0.333,17,5202.0,0,0,0,0,0,0.0,0.0,0
A-6f50ae,2023-12-01,FinTech,US,partner,71,2,361,38,19,1.0,False,1,False,False,False,False,Basic,0.5,0.0,0,4,5,0.8,4,0.8,38,2528.5,1,0,0,0,0,0.0,5.0,0
A-712533,2023-12-01,EdTech,US,organic,123,3,1026,72,36,0.333,False,1,False,False,False,False,Basic,0.333,0.0,39,0,4,0.0,0,0.0,0,0.0,0,0,0,0,0,0.0,3.0,0
A-712f1c,2023-12-01,DevTools,US,ads,0,0,0,0,0,0.0,0,0,0,0,0,0,0,0.0,0.0,10,3,7,0.429,3,0.429,28,2049.333,1,1,2,0,1,43.0,5.0,0
A-726cfa,2023-12-01,DevTools,US,partner,153,6,10527,123,30,0.333,True,0,False,False,False,False,Pro,0.167,0.833,9,4,7,0.571,4,0.571,46,3083.5,0,0,0,0,0,0.0,4.0,0
A-72799b,2023-12-01,DevTools,FR,event,18,2,3980,40,20,0.5,False,1,False,False,False,False,Enterprise,1.0,0.0,42,0,7,0.0,0,0.0,0,0.0,0,0,0,0,0,0.0,0.0,0
A-756192,2023-12-01,FinTech,IN,other,173,2,931,38,19,1.0,True,1,False,False,False,True,Pro,0.0,1.0,11,5,3,1.667,5,1.667,51,3838.2,1,0,0,0,0,0.0,5.0,0
A-7641d3,2023-12-01,EdTech,US,partner,288,3,1744,27,11,1.0,True,1,False,False,False,False,Basic,0.333,0.333,10,1,3,0.333,1,0.333,10,2430.0,0,0,0,0,0,0.0,5.0,0
A-779e4e,2023-12-01,HealthTech,US,organic,333,6,24419,161,58,0.333,False,0,False,False,False,False,Enterprise,0.5,0.333,81,0,1,0.0,0,0.0,0,0.0,0,0,0,0,0,0.0,5.0,0
A-7920cc,2023-12-01,Cybersecurity,FR,ads,8,2,741,78,39,0.0,False,1,False,False,False,False,Basic,0.0,0.0,4,4,5,0.8,4,0.8,41,2758.5,0,0,2,0,1,45.0,5.0,0
A-794a0b,2023-12-01,HealthTech,DE,organic,182,1,0,23,23,0.0,False,1,False,False,False,False,Pro,0.0,1.0,48,0,5,0.0,0,0.0,0,0.0,0,0,0,0,0,0.0,0.0,0
A-7988d1,2023-12-01,Cybersecurity,US,other,0,0,0,0,0,0.0,0,0,0,0,0,0,0,0.0,0.0,4,1,4,0.25,1,0.25,9,693.0,0,1,0,0,1,52.0,5.0,0
A-798a3f,2023-12-01,DevTools,FR,other,43,0,0,0,0,0.0,0,0,0,0,0,0,0,0.0,0.0,8,1,5,0.2,1,0.2,13,2158.0,0,0,0,0,0,0.0,3.0,0
A-7c4956,2023-12-01,DevTools,US,ads,209,4,707,74,51,0.75,True,1,False,False,False,False,Basic,0.0,0.25,2,1,3,0.333,1,0.333,14,3262.0,0,0,0,0,0,0.0,0.0,0
A-7df7a7,2023-12-01,DevTools,US,organic,307,7,14815,199,85,0.857,True,2,False,False,False,False,Enterprise,0.429,0.429,2,4,6,0.667,4,0.571,42,3096.25,1,0,0,0,0,0.0,4.0,0
A-7e0a10,2023-12-01,FinTech,US,ads,13,1,874,46,46,1.0,True,0,False,False,False,False,Basic,0.0,0.0,12,2,3,0.667,2,0.667,16,1137.0,0,0,1,0,1,11.0,3.0,0
A-7f4db3,2023-12-01,FinTech,US,other,271,7,4308,81,39,0.571,True,1,False,False,False,False,Pro,0.286,0.571,1,4,5,0.8,4,0.667,38,2878.5,1,0,0,0,0,0.0,3.0,0
A-7f6b86,2023-12-01,HealthTech,US,partner,99,3,3746,149,59,0.333,True,1,False,False,False,True,Pro,0.0,0.667,11,1,7,0.143,1,0.143,9,5049.0,0,0,0,0,0,0.0,3.0,0
A-7f8241,2023-12-01,EdTech,US,organic,262,9,21488,306,34,0.444,True,1,False,True,False,False,Pro,0.333,0.444,22,1,5,0.2,1,0.2,10,110.0,0,0,0,0,0,0.0,0.0,0
A-80eeb6,2023-12-01,Cybersecurity,UK,organic,206,5,20052,168,68,0.8,False,0,False,False,False,False,Basic,0.4,0.2,10,5,8,0.625,4,0.5,50,2402.6,1,0,0,0,0,0.0,3.0,0
A-8145a0,2023-12-01,Cybersecurity,AU,partner,220,4,8199,81,44,0.5,False,0,False,False,False,False,Enterprise,0.75,0.0,2,3,5,0.6,3,0.6,39,3405.333,0,0,0,0,0,0.0,3.0,0
A-81edc3,2023-12-01,Cybersecurity,IN,ads,32,2,1583,17,12,1.0,True,0,False,False,False,False,Enterprise,0.5,0.5,8,3,5,0.6,3,0.5,35,3454.0,1,0,0,0,0,0.0,3.0,0
A-832ec2,2023-12-01,FinTech,UK,event,12,0,0,0,0,0.0,0,0,0,0,0,0,0,0.0,0.0,5,1,2,0.5,1,0.5,11,3641.0,0,0,0,0,0,0.0,0.0,1
A-84ebe4,2023-12-01,FinTech,US,ads,264,3,8103,57,21,0.0,True,0,False,False,False,False,Enterprise,0.667,0.0,12,1,4,0.25,1,0.25,12,7140.0,1,0,1,0,0,67.0,4.0,0
A-855a48,2023-12-01,EdTech,US,partner,0,0,0,0,0,0.0,0,0,0,0,0,0,0,0.0,0.0,4,6,4,1.5,5,1.25,60,3914.333,1,1,0,0,0,34.0,4.0,0
A-856b1e,2023-12-01,FinTech,US,partner,31,1,931,19,19,1.0,False,0,False,False,False,False,Pro,0.0,1.0,45,0,1,0.0,0,0.0,0,0.0,0,0,0,0,0,0.0,4.0,0
A-86902e,2023-12-01,HealthTech,IN,other,213,3,646,102,34,0.667,False,2,False,False,False,False,Basic,0.0,0.333,22,1,4,0.25,1,0.2,9,4689.0,0,0,0,0,0,0.0,3.0,0
A-8ed5dd,2023-12-01,EdTech,UK,event,155,3,585,15,5,0.0,False,0,False,True,False,False,Pro,0.0,0.667,0,3,4,0.75,3,0.75,34,5768.667,1,0,0,0,0,0.0,5.0,0
A-9123ac,2023-12-01,Cybersecurity,DE,organic,164,1,171,9,9,1.0,False,0,False,False,False,False,Basic,0.0,0.0,1,3,1,3.0,3,3.0,34,3537.0,1,0,0,0,0,0.0,4.0,0
A-91e948,2023-12-01,EdTech,AU,partner,306,3,4797,123,41,0.667,False,0,False,True,False,False,Pro,0.0,0.667,6,3,2,1.5,3,1.5,26,1905.667,0,0,0,0,0,0.0,0.0,0
A-9208f0,2023-12-01,EdTech,US,organic,204,6,3511,87,38,0.5,False,1,False,False,False,True,Basic,0.333,0.167,7,2,3,0.667,2,0.5,14,1620.5,0,0,1,0,0,32.0,4.0,0
A-9289f6,2023-12-01,EdTech,US,event,184,3,646,56,22,0.333,False,1,False,False,False,False,Basic,0.333,0.0,29,1,2,0.5,1,0.5,13,6539.0,0,0,2,0,0,8.5,3.0,0
A-92a333,2023-12-01,FinTech,US,event,252,2,6738,42,33,0.0,False,0,False,False,False,False,Basic,0.5,0.0,10,4,2,2.0,4,2.0,34,3971.0,0,1,0,0,0,20.0,4.0,0
A-94c3cd,2023-12-01,FinTech,CA,other,72,0,0,0,0,0.0,0,0,0,0,0,0,0,0.0,0.0,4,2,3,0.667,2,0.667,25,5776.5,0,1,0,1,1,54.0,4.0,0
A-94d3da,2023-12-01,HealthTech,US,other,212,6,12956,246,41,0.5,True,2,False,False,False,False,Pro,0.167,0.667,49,0,4,0.0,0,0.0,0,0.0,0,0,1,0,1,27.0,3.0,0
A-95b24a,2023-12-01,FinTech,US,event,178,5,13171,199,47,0.4,True,0,False,False,False,False,Basic,0.2,0.4,36,0,3,0.0,0,0.0,0,0.0,0,1,0,0,0,33.0,3.0,0
A-96e141,2023-12-01,DevTools,UK,partner,111,1,0,40,40,1.0,False,1,False,False,False,False,Enterprise,1.0,0.0,53,0,1,0.0,0,0.0,0,0.0,0,1,0,0,0,8.0,4.0,0
A-977ca0,2023-12-01,HealthTech,IN,partner,284,7,25347,249,92,0.714,True,1,False,False,False,False,Pro,0.286,0.429,22,2,8,0.25,2,0.25,23,819.5,0,0,1,0,0,56.0,4.0,0
A-98a59a,2023-12-01,FinTech,UK,partner,119,4,7616,224,56,0.5,True,0,False,True,False,False,Basic,0.0,0.5,8,3,3,1.0,3,1.0,31,2299.0,0,0,0,0,0,0.0,4.0,0
A-993085,2023-12-01,HealthTech,US,ads,183,8,33335,275,49,0.375,True,0,False,False,True,False,Enterprise,0.5,0.125,29,1,9,0.111,1,0.1,8,1304.0,0,0,0,0,0,0.0,0.0,0
A-9affe6,2023-12-01,Cybersecurity,US,other,254,5,5159,101,56,0.4,True,0,False,False,False,True,Basic,0.4,0.2,0,4,5,0.8,4,1.0,29,1384.25,1,0,0,0,0,0.0,3.0,0
A-9b9fe9,2023-12-01,EdTech,AU,other,64,3,1436,25,11,0.333,True,1,True,False,False,False,Basic,0.333,0.333,6,1,3,0.333,1,0.25,13,7345.0,0,1,0,0,0,71.0,4.0,1
A-9bfc9f,2023-12-01,DevTools,CA,ads,78,2,2597,106,53,1.0,False,1,False,False,False,False,Pro,0.0,1.0,24,1,3,0.333,1,0.25,14,5852.0,0,0,0,0,0,0.0,3.0,0
A-9c18c4,2023-12-01,HealthTech,US,ads,127,3,6397,43,19,0.333,True,0,False,True,False,False,Enterprise,0.667,0.0,3,1,2,0.5,1,1.0,11,1991.0,0,0,0,0,0,0.0,5.0,0
A-9ee962,2023-12-01,HealthTech,US,ads,276,5,3136,82,30,0.4,True,2,False,True,False,True,Pro,0.0,0.6,12,1,1,1.0,1,1.0,17,3604.0,0,0,0,0,0,0.0,4.0,0
A-9f9299,2023-12-01,FinTech,US,organic,90,3,12516,84,28,0.333,False,0,False,False,False,False,Enterprise,0.667,0.333,13,1,10,0.1,1,0.125,9,4248.0,0,0,1,0,1,3.0,4.0,0
A-a1b80b,2023-12-01,HealthTech,US,organic,4,0,0,0,0,0.0,0,0,0,0,0,0,0,0.0,0.0,1,3,4,0.75,3,0.75,32,3414.0,1,0,0,0,0,0.0,3.0,0
A-a1bbb6,2023-12-01,DevTools,CA,organic,240,5,11821,79,28,0.6,True,0,False,False,False,False,Enterprise,0.6,0.4,6,2,2,1.0,2,0.667,18,2882.5,1,0,1,0,0,1.0,4.0,0
A-a6d261,2023-12-01,FinTech,CA,other,2,0,0,0,0,0.0,0,0,0,0,0,0,0,0.0,0.0,4,5,5,1.0,6,1.2,55,3213.833,1,0,1,1,0,62.0,5.0,0
A-a7bd4b,2023-12-01,Cybersecurity,US,ads,289,5,1104,56,22,0.2,True,2,False,False,False,True,Pro,0.2,0.6,26,2,5,0.4,2,0.4,25,6055.0,1,1,0,0,1,28.0,3.0,0
A-a865bd,2023-12-01,Cybersecurity,US,organic,73,0,0,0,0,0.0,0,0,0,0,0,0,0,0.0,0.0,24,1,2,0.5,1,0.5,8,688.0,1,0,0,0,0,0.0,0.0,0
A-a8b49c,2023-12-01,Cybersecurity,UK,partner,56,3,476,33,19,0.333,False,1,False,False,False,False,Basic,0.0,0.333,18,2,5,0.4,2,0.4,18,4796.0,1,0,1,0,0,72.0,4.0,0
A-a8d89d,2023-12-01,EdTech,US,ads,0,0,0,0,0,0.0,0,0,0,0,0,0,0,0.0,0.0,24,1,3,0.333,1,0.333,13,1885.0,1,0,0,0,0,0.0,4.0,0
A-aa9511,2023-12-01,DevTools,US,other,52,4,12708,102,33,0.75,False,0,False,False,False,False,Enterprise,0.5,0.25,9,2,7,0.286,2,0.286,17,2430.5,1,0,0,0,0,0.0,4.0,0
A-ac14bb,2023-12-01,FinTech,US,partner,84,2,5208,42,21,0.5,True,0,False,False,False,False,Enterprise,0.5,0.5,1,2,3,0.667,2,0.667,20,4010.0,0,0,0,0,0,0.0,0.0,0
A-ac9111,2023-12-01,HealthTech,US,event,111,4,3206,104,41,0.25,False,0,False,False,True,False,Basic,0.0,0.25,5,4,10,0.4,4,0.4,37,2024.5,1,0,0,0,0,0.0,5.0,0
A-ad3abd,2023-12-01,FinTech,US,event,273,4,11748,176,44,0.5,True,1,False,False,False,False,Basic,0.25,0.25,68,0,2,0.0,0,0.0,0,0.0,0,0,0,0,0,0.0,3.0,0
A-ae052e,2023-12-01,FinTech,CA,other,81,0,0,0,0,0.0,0,0,0,0,0,0,0,0.0,0.0,4,2,2,1.0,2,1.0,30,7429.0,0,0,0,0,0,0.0,3.0,0
A-af0cd2,2023-12-01,Cybersecurity,IN,other,332,7,4085,144,30,0.429,True,1,False,False,False,True,Basic,0.0,0.429,2,6,6,1.0,6,0.857,62,3280.833,1,0,0,0,0,0.0,4.0,0
A-afa505,2023-12-01,DevTools,US,partner,0,0,0,0,0,0.0,0,0,0,0,0,0,0,0.0,0.0,2,6,4,1.5,5,1.25,61,3576.667,1,0,1,0,0,37.0,3.0,0
A-b11cd0,2023-12-01,DevTools,US,ads,315,3,494,78,26,1.0,False,2,False,False,False,False,Basic,0.0,0.0,1,2,3,0.667,2,0.667,16,4130.5,1,0,0,0,0,0.0,5.0,0
A-b20d99,2023-12-01,HealthTech,IN,other,65,0,0,0,0,0.0,0,0,0,0,0,0,0,0.0,0.0,29,1,0,0.0,1,0.0,13,4823.0,0,0,0,0,0,0.0,4.0,0
A-b7724f,2023-12-01,HealthTech,UK,organic,248,1,627,33,33,1.0,False,0,False,False,False,False,Basic,0.0,0.0,64,0,2,0.0,0,0.0,0,0.0,0,0,0,0,0,0.0,0.0,0
A-b9f5b1,2023-12-01,Cybersecurity,US,other,311,2,0,57,42,0.5,True,2,False,False,False,False,Enterprise,1.0,0.0,46,0,3,0.0,0,0.0,0,0.0,0,1,0,0,1,28.0,3.0,0
A-ba6516,2023-12-01,FinTech,US,ads,33,0,0,0,0,0.0,0,0,0,0,0,0,0,0.0,0.0,30,1,3,0.333,1,0.333,14,6608.0,1,0,0,0,0,0.0,5.0,0
A-bad8c1,2023-12-01,FinTech,AU,organic,275,3,3444,156,60,1.0,False,1,False,False,False,False,Pro,0.0,0.667,89,0,1,0.0,0,0.0,0,0.0,0,0,0,0,0,0.0,0.0,0
A-bb2f49,2023-12-01,Cybersecurity,US,other,187,3,13524,126,68,0.667,False,0,False,False,False,False,Pro,0.333,0.667,48,0,5,0.0,0,0.0,0,0.0,0,0,0,0,0,0.0,4.0,0
A-bbe56f,2023-12-01,HealthTech,US,ads,288,2,4578,42,21,0.5,False,0,False,False,False,True,Basic,0.5,0.0,9,3,1,3.0,3,1.5,29,763.0,0,0,0,0,0,0.0,0.0,0
A-bcf664,2023-12-01,DevTools,US,other,196,6,5324,129,59,0.667,False,2,False,False,False,False,Basic,0.167,0.167,1,4,7,0.571,4,0.8,58,5294.75,1,0,0,0,0,0.0,3.0,0
A-c16b88,2023-12-01,HealthTech,US,event,0,0,0,0,0,0.0,0,0,0,0,0,0,0,0.0,0.0,9,3,7,0.429,3,0.429,33,4350.0,1,0,0,0,0,0.0,4.0,0
A-c1dfe1,2023-12-01,DevTools,DE,ads,116,1,494,26,26,1.0,True,0,False,False,False,False,Basic,0.0,0.0,13,3,4,0.75,3,0.75,31,4180.333,0,0,0,0,0,0.0,4.0,0
A-c45b23,2023-12-01,FinTech,UK,partner,0,0,0,0,0,0.0,0,0,0,0,0,0,0,0.0,0.0,6,1,4,0.25,1,0.25,12,2040.0,0,0,0,0,0,0.0,0.0,0
A-c4ea60,2023-12-01,FinTech,DE,other,267,2,1254,66,48,0.5,True,0,False,False,False,False,Basic,0.0,0.0,11,2,4,0.5,2,0.5,25,5521.5,0,1,0,0,0,5.0,5.0,0
A-c608c8,2023-12-01,DevTools,DE,ads,218,2,1791,9,6,0.5,False,0,False,False,False,False,Enterprise,1.0,0.0,0,3,5,0.6,3,0.6,32,4065.333,1,0,1,0,0,60.0,3.0,0
A-c62e55,2023-12-01,EdTech,US,partner,296,1,1666,34,34,0.0,True,0,False,False,False,False,Pro,0.0,1.0,15,1,1,1.0,1,1.0,13,78.0,0,0,1,0,0,15.0,3.0,0
A-c7e58b,2023-12-01,HealthTech,IN,other,159,1,57,3,3,0.0,False,0,False,False,False,False,Basic,0.0,0.0,3,1,5,0.2,1,0.167,9,1872.0,0,0,0,0,0,0.0,0.0,0
A-c7ffc2,2023-12-01,Cybersecurity,US,partner,308,5,14661,279,132,0.6,True,0,False,True,False,True,Basic,0.2,0.2,46,0,3,0.0,0,0.0,0,0.0,0,0,1,0,0,63.0,4.0,0
A-cab532,2023-12-01,DevTools,FR,organic,242,4,10872,78,31,1.0,True,0,False,False,False,False,Enterprise,0.75,0.25,3,2,5,0.4,2,0.4,26,2365.0,1,0,0,0,0,0.0,0.0,0
A-cb6cc6,2023-12-01,DevTools,US,ads,242,3,513,40,14,0.333,True,1,False,False,False,False,Basic,0.333,0.0,39,0,1,0.0,0,0.0,0,0.0,0,0,0,0,0,0.0,0.0,0
A-cbbe12,2023-12-01,Cybersecurity,DE,partner,254,2,1960,80,40,0.5,False,1,False,False,False,False,Pro,0.0,1.0,9,1,2,0.5,1,0.5,10,4110.0,1,0,1,0,1,19.0,4.0,0
A-cc98bc,2023-12-01,DevTools,US,ads,191,5,16137,185,57,0.6,False,1,False,False,False,False,Enterprise,0.6,0.2,6,2,4,0.5,2,0.5,21,5011.5,0,0,0,0,0,0.0,4.0,0
A-ccabf0,2023-12-01,HealthTech,IN,organic,25,3,15954,96,59,0.667,False,0,False,False,False,False,Enterprise,0.667,0.333,6,1,0,0.0,1,0.0,12,5568.0,0,0,1,0,0,46.0,3.0,0
A-cdf020,2023-12-01,DevTools,AU,organic,107,1,1519,31,31,1.0,False,0,False,False,False,False,Pro,0.0,1.0,28,1,1,1.0,1,1.0,11,4708.0,1,0,0,0,0,0.0,3.0,1
A-ce66f8,2023-12-01,EdTech,CA,event,100,1,551,29,29,1.0,False,0,False,False,False,False,Basic,0.0,0.0,19,1,1,1.0,1,1.0,12,5112.0,0,0,1,0,0,34.0,3.0,0
A-d5a319,2023-12-01,FinTech,US,other,211,5,1362,78,17,0.4,True,2,False,True,True,False,Basic,0.0,0.4,11,3,4,0.75,3,0.75,24,2632.0,1,0,0,0,0,0.0,0.0,0
A-d77f4c,2023-12-01,DevTools,US,partner,67,2,152,49,41,1.0,False,1,True,False,False,False,Basic,0.0,0.0,26,2,7,0.286,2,0.286,28,3174.5,1,0,0,0,0,0.0,5.0,0
A-d792a6,2023-12-01,DevTools,US,organic,312,9,7358,107,37,0.556,True,2,False,False,True,False,Enterprise,0.444,0.222,1,3,4,0.75,3,0.75,21,1398.333,0,1,0,0,0,67.0,4.0,0
A-d922bf,2023-12-01,HealthTech,US,ads,84,2,12338,62,32,0.5,False,0,False,False,False,False,Enterprise,1.0,0.0,32,0,5,0.0,0,0.0,0,0.0,0,0,0,0,0,0.0,4.0,0
A-dcc2f0,2023-12-01,FinTech,UK,organic,132,3,3270,49,19,0.667,False,1,False,False,False,False,Enterprise,0.667,0.0,7,4,0,0.0,4,0.0,53,4355.25,1,0,0,0,0,0.0,4.0,0
A-dcc3f1,2023-12-01,HealthTech,US,event,0,0,0,0,0,0.0,0,0,0,0,0,0,0,0.0,0.0,1,1,3,0.333,1,0.333,5,2315.0,0,0,1,0,0,23.0,4.0,0
A-de58ca,2023-12-01,HealthTech,DE,organic,232,6,14093,292,105,0.333,True,2,False,False,False,False,Pro,0.333,0.5,1,5,5,1.0,4,0.8,61,4099.0,1,0,0,0,0,0.0,3.0,0
A-dec005,2023-12-01,HealthTech,US,partner,49,1,0,21,21,0.0,True,1,False,False,False,False,Basic,0.0,0.0,1,3,2,1.5,2,1.0,28,1867.333,0,0,1,0,0,66.0,3.0,0
A-df10db,2023-12-01,DevTools,US,other,178,4,835,25,14,0.5,False,0,False,False,False,False,Basic,0.25,0.0,1,3,5,0.6,3,0.6,33,2986.333,1,0,0,0,0,0.0,0.0,0
A-e1462e,2023-12-01,FinTech,UK,partner,264,4,9491,87,29,0.5,True,1,False,True,False,False,Enterprise,0.5,0.25,16,2,0,0.0,2,0.0,19,2308.5,1,0,0,0,0,0.0,4.0,0
A-e19ff6,2023-12-01,Cybersecurity,UK,partner,126,2,874,46,38,0.0,False,0,False,False,False,False,Basic,0.0,0.0,3,2,4,0.5,2,0.4,23,5489.0,1,0,0,0,0,0.0,4.0,0
A-e1b9cd,2023-12-01,DevTools,US,event,278,6,21362,338,100,0.5,True,0,False,False,False,False,Pro,0.167,0.667,10,2,10,0.2,2,0.154,31,2199.0,0,0,0,0,0,0.0,3.0,0
A-e3bd71,2023-12-01,Cybersecurity,US,partner,251,1,6169,31,31,0.0,True,0,False,False,False,False,Enterprise,1.0,0.0,13,3,3,1.0,3,0.75,28,3261.333,0,2,0,0,0,43.0,5.0,1
A-e43bf7,2023-12-01,Cybersecurity,AU,other,252,2,22686,114,70,0.5,True,0,False,False,False,False,Enterprise,1.0,0.0,4,4,1,4.0,4,4.0,29,1746.5,1,0,0,0,0,0.0,0.0,0
A-e51ec7,2023-12-01,FinTech,CA,partner,69,1,4975,25,25,1.0,False,0,True,False,False,False,Enterprise,1.0,0.0,16,1,3,0.333,1,0.333,10,3810.0,0,0,0,0,0,0.0,4.0,0
A-e5d6ab,2023-12-01,EdTech,US,partner,230,5,4996,81,35,0.6,False,1,False,False,False,False,Basic,0.2,0.2,46,0,2,0.0,0,0.0,0,0.0,0,0,0,0,0,0.0,4.0,0
A-e61e98,2023-12-01,FinTech,US,partner,42,2,2744,56,37,1.0,True,0,False,True,False,False,Pro,0.0,1.0,0,3,5,0.6,3,0.6,19,1822.0,1,0,1,0,0,71.0,5.0,0
A-e693b6,2023-12-01,FinTech,AU,event,190,3,6435,165,55,0.333,False,0,False,False,False,True,Pro,0.0,0.667,3,3,5,0.6,3,0.6,37,4475.333,1,0,0,0,0,0.0,3.0,0
A-e6afc1,2023-12-01,DevTools,US,ads,280,6,15086,222,68,0.833,True,1,False,False,False,False,Pro,0.167,0.5,0,7,7,1.0,7,1.0,73,1315.875,1,0,0,0,0,0.0,0.0,0
A-e7beab,2023-12-01,EdTech,DE,organic,42,1,4179,21,21,0.0,False,0,False,False,False,False,Enterprise,1.0,0.0,1,2,1,2.0,2,1.0,23,4882.0,1,0,3,0,0,43.333,3.0,0
A-e83938,2023-12-01,DevTools,UK,other,10,0,0,0,0,0.0,0,0,0,0,0,0,0,0.0,0.0,2,3,2,1.5,3,1.5,29,1559.667,1,0,0,0,0,0.0,4.0,0
A-e888d1,2023-12-01,Cybersecurity,US,other,248,4,7394,136,54,0.75,True,1,False,False,False,True,Basic,0.5,0.0,12,2,2,1.0,2,1.0,12,1641.0,0,0,1,0,0,64.0,4.0,0
A-e89151,2023-12-01,FinTech,UK,organic,78,1,1592,8,8,0.0,False,0,False,False,False,False,Enterprise,1.0,0.0,5,4,6,0.667,4,0.667,37,3429.0,1,0,0,0,0,0.0,0.0,0
A-eafc6e,2023-12-01,DevTools,US,partner,148,2,8089,61,34,0.5,False,0,False,False,False,False,Enterprise,0.5,0.5,7,1,3,0.333,1,0.333,2,614.0,0,0,0,0,0,0.0,4.0,0
A-eb2fdc,2023-12-01,DevTools,AU,organic,10,0,0,0,0,0.0,0,0,0,0,0,0,0,0.0,0.0,44,0,4,0.0,0,0.0,0,0.0,0,1,1,0,0,21.5,5.0,0
A-eb7fac,2023-12-01,DevTools,US,organic,34,0,0,0,0,0.0,0,0,0,0,0,0,0,0.0,0.0,6,2,3,0.667,2,0.667,26,5730.0,1,0,1,0,1,5.0,4.0,0
A-ed510f,2023-12-01,Cybersecurity,IN,partner,318,3,2856,126,42,0.333,True,1,False,False,False,False,Basic,0.333,0.333,6,1,1,1.0,1,1.0,14,6146.0,0,0,0,0,0,0.0,4.0,0
A-ee42db,2023-12-01,EdTech,DE,ads,220,5,2319,94,33,0.8,True,1,False,False,False,False,Pro,0.0,0.6,4,4,4,1.0,4,1.333,40,3504.25,0,0,0,0,0,0.0,4.0,0
A-f03140,2023-12-01,DevTools,IN,event,9,0,0,0,0,0.0,0,0,0,0,0,0,0,0.0,0.0,22,3,4,0.75,3,0.75,20,3167.667,1,0,1,0,0,43.0,3.0,0
A-f17767,2023-12-01,DevTools,US,event,305,7,4798,82,26,0.714,False,0,False,False,True,True,Pro,0.143,0.571,13,2,5,0.4,2,0.4,24,1468.5,0,0,0,0,0,0.0,3.0,0
A-f19409,2023-12-01,DevTools,US,other,260,3,8399,101,44,0.0,False,0,False,False,False,False,Pro,0.333,0.667,25,1,6,0.167,1,0.167,5,2925.0,0,0,0,0,0,0.0,4.0,0
A-f19b24,2023-12-01,Cybersecurity,US,organic,325,0,0,0,0,0.0,0,0,0,0,0,0,0,0.0,0.0,50,0,1,0.0,0,0.0,0,0.0,0,1,0,0,0,58.0,4.0,0
A-f1f639,2023-12-01,EdTech,US,ads,278,2,1090,10,5,1.0,False,0,False,False,False,False,Basic,0.5,0.0,32,0,2,0.0,0,0.0,0,0.0,0,1,1,0,0,17.0,5.0,0
A-f44180,2023-12-01,Cybersecurity,UK,event,291,5,25870,130,89,0.2,False,0,False,False,False,False,Enterprise,1.0,0.0,4,3,5,0.6,3,0.429,37,4575.667,1,0,0,0,0,0.0,0.0,0
A-f446b6,2023-12-01,DevTools,DE,ads,203,2,798,42,30,0.5,False,0,False,False,False,False,Basic,0.0,0.0,58,0,3,0.0,0,0.0,0,0.0,0,0,1,0,1,55.0,5.0,0
A-f97b9a,2023-12-01,FinTech,US,event,145,1,0,16,16,1.0,True,1,False,False,False,False,Enterprise,1.0,0.0,18,1,5,0.2,1,0.2,10,380.0,0,0,1,0,0,5.0,4.0,0
A-fa3095,2023-12-01,FinTech,US,ads,89,1,0,70,70,1.0,False,1,False,False,False,False,Enterprise,1.0,0.0,25,2,4,0.5,2,0.667,20,4835.0,1,0,1,0,1,68.0,5.0,1
A-fdfc91,2023-12-01,Cybersecurity,US,ads,209,3,1653,87,29,0.333,False,0,False,False,False,False,Basic,0.0,0.0,1,2,2,1.0,2,1.0,13,1117.5,1,0,0,0,0,0.0,4.0,0
A-ff3c73,2023-12-01,HealthTech,AU,other,309,5,2682,154,66,0.2,True,2,False,False,False,False,Basic,0.2,0.2,4,4,4,1.0,4,1.333,43,4272.75,1,0,0,0,0,0.0,3.0,1
A-00bed1,2024-01-01,Cybersecurity,US,ads,48,1,1159,61,61,0.0,False,0,False,False,False,True,Basic,0.0,0.0,12,3,4,0.75,3,0.75,28,1673.0,0,1,0,0,1,6.0,4.0,1
A-00cac8,2024-01-01,HealthTech,AU,organic,108,2,753,27,19,0.5,False,0,False,False,False,False,Basic,0.0,0.5,30,1,8,0.125,1,0.125,15,2190.0,0,0,0,0,0,0.0,4.0,0
A-019782,2024-01-01,DevTools,FR,event,257,5,7548,72,17,0.2,True,0,False,False,False,False,Enterprise,0.4,0.4,50,0,2,0.0,0,0.0,0,0.0,0,0,0,0,0,0.0,0.0,0
A-02fac6,2024-01-01,FinTech,US,event,270,2,5456,44,22,0.5,False,0,False,False,False,False,Enterprise,0.5,0.5,8,3,10,0.3,3,0.333,20,1201.333,1,0,2,0,0,32.0,5.0,0
A-034368,2024-01-01,EdTech,US,event,57,1,0,19,19,1.0,False,1,False,False,False,False,Basic,0.0,0.0,15,3,2,1.5,3,1.5,28,2503.333,0,0,0,0,0,0.0,5.0,0
A-038089,2024-01-01,DevTools,FR,other,13,0,0,0,0,0.0,0,0,0,0,0,0,0,0.0,0.0,5,2,3,0.667,2,0.5,19,3989.5,1,1,1,0,1,50.0,5.0,0
A-05d3b3,2024-01-01,DevTools,AU,ads,218,6,4642,122,55,0.333,True,2,False,False,False,False,Basic,0.167,0.333,6,3,8,0.375,3,0.3,38,1370.333,1,0,0,0,0,0.0,4.0,0
A-05f0e5,2024-01-01,FinTech,US,partner,242,4,9838,142,46,0.0,True,0,False,False,False,False,Basic,0.25,0.25,0,3,3,1.0,4,1.333,47,2660.25,1,0,1,0,0,11.0,4.0,1
A-068fc6,2024-01-01,EdTech,US,event,168,1,1715,35,35,1.0,False,0,False,False,False,False,Pro,0.0,1.0,58,0,6,0.0,0,0.0,0,0.0,0,0,0,0,0,0.0,4.0,0
A-075038,2024-01-01,HealthTech,UK,ads,234,4,5880,160,103,0.5,False,2,False,False,False,True,Pro,0.0,1.0,15,3,5,0.6,3,0.6,35,2919.333,0,0,0,0,0,0.0,3.0,0
A-089363,2024-01-01,FinTech,AU,event,240,3,858,73,40,0.667,True,1,False,False,False,False,Basic,0.333,0.333,8,1,9,0.111,1,0.111,7,1190.0,0,0,1,0,0,25.0,3.0,0
A-098560,2024-01-01,DevTools,UK,ads,72,1,1715,35,35,0.0,True,0,False,True,False,False,Pro,0.0,1.0,3,1,4,0.25,1,0.25,13,5993.0,0,0,0,0,0,0.0,3.0,0
A-0dbdc6,2024-01-01,Cybersecurity,DE,other,323,2,570,60,30,0.5,False,1,False,False,False,False,Basic,0.0,0.5,34,0,5,0.0,0,0.0,0,0.0,0,0,0,0,0,0.0,4.0,0
A-0f3e88,2024-01-01,HealthTech,US,other,162,4,1971,69,24,0.75,False,0,False,True,False,False,Basic,0.0,0.25,23,1,4,0.25,1,0.25,14,6034.0,1,0,1,0,0,60.0,5.0,0
A-10b8da,2024-01-01,DevTools,US,partner,238,2,3649,31,17,0.5,True,0,False,False,False,False,Basic,0.5,0.0,33,0,2,0.0,0,0.0,0,0.0,0,0,0,0,0,0.0,4.0,0
A-10b8f2,2024-01-01,HealthTech,DE,organic,355,6,13861,293,54,0.167,True,2,False,False,False,False,Basic,0.167,0.167,12,1,5,0.2,1,0.2,8,4656.0,1,1,1,0,1,63.5,5.0,0
A-13466a,2024-01-01,DevTools,AU,event,71,1,38,2,2,0.0,True,0,False,False,False,False,Basic,0.0,0.0,21,1,1,1.0,1,1.0,2,260.0,1,0,1,0,0,5.0,5.0,0
A-151c9a,2024-01-01,FinTech,US,ads,339,2,2548,52,29,0.5,False,0,False,False,False,False,Pro,0.0,1.0,0,1,2,0.5,1,0.5,11,2706.0,0,0,0,0,0,0.0,0.0,0
A-157070,2024-01-01,FinTech,US,ads,53,1,323,17,17,0.0,False,0,False,False,False,False,Basic,0.0,0.0,21,1,5,0.2,1,0.167,8,4432.0,0,1,0,0,0,42.0,4.0,1
A-158f4e,2024-01-01,FinTech,IN,other,304,7,12444,427,61,0.571,True,1,False,False,False,False,Pro,0.0,0.571,22,1,8,0.125,1,0.125,12,4104.0,0,2,0,0,1,12.0,4.0,0
A-180abf,2024-01-01,DevTools,US,event,140,1,12736,64,64,0.0,True,0,False,False,False,False,Enterprise,1.0,0.0,20,1,4,0.25,1,0.25,12,2088.0,0,0,0,0,0,0.0,4.0,0
A-186a44,2024-01-01,HealthTech,US,ads,147,2,1360,40,20,0.0,True,0,False,False,False,False,Basic,0.0,0.5,33,0,5,0.0,0,0.0,0,0.0,0,0,0,0,0,0.0,3.0,0
A-1986ca,2024-01-01,HealthTech,IN,ads,336,2,3980,40,20,0.5,True,1,False,False,False,False,Enterprise,1.0,0.0,7,1,2,0.5,1,0.5,10,5080.0,0,0,0,0,0,0.0,4.0,0
A-19b2c8,2024-01-01,DevTools,IN,other,209,6,7755,135,33,0.5,True,0,False,False,False,False,Basic,0.167,0.333,30,1,5,0.2,1,0.2,8,3880.0,0,0,1,0,0,24.0,5.0,0
A-1b707d,2024-01-01,Cybersecurity,US,organic,171,2,3527,23,16,0.5,True,0,False,False,False,False,Enterprise,0.5,0.5,2,1,3,0.333,1,0.5,15,7815.0,0,0,0,0,0,0.0,4.0,0
A-1b9609,2024-01-01,EdTech,IN,ads,81,2,930,30,18,0.5,True,0,False,False,False,False,Basic,0.0,0.5,24,1,4,0.25,1,0.25,9,180.0,0,0,0,0,0,0.0,4.0,1
A-1d5444,2024-01-01,Cybersecurity,US,partner,0,0,0,0,0,0.0,0,0,0,0,0,0,0,0.0,0.0,7,2,5,0.4,2,0.4,17,2989.5,0,0,0,0,0,0.0,0.0,0
A-1e1b80,2024-01-01,FinTech,CA,other,111,5,24397,253,53,0.4,True,0,False,False,False,False,Basic,0.4,0.2,4,3,4,0.75,3,0.75,25,1615.0,1,0,0,0,0,0.0,3.0,0
A-1e50e0,2024-01-01,Cybersecurity,DE,other,314,2,3781,38,19,0.5,False,1,False,False,False,False,Enterprise,1.0,0.0,44,0,4,0.0,0,0.0,0,0.0,0,0,0,0,0,0.0,0.0,0
A-1e6fc3,2024-01-01,EdTech,FR,other,26,0,0,0,0,0.0,0,0,0,0,0,0,0,0.0,0.0,4,1,2,0.5,1,0.5,12,6564.0,1,1,0,0,0,22.0,5.0,0
A-1f0ac7,2024-01-01,HealthTech,UK,other,127,1,1176,24,24,1.0,True,0,False,False,False,False,Pro,0.0,1.0,8,3,3,1.0,3,1.5,30,2924.0,1,0,0,0,0,0.0,4.0,0
A-1f559b,2024-01-01,HealthTech,US,organic,119,2,549,21,16,0.5,False,0,False,False,False,False,Basic,0.0,0.5,1,7,3,2.333,5,1.25,73,3949.857,1,1,0,0,1,68.0,4.0,0
A-1f7acb,2024-01-01,FinTech,UK,ads,148,3,15168,192,64,0.667,True,0,False,False,False,False,Basic,0.333,0.0,17,3,6,0.5,3,0.5,27,3764.667,1,0,0,0,0,0.0,3.0,0
A-2446e3,2024-01-01,EdTech,IN,organic,0,0,0,0,0,0.0,0,0,0,0,0,0,0,0.0,0.0,7,2,2,1.0,2,0.667,18,1109.0,0,0,0,0,0,0.0,0.0,0
A-271f46,2024-01-01,DevTools,US,event,326,2,1444,76,38,0.5,False,0,False,False,False,False,Basic,0.0,0.0,12,3,6,0.5,3,0.5,22,1337.667,0,0,0,0,0,0.0,4.0,0
A-296d7c,2024-01-01,DevTools,DE,other,54,0,0,0,0,0.0,0,0,0,0,0,0,0,0.0,0.0,3,3,3,1.0,3,1.0,37,4201.0,0,0,0,0,0,0.0,4.0,0
A-297a2d,2024-01-01,HealthTech,UK,event,241,2,7164,63,36,0.5,True,1,False,False,False,False,Basic,0.5,0.0,5,2,3,0.667,2,0.667,19,3574.0,1,0,0,0,0,0.0,3.0,0
A-2b9d3e,2024-01-01,EdTech,US,partner,211,2,1204,16,11,0.0,False,0,False,False,False,False,Basic,0.5,0.0,5,3,4,0.75,3,0.75,33,2304.0,1,0,0,0,0,0.0,4.0,0
A-2bc93d,2024-01-01,HealthTech,US,event,293,5,23066,134,40,0.4,False,0,False,True,False,False,Enterprise,0.8,0.0,0,6,2,3.0,5,1.25,65,3625.0,1,0,0,0,0,0.0,4.0,0
A-2e3bad,2024-01-01,FinTech,CA,other,141,1,12139,61,61,1.0,False,0,False,False,False,False,Enterprise,1.0,0.0,13,1,3,0.333,1,0.25,6,1374.0,0,0,0,0,0,0.0,4.0,0
A-2ebb4b,2024-01-01,HealthTech,US,ads,231,5,15723,229,65,0.6,False,2,False,False,False,False,Basic,0.2,0.2,22,1,6,0.167,1,0.167,13,3484.0,1,0,0,0,0,0.0,3.0,0
A-2edab2,2024-01-01,HealthTech,US,event,45,3,1479,51,17,0.333,False,0,False,False,False,False,Basic,0.0,0.333,37,0,3,0.0,0,0.0,0,0.0,0,0,1,0,0,48.0,3.0,0
A-313be3,2024-01-01,EdTech,US,partner,47,2,2303,94,47,0.0,False,1,False,False,False,False,Enterprise,0.5,0.5,7,4,2,2.0,4,2.0,36,2553.5,1,0,0,0,0,0.0,4.0,0
A-32728c,2024-01-01,DevTools,US,event,363,4,3320,80,20,0.5,False,0,False,False,False,False,Pro,0.0,0.75,33,0,4,0.0,0,0.0,0,0.0,0,0,0,0,0,0.0,4.0,0
A-328bd0,2024-01-01,HealthTech,AU,partner,230,6,7794,154,39,0.667,False,1,False,False,False,False,Basic,0.167,0.333,9,5,7,0.714,5,0.714,54,2719.833,1,0,0,0,0,0.0,4.0,0
A-32fb14,2024-01-01,DevTools,US,event,300,4,1482,104,26,0.25,True,1,False,False,False,False,Basic,0.0,0.0,36,0,3,0.0,0,0.0,0,0.0,0,0,0,0,0,0.0,4.0,0
A-337bc1,2024-01-01,Cybersecurity,US,organic,166,2,8236,64,34,1.0,False,0,False,False,False,False,Enterprise,0.5,0.5,7,2,1,2.0,2,2.0,15,1220.0,0,0,0,0,0,0.0,4.0,0
A-35083d,2024-01-01,HealthTech,IN,partner,248,5,8037,101,25,0.4,True,2,False,False,False,False,Enterprise,0.6,0.0,3,4,6,0.667,4,0.667,43,1681.0,1,0,0,0,0,0.0,5.0,0
A-3793ee,2024-01-01,Cybersecurity,CA,organic,286,3,2401,147,49,0.667,False,2,False,False,False,True,Enterprise,0.667,0.333,8,2,4,0.5,2,0.5,24,3527.0,1,0,1,0,0,52.0,4.0,0
A-37f969,2024-01-01,HealthTech,IN,partner,79,3,3909,111,51,0.667,True,0,False,False,False,False,Pro,0.0,0.667,13,1,4,0.25,1,0.25,6,1212.0,1,2,0,1,0,15.0,4.0,0
A-3932db,2024-01-01,HealthTech,CA,other,89,1,437,23,23,1.0,False,0,False,False,False,False,Basic,0.0,0.0,1,3,2,1.5,3,1.5,23,1750.667,0,1,0,0,0,34.0,3.0,0
A-39b19f,2024-01-01,FinTech,US,partner,332,5,7399,151,55,0.6,True,0,False,False,False,False,Pro,0.0,1.0,3,4,6,0.667,4,0.667,32,2055.75,1,0,0,0,0,0.0,4.0,0
A-3a5ad8,2024-01-01,HealthTech,US,organic,27,2,171,18,9,0.0,False,1,False,False,False,False,Basic,0.5,0.0,18,2,5,0.4,2,0.4,14,2958.0,0,0,0,0,0,0.0,4.0,0
A-3b37d9,2024-01-01,FinTech,US,event,339,5,14858,120,28,0.2,True,1,False,False,False,True,Enterprise,0.6,0.4,6,1,5,0.2,1,0.2,7,217.0,1,0,0,0,0,0.0,4.0,0
A-3b5cd1,2024-01-01,FinTech,US,event,111,5,5772,91,31,0.8,True,1,False,False,False,True,Pro,0.2,0.8,12,3,5,0.6,3,0.6,43,6842.667,1,0,1,0,0,9.0,4.0,1
A-3be56b,2024-01-01,HealthTech,IN,event,67,2,3038,65,62,0.5,True,1,False,False,False,False,Enterprise,0.5,0.5,2,1,5,0.2,1,0.2,12,2868.0,0,1,0,0,0,14.0,3.0,1
A-3c1a3f,2024-01-01,DevTools,UK,event,128,5,8557,114,45,0.4,True,3,False,False,False,False,Basic,0.4,0.2,7,5,3,1.667,5,2.5,38,1832.4,1,0,1,0,0,51.0,4.0,0
A-3cc791,2024-01-01,EdTech,US,other,0,0,0,0,0,0.0,0,0,0,0,0,0,0,0.0,0.0,21,1,7,0.143,1,0.143,7,3122.0,1,1,0,0,0,70.0,5.0,0
A-3ce5b8,2024-01-01,FinTech,IN,ads,116,1,9261,189,189,0.0,False,0,False,False,False,False,Pro,0.0,1.0,12,1,3,0.333,1,0.333,11,2266.0,1,0,2,0,1,31.5,3.0,0
A-40a557,2024-01-01,Cybersecurity,AU,partner,29,0,0,0,0,0.0,0,0,0,0,0,0,0,0.0,0.0,6,2,4,0.5,2,0.4,25,3961.0,0,0,0,0,0,0.0,3.0,0
A-40de06,2024-01-01,Cybersecurity,US,event,238,7,16970,230,62,0.286,True,0,False,False,False,False,Pro,0.286,0.429,2,3,8,0.375,3,0.429,26,2848.667,1,0,1,0,0,16.0,4.0,0
A-417d2f,2024-01-01,Cybersecurity,IN,partner,181,4,11743,97,51,0.0,True,0,False,False,False,False,Basic,0.5,0.0,31,0,6,0.0,0,0.0,0,0.0,0,0,1,0,1,44.0,4.0,0
A-425e76,2024-01-01,DevTools,UK,other,229,5,12363,147,71,0.6,True,0,False,False,False,False,Enterprise,0.4,0.4,6,2,0,0.0,2,0.0,17,2887.5,0,0,1,0,0,72.0,3.0,0
A-432483,2024-01-01,Cybersecurity,US,ads,329,5,15106,98,60,0.6,True,1,False,False,False,False,Enterprise,0.4,0.4,13,3,2,1.5,3,1.5,24,2385.667,1,0,0,0,0,0.0,0.0,0
A-43a9e3,2024-01-01,FinTech,IN,other,137,3,6332,68,28,0.333,True,0,False,False,False,True,Basic,0.333,0.0,16,1,1,1.0,1,1.0,16,4624.0,0,0,0,0,0,0.0,4.0,0
A-4437e4,2024-01-01,Cybersecurity,US,event,107,3,323,29,17,1.0,False,2,False,False,False,False,Basic,0.0,0.0,3,4,6,0.667,5,0.833,36,2513.8,1,0,0,0,0,0.0,4.0,0
A-45ce7a,2024-01-01,FinTech,US,ads,162,1,784,16,16,1.0,False,0,False,False,False,False,Pro,0.0,1.0,0,4,2,2.0,4,2.0,33,2114.75,1,0,0,0,0,0.0,3.0,0
A-462d45,2024-01-01,Cybersecurity,US,partner,0,0,0,0,0,0.0,0,0,0,0,0,0,0,0.0,0.0,7,5,2,2.5,5,5.0,49,2983.8,0,0,0,0,0,0.0,4.0,0
A-474ad4,2024-01-01,EdTech,US,organic,34,3,513,35,17,0.333,False,1,True,True,False,False,Basic,0.0,0.333,27,2,6,0.333,2,0.333,18,3510.0,1,0,0,0,0,0.0,4.0,0
A-484819,2024-01-01,HealthTech,US,organic,314,4,11088,72,18,0.25,False,0,False,False,False,False,Enterprise,0.75,0.0,35,0,3,0.0,0,0.0,0,0.0,0,1,0,0,1,15.0,5.0,0
A-49b828,2024-01-01,FinTech,IN,ads,241,6,21360,126,49,0.5,False,1,False,False,False,True,Enterprise,0.667,0.167,3,3,6,0.5,4,0.667,46,2610.0,1,0,1,0,0,26.0,4.0,0
A-4a4c2d,2024-01-01,DevTools,US,event,244,6,25596,324,54,0.333,True,0,False,False,False,False,Basic,0.333,0.0,0,3,3,1.0,4,1.333,44,2786.8,1,0,0,0,0,0.0,4.0,0
A-4c56c9,2024-01-01,FinTech,US,partner,12,0,0,0,0,0.0,0,0,0,0,0,0,0,0.0,0.0,3,3,4,0.75,3,0.75,36,2230.667,0,0,0,0,0,0.0,0.0,0
A-4c6f11,2024-01-01,FinTech,CA,organic,35,0,0,0,0,0.0,0,0,0,0,0,0,0,0.0,0.0,44,0,2,0.0,0,0.0,0,0.0,0,1,1,0,1,37.0,5.0,0
A-4e0e85,2024-01-01,DevTools,US,organic,115,0,0,0,0,0.0,0,0,0,0,0,0,0,0.0,0.0,17,2,2,1.0,2,1.0,19,3029.5,1,0,0,0,0,0.0,0.0,0
A-4e960a,2024-01-01,FinTech,US,other,0,0,0,0,0,0.0,0,0,0,0,0,0,0,0.0,0.0,7,1,6,0.167,1,0.2,14,4984.0,0,0,1,0,1,54.0,3.0,0
A-503d5a,2024-01-01,FinTech,US,other,72,3,3319,80,49,1.0,False,1,False,False,True,False,Basic,0.333,0.0,8,2,3,0.667,2,0.667,21,933.0,0,0,1,0,0,58.0,3.0,0
A-508199,2024-01-01,FinTech,AU,event,0,0,0,0,0,0.0,0,0,0,0,0,0,0,0.0,0.0,2,1,1,1.0,1,1.0,7,2331.0,0,0,0,0,0,0.0,0.0,0
A-50f3f7,2024-01-01,HealthTech,US,partner,10,0,0,0,0,0.0,0,0,0,0,0,0,0,0.0,0.0,6,3,6,0.5,2,0.286,39,3030.667,0,1,0,0,0,30.0,5.0,0
A-51ec1b,2024-01-01,DevTools,US,ads,54,0,0,0,0,0.0,0,0,0,0,0,0,0,0.0,0.0,21,2,2,1.0,2,1.0,20,3444.0,0,0,1,0,0,28.0,5.0,0
A-52dd88,2024-01-01,Cybersecurity,US,ads,314,6,3712,141,26,0.333,True,1,False,False,False,False,Basic,0.0,0.333,3,1,2,0.5,1,0.5,10,760.0,0,1,0,0,0,72.0,4.0,0
A-54d94a,2024-01-01,Cybersecurity,IN,event,245,3,2368,134,55,0.667,True,1,False,False,False,False,Basic,0.333,0.333,18,1,5,0.2,1,0.2,8,424.0,1,0,0,0,0,0.0,4.0,0
A-54ecc2,2024-01-01,Cybersecurity,US,partner,204,4,2461,53,34,0.5,True,1,False,False,False,False,Enterprise,0.5,0.25,7,2,3,0.667,2,1.0,21,3748.5,1,0,0,0,0,0.0,5.0,0
A-558c72,2024-01-01,FinTech,US,organic,214,2,1372,28,16,1.0,False,0,False,False,False,False,Pro,0.0,1.0,4,3,1,3.0,3,3.0,31,2447.667,0,0,0,0,0,0.0,5.0,0
A-55f257,2024-01-01,FinTech,US,organic,11,0,0,0,0,0.0,0,0,0,0,0,0,0,0.0,0.0,69,0,2,0.0,0,0.0,0,0.0,0,1,0,0,0,43.0,5.0,0
A-59f724,2024-01-01,HealthTech,US,other,59,1,882,18,18,0.0,False,0,False,False,False,False,Pro,0.0,1.0,13,3,2,1.5,3,1.5,41,5844.333,1,0,0,0,0,0.0,0.0,0
A-5a184f,2024-01-01,DevTools,DE,other,196,4,7793,156,74,0.0,False,1,False,False,False,False,Pro,0.25,0.5,38,0,3,0.0,0,0.0,0,0.0,0,0,0,0,0,0.0,4.0,0
A-5a215a,2024-01-01,EdTech,FR,other,0,0,0,0,0,0.0,0,0,0,0,0,0,0,0.0,0.0,4,1,5,0.2,1,0.167,9,882.0,1,0,0,0,0,0.0,4.0,0
A-5a3eb9,2024-01-01,DevTools,CA,other,134,3,4618,112,65,0.0,False,0,False,False,False,False,Pro,0.0,0.667,1,5,7,0.714,5,0.833,57,1938.8,1,0,0,0,0,0.0,4.0,0
A-5b1bcd,2024-01-01,DevTools,US,organic,107,4,44968,292,73,0.5,False,0,False,False,False,True,Enterprise,0.75,0.0,5,1,6,0.167,1,0.167,11,440.0,1,0,0,0,0,0.0,0.0,0
A-600734,2024-01-01,DevTools,US,organic,48,0,0,0,0,0.0,0,0,0,0,0,0,0,0.0,0.0,0,3,6,0.5,3,0.5,33,3888.0,0,0,2,0,1,22.0,3.0,0
A-659280,2024-01-01,FinTech,IN,event,45,3,9393,57,31,0.333,True,0,False,False,False,False,Enterprise,0.667,0.333,27,1,8,0.125,1,0.143,6,2574.0,0,0,0,0,0,0.0,4.0,0
A-65a46c,2024-01-01,HealthTech,US,event,58,0,0,0,0,0.0,0,0,0,0,0,0,0,0.0,0.0,4,1,5,0.2,1,0.25,12,1920.0,0,0,1,0,0,62.0,3.0,0
A-65aeb5,2024-01-01,DevTools,US,partner,0,0,0,0,0,0.0,0,0,0,0,0,0,0,0.0,0.0,19,2,5,0.4,3,0.6,21,991.0,0,0,0,0,0,0.0,5.0,0
A-65c341,2024-01-01,FinTech,US,ads,6,0,0,0,0,0.0,0,0,0,0,0,0,0,0.0,0.0,2,5,5,1.0,5,1.25,60,4308.0,0,0,2,0,1,58.0,4.0,0
A-67be94,2024-01-01,EdTech,US,organic,272,3,8636,104,41,0.667,True,0,False,False,False,False,Basic,0.333,0.0,56,0,2,0.0,0,0.0,0,0.0,0,0,0,0,0,0.0,5.0,0
A-68f37c,2024-01-01,HealthTech,US,ads,170,5,25414,169,121,0.8,False,2,False,False,False,False,Enterprise,0.4,0.4,0,3,6,0.5,3,0.5,18,1897.0,1,0,1,0,0,2.0,4.0,0
A-69b156,2024-01-01,EdTech,US,other,41,1,1393,7,7,1.0,False,0,False,False,False,False,Enterprise,1.0,0.0,43,0,4,0.0,0,0.0,0,0.0,0,0,0,0,0,0.0,4.0,0
A-69fad4,2024-01-01,FinTech,UK,ads,270,4,4134,66,35,0.5,True,0,False,False,False,False,Basic,0.5,0.0,17,3,3,1.0,2,0.5,36,5558.667,1,0,0,0,0,0.0,4.0,0
A-6a4e2d,2024-01-01,EdTech,UK,partner,269,6,8245,171,56,0.333,True,1,False,False,False,False,Basic,0.333,0.333,18,2,2,1.0,2,0.667,18,1559.0,1,0,0,0,0,0.0,0.0,0
A-6c093d,2024-01-01,DevTools,US,partner,262,3,922,90,62,0.333,True,1,False,False,False,False,Basic,0.0,0.333,15,2,4,0.5,2,0.5,20,4874.5,0,0,0,0,0,0.0,4.0,0
A-6da850,2024-01-01,FinTech,IN,organic,86,2,1911,39,34,0.5,False,0,False,False,False,True,Pro,0.0,1.0,13,2,5,0.4,2,0.333,27,1969.5,1,0,0,0,0,0.0,4.0,1
A-6dee43,2024-01-01,FinTech,UK,other,142,2,2502,18,12,0.0,False,0,False,False,False,False,Basic,0.5,0.0,45,0,6,0.0,0,0.0,0,0.0,0,0,2,0,1,32.5,5.0,1
A-6e08f3,2024-01-01,Cybersecurity,US,event,308,1,0,24,24,1.0,False,1,False,False,False,False,Enterprise,1.0,0.0,16,2,2,1.0,2,0.667,19,2678.5,0,0,0,0,0,0.0,3.0,0
A-6e7827,2024-01-01,DevTools,US,other,281,3,612,18,9,0.667,True,0,False,False,False,True,Pro,0.0,0.667,26,1,2,0.5,1,0.5,10,5200.0,0,0,0,0,0,0.0,0.0,0
A-6f50ae,2024-01-01,FinTech,US,partner,102,2,361,38,19,1.0,False,1,False,False,False,False,Basic,0.5,0.0,0,2,5,0.4,2,0.4,13,3020.5,1,0,0,0,0,0.0,5.0,0
A-702032,2024-01-01,HealthTech,US,ads,90,0,0,0,0,0.0,0,0,0,0,0,0,0,0.0,0.0,7,1,2,0.5,1,0.5,11,5324.0,1,0,0,0,0,0.0,3.0,0
A-712533,2024-01-01,EdTech,US,organic,154,3,1026,72,36,0.333,False,1,False,False,False,False,Basic,0.333,0.0,23,3,3,1.0,3,0.75,30,2305.0,1,0,0,0,0,0.0,3.0,0
A-712f1c,2024-01-01,DevTools,US,ads,16,0,0,0,0,0.0,0,0,0,0,0,0,0,0.0,0.0,11,4,7,0.571,4,0.5,41,3727.25,0,0,2,0,1,49.0,5.0,0
A-726cfa,2024-01-01,DevTools,US,partner,184,7,10527,134,30,0.429,True,1,False,False,False,False,Pro,0.286,0.714,2,7,7,1.0,6,0.75,63,2363.571,1,1,0,0,0,37.0,4.0,0
A-72799b,2024-01-01,DevTools,FR,event,49,3,4360,60,20,0.667,False,1,False,True,False,False,Enterprise,0.667,0.0,16,2,3,0.667,2,0.667,17,2138.5,0,0,0,0,0,0.0,0.0,0
A-756192,2024-01-01,FinTech,IN,other,204,2,931,38,19,1.0,True,1,False,False,False,False,Pro,0.0,1.0,3,5,6,0.833,4,0.667,38,1777.4,1,0,0,0,0,0.0,5.0,0
A-7641d3,2024-01-01,EdTech,US,partner,319,3,1744,27,11,1.0,True,1,False,False,False,False,Basic,0.333,0.333,12,2,2,1.0,2,1.0,18,2426.5,0,1,0,0,0,70.0,5.0,0
A-779e4e,2024-01-01,HealthTech,US,organic,364,6,24419,161,58,0.333,False,0,False,False,False,False,Enterprise,0.5,0.333,16,1,0,0.0,1,0.0,9,1494.0,0,0,0,0,0,0.0,5.0,0
A-7920cc,2024-01-01,Cybersecurity,FR,ads,39,3,1482,117,39,0.333,False,1,False,False,False,False,Basic,0.0,0.0,12,2,5,0.4,2,0.4,21,3727.5,1,0,1,0,0,43.0,5.0,0
A-794a0b,2024-01-01,HealthTech,DE,organic,213,2,437,46,23,0.0,True,1,False,False,False,False,Basic,0.0,0.5,15,2,1,2.0,2,2.0,14,2365.0,1,0,0,0,0,0.0,0.0,0
A-7988d1,2024-01-01,Cybersecurity,US,other,12,0,0,0,0,0.0,0,0,0,0,0,0,0,0.0,0.0,0,4,4,1.0,4,1.0,41,2307.0,1,0,1,0,1,52.0,5.0,1
A-798a3f,2024-01-01,DevTools,FR,other,74,2,2977,43,31,0.0,True,0,False,True,False,False,Basic,0.5,0.0,9,2,3,0.667,2,0.667,25,4557.5,1,1,0,0,0,45.0,3.0,0
A-7c4956,2024-01-01,DevTools,US,ads,240,6,1702,88,51,0.667,True,2,False,False,False,False,Basic,0.167,0.167,33,0,2,0.0,0,0.0,0,0.0,0,0,0,0,0,0.0,0.0,0
A-7df7a7,2024-01-01,DevTools,US,organic,338,8,17800,214,85,0.75,True,2,False,False,False,False,Enterprise,0.5,0.375,8,4,7,0.571,4,0.571,54,3150.5,0,0,0,0,0,0.0,4.0,0
A-7e0a10,2024-01-01,FinTech,US,ads,44,3,4002,138,46,0.667,True,0,False,False,False,False,Basic,0.0,0.333,2,2,5,0.4,2,0.4,22,3625.0,1,0,0,0,0,0.0,3.0,0
A-7f4db3,2024-01-01,FinTech,US,other,302,7,4308,81,39,0.571,True,1,False,False,False,False,Pro,0.286,0.571,13,3,6,0.5,4,0.571,40,3651.5,1,0,0,0,0,0.0,3.0,0
A-7f6b86,2024-01-01,HealthTech,US,partner,130,3,3746,149,59,0.333,True,1,False,False,False,True,Pro,0.0,0.667,19,1,5,0.2,1,0.2,7,2695.0,0,0,0,0,0,0.0,3.0,0
A-7f8241,2024-01-01,EdTech,US,organic,293,10,22134,340,34,0.4,True,1,False,False,False,True,Pro,0.3,0.4,10,1,5,0.2,1,0.2,6,1992.0,0,0,0,0,0,0.0,0.0,0
A-80eeb6,2024-01-01,Cybersecurity,UK,organic,237,5,20052,168,68,0.8,False,0,False,False,False,False,Basic,0.4,0.2,12,2,11,0.182,2,0.2,17,2795.5,0,0,0,0,0,0.0,3.0,0
A-8145a0,2024-01-01,Cybersecurity,AU,partner,251,4,8199,81,44,0.5,False,0,False,False,False,False,Enterprise,0.75,0.0,8,3,6,0.5,3,0.5,33,3650.333,1,0,0,0,0,0.0,3.0,0
A-81edc3,2024-01-01,Cybersecurity,IN,ads,63,2,1583,17,12,1.0,True,0,False,False,False,False,Enterprise,0.5,0.5,9,6,7,0.857,6,0.857,58,4377.833,1,1,0,0,0,69.0,3.0,0
A-832ec2,2024-01-01,FinTech,UK,event,43,0,0,0,0,0.0,0,0,0,0,0,0,0,0.0,0.0,14,1,1,1.0,1,1.0,10,3590.0,0,0,0,0,0,0.0,0.0,0
A-84ebe4,2024-01-01,FinTech,US,ads,295,3,8103,57,21,0.0,True,0,False,False,False,False,Enterprise,0.667,0.0,43,0,4,0.0,0,0.0,0,0.0,0,0,0,0,0,0.0,4.0,1
A-855a48,2024-01-01,EdTech,US,partner,10,0,0,0,0,0.0,0,0,0,0,0,0,0,0.0,0.0,15,1,6,0.167,1,0.2,8,1936.0,0,0,1,0,0,34.0,4.0,0
A-856b1e,2024-01-01,FinTech,US,partner,62,3,3626,74,30,1.0,True,0,False,True,False,False,Pro,0.0,1.0,76,0,1,0.0,0,0.0,0,0.0,0,0,0,0,0,0.0,4.0,0
A-86902e,2024-01-01,HealthTech,IN,other,244,5,13431,197,61,0.6,True,2,False,True,False,False,Basic,0.2,0.2,5,5,2,2.5,4,2.0,39,3104.8,1,0,0,0,0,0.0,3.0,0
A-8ed5dd,2024-01-01,EdTech,UK,event,186,4,2839,61,46,0.25,False,0,False,True,False,True,Pro,0.0,0.75,0,5,5,1.0,5,1.0,53,4647.2,1,0,0,0,0,0.0,5.0,0
A-9123ac,2024-01-01,Cybersecurity,DE,organic,195,2,8529,51,42,0.5,False,0,False,False,False,False,Basic,0.5,0.0,32,0,3,0.0,0,0.0,0,0.0,0,1,0,0,0,66.0,5.0,0
A-91e948,2024-01-01,EdTech,AU,partner,337,4,5576,164,41,0.75,False,0,False,False,False,True,Basic,0.0,0.5,3,1,4,0.25,1,0.25,11,1815.0,0,0,0,0,0,0.0,0.0,0
A-9208f0,2024-01-01,EdTech,US,organic,235,6,3511,87,38,0.5,False,1,False,False,False,False,Basic,0.333,0.167,10,2,5,0.4,2,0.4,20,1263.0,1,0,0,0,0,0.0,4.0,0
A-922109,2024-01-01,Cybersecurity,US,ads,0,0,0,0,0,0.0,0,0,0,0,0,0,0,0.0,0.0,17,2,7,0.286,3,0.375,23,2709.0,0,0,0,0,0,0.0,4.0,0
A-9289f6,2024-01-01,EdTech,US,event,215,4,665,57,22,0.5,False,1,False,False,False,False,Basic,0.25,0.0,3,3,2,1.5,3,1.5,30,2134.0,1,0,1,0,0,12.0,3.0,0
A-92a333,2024-01-01,FinTech,US,event,283,2,6738,42,33,0.0,False,0,False,False,False,False,Basic,0.5,0.0,41,0,5,0.0,0,0.0,0,0.0,0,0,1,0,0,20.0,4.0,0
A-94c3cd,2024-01-01,FinTech,CA,other,103,0,0,0,0,0.0,0,0,0,0,0,0,0,0.0,0.0,0,3,3,1.0,3,1.0,31,2929.5,1,0,1,1,1,54.0,4.0,0
A-94d3da,2024-01-01,HealthTech,US,other,243,7,13735,287,41,0.571,True,2,False,False,False,False,Pro,0.143,0.571,1,3,1,3.0,3,3.0,34,3627.333,0,0,0,0,0,0.0,3.0,0
A-95b24a,2024-01-01,FinTech,US,event,209,6,13893,237,47,0.333,True,0,False,False,False,False,Basic,0.167,0.333,3,3,2,1.5,2,1.0,26,2354.667,1,0,1,0,0,33.0,3.0,0
A-96e141,2024-01-01,DevTools,UK,partner,142,2,1568,72,40,1.0,False,1,False,False,False,False,Enterprise,0.5,0.5,9,3,1,3.0,3,3.0,25,988.333,0,0,1,0,0,8.0,4.0,0
A-977ca0,2024-01-01,HealthTech,IN,partner,315,7,25347,249,92,0.714,True,1,False,False,False,False,Pro,0.286,0.429,10,5,7,0.714,5,0.714,48,3092.8,1,0,0,0,0,0.0,4.0,0
A-98a59a,2024-01-01,FinTech,UK,partner,150,4,7616,224,56,0.5,True,0,False,False,False,True,Basic,0.0,0.5,22,2,5,0.4,2,0.4,17,1643.5,1,0,0,0,0,0.0,4.0,0
A-993085,2024-01-01,HealthTech,US,ads,214,8,33335,275,49,0.375,True,0,False,False,True,False,Enterprise,0.5,0.125,3,2,5,0.4,2,0.333,20,2256.0,0,0,0,0,0,0.0,0.0,1
A-9affe6,2024-01-01,Cybersecurity,US,other,285,5,5159,101,56,0.4,True,0,False,False,False,True,Basic,0.4,0.2,1,3,6,0.5,3,0.5,32,2891.333,1,0,0,0,0,0.0,3.0,1
A-9b9fe9,2024-01-01,EdTech,AU,other,95,5,2857,54,24,0.4,True,1,False,False,True,False,Pro,0.2,0.6,11,3,2,1.5,3,1.5,35,3078.333,0,0,1,0,0,71.0,4.0,0
A-9bfc9f,2024-01-01,DevTools,CA,ads,109,3,3604,159,53,1.0,False,1,False,True,False,False,Pro,0.0,0.667,2,3,4,0.75,3,0.6,32,2464.667,0,0,0,0,0,0.0,3.0,0
A-9c18c4,2024-01-01,HealthTech,US,ads,158,6,12906,84,19,0.5,True,0,False,False,False,True,Enterprise,0.667,0.167,10,2,3,0.667,2,1.0,20,2769.0,0,0,0,0,0,0.0,5.0,0
A-9ee962,2024-01-01,HealthTech,US,ads,307,5,3136,82,30,0.4,True,2,False,False,False,True,Pro,0.0,0.6,16,1,2,0.5,1,0.5,14,210.0,0,0,0,0,0,0.0,4.0,0
A-9f9299,2024-01-01,FinTech,US,organic,121,3,12516,84,28,0.333,False,0,False,False,False,False,Enterprise,0.667,0.333,10,3,8,0.375,3,0.5,24,1916.0,0,0,1,0,1,3.0,4.0,0
A-a1b80b,2024-01-01,HealthTech,US,organic,35,0,0,0,0,0.0,0,0,0,0,0,0,0,0.0,0.0,30,1,5,0.2,1,0.2,10,4210.0,0,1,0,0,0,34.0,4.0,0
A-a1bbb6,2024-01-01,DevTools,CA,organic,271,6,14010,90,28,0.667,True,0,False,False,False,False,Enterprise,0.667,0.333,7,2,3,0.667,2,0.667,15,2747.5,0,0,1,0,0,1.0,4.0,0
A-a6d261,2024-01-01,FinTech,CA,other,33,1,171,9,9,1.0,False,0,False,False,False,False,Basic,0.0,0.0,13,1,7,0.143,1,0.111,12,7068.0,1,0,0,0,0,0.0,5.0,0
A-a7bd4b,2024-01-01,Cybersecurity,US,ads,320,5,1104,56,22,0.2,True,2,False,False,False,True,Pro,0.2,0.6,2,5,6,0.833,4,0.667,60,2495.0,1,0,1,0,1,28.0,3.0,0
A-a865bd,2024-01-01,Cybersecurity,US,organic,104,0,0,0,0,0.0,0,0,0,0,0,0,0,0.0,0.0,3,1,1,1.0,1,1.0,4,1508.0,1,0,0,0,0,0.0,0.0,0
A-a8b49c,2024-01-01,Cybersecurity,UK,partner,87,4,476,49,19,0.5,False,2,False,False,False,False,Basic,0.0,0.5,29,1,5,0.2,1,0.2,6,2196.0,0,0,0,0,0,0.0,4.0,0
A-a8d89d,2024-01-01,EdTech,US,ads,24,1,15522,78,78,1.0,False,0,False,False,False,False,Enterprise,1.0,0.0,55,0,1,0.0,0,0.0,0,0.0,0,0,0,0,0,0.0,4.0,1
A-aa9511,2024-01-01,DevTools,US,other,83,4,12708,102,33,0.75,False,0,False,False,False,False,Enterprise,0.5,0.25,7,1,6,0.167,1,0.167,7,1057.0,1,0,0,0,0,0.0,4.0,0
A-ac14bb,2024-01-01,FinTech,US,partner,115,2,5208,42,21,0.5,True,0,False,False,False,False,Enterprise,0.5,0.5,2,1,3,0.333,1,0.333,15,7710.0,0,0,0,0,0,0.0,0.0,0
A-ac9111,2024-01-01,HealthTech,US,event,142,4,3206,104,41,0.25,False,0,False,False,False,False,Basic,0.0,0.25,15,4,9,0.444,3,0.333,42,3899.0,1,0,0,0,0,0.0,5.0,0
A-acb7f7,2024-01-01,EdTech,US,ads,0,0,0,0,0,0.0,0,0,0,0,0,0,0,0.0,0.0,12,2,4,0.5,2,0.667,16,2590.0,1,1,0,0,1,50.0,4.0,0
A-ad3abd,2024-01-01,FinTech,US,event,304,4,11748,176,44,0.5,True,1,False,False,False,False,Basic,0.25,0.25,99,0,0,0.0,0,0.0,0,0.0,0,1,0,0,1,25.0,3.0,0
A-ae052e,2024-01-01,FinTech,CA,other,112,0,0,0,0,0.0,0,0,0,0,0,0,0,0.0,0.0,4,3,2,1.5,3,1.5,33,2607.667,1,1,0,0,1,12.0,3.0,0
A-af0cd2,2024-01-01,Cybersecurity,IN,other,363,7,4085,144,30,0.429,True,1,False,False,False,True,Basic,0.0,0.429,17,2,11,0.182,2,0.2,17,582.5,1,0,0,0,0,0.0,4.0,0
A-afa505,2024-01-01,DevTools,US,partner,5,0,0,0,0,0.0,0,0,0,0,0,0,0,0.0,0.0,18,2,6,0.333,1,0.167,27,2112.0,0,0,0,0,0,0.0,3.0,0
A-b11cd0,2024-01-01,DevTools,US,ads,346,4,1768,104,26,0.75,False,2,False,False,False,False,Basic,0.0,0.25,32,0,2,0.0,0,0.0,0,0.0,0,0,0,0,0,0.0,5.0,0
A-b20d99,2024-01-01,HealthTech,IN,other,96,0,0,0,0,0.0,0,0,0,0,0,0,0,0.0,0.0,22,1,1,1.0,1,1.0,11,3069.0,0,0,0,0,0,0.0,4.0,0
A-b7724f,2024-01-01,HealthTech,UK,organic,279,1,627,33,33,1.0,False,0,False,False,False,False,Basic,0.0,0.0,12,1,0,0.0,1,0.0,12,6024.0,1,0,0,0,0,0.0,0.0,1
A-b9f5b1,2024-01-01,Cybersecurity,US,other,342,2,0,57,42,0.5,True,2,False,False,False,False,Enterprise,1.0,0.0,4,2,2,1.0,2,1.0,21,3861.0,1,0,1,0,1,28.0,3.0,0
A-ba6516,2024-01-01,FinTech,US,ads,64,0,0,0,0,0.0,0,0,0,0,0,0,0,0.0,0.0,6,3,2,1.5,3,1.5,24,3202.667,1,0,0,0,0,0.0,5.0,0
A-bad8c1,2024-01-01,FinTech,AU,organic,306,4,3444,166,60,0.75,False,2,False,True,False,False,Pro,0.25,0.5,120,0,0,0.0,0,0.0,0,0.0,0,0,0,0,0,0.0,0.0,0
A-bb2f49,2024-01-01,Cybersecurity,US,other,218,4,15116,134,68,0.5,False,0,False,True,False,False,Enterprise,0.5,0.5,79,0,2,0.0,0,0.0,0,0.0,0,0,0,0,0,0.0,4.0,0
A-bb3bd4,2024-01-01,HealthTech,US,ads,0,0,0,0,0,0.0,0,0,0,0,0,0,0,0.0,0.0,1,1,1,1.0,1,1.0,7,2037.0,0,1,1,0,0,30.0,4.0,0
A-bbe56f,2024-01-01,HealthTech,US,ads,319,2,4578,42,21,0.5,False,0,False,False,False,False,Basic,0.5,0.0,10,2,4,0.5,2,0.5,29,4309.0,1,0,0,0,0,0.0,0.0,0
A-bcf664,2024-01-01,DevTools,US,other,227,6,5324,129,59,0.667,False,2,False,False,False,False,Basic,0.167,0.167,20,2,6,0.333,2,0.333,15,1750.0,1,1,0,1,0,69.0,5.0,0
A-bece89,2024-01-01,Cybersecurity,IN,event,31,0,0,0,0,0.0,0,0,0,0,0,0,0,0.0,0.0,29,1,2,0.5,1,0.5,9,3996.0,0,0,0,0,0,0.0,5.0,0
A-c16b88,2024-01-01,HealthTech,US,event,30,0,0,0,0,0.0,0,0,0,0,0,0,0,0.0,0.0,6,4,6,0.667,4,0.571,47,3000.25,1,0,0,0,0,0.0,4.0,0
A-c1dfe1,2024-01-01,DevTools,DE,ads,147,2,1121,59,33,1.0,True,0,False,False,False,False,Basic,0.0,0.0,44,0,5,0.0,0,0.0,0,0.0,0,0,0,0,0,0.0,4.0,0
A-c45b23,2024-01-01,FinTech,UK,partner,24,1,152,8,8,1.0,False,0,False,False,False,False,Basic,0.0,0.0,3,1,2,0.5,1,0.5,10,1370.0,1,0,0,0,0,0.0,0.0,0
A-c4ea60,2024-01-01,FinTech,DE,other,298,2,1254,66,48,0.5,True,0,False,False,False,False,Basic,0.0,0.0,5,4,3,1.333,4,1.0,46,4687.0,1,0,1,0,0,5.0,5.0,0
A-c608c8,2024-01-01,DevTools,DE,ads,249,3,2330,20,11,0.333,False,0,False,False,False,False,Enterprise,0.667,0.333,13,2,4,0.5,2,0.5,17,2056.5,1,0,0,0,0,0.0,3.0,0
A-c62e55,2024-01-01,EdTech,US,partner,327,1,1666,34,34,0.0,True,0,False,False,False,False,Pro,0.0,1.0,9,1,2,0.5,1,0.5,10,1570.0,0,0,0,0,0,0.0,3.0,0
A-c7e58b,2024-01-01,HealthTech,IN,other,190,2,1450,10,7,0.5,True,0,False,False,False,False,Basic,0.5,0.0,14,2,5,0.4,2,0.333,18,2841.5,0,1,0,0,0,65.0,3.0,0
A-c7ffc2,2024-01-01,Cybersecurity,US,partner,339,5,14661,279,132,0.6,True,0,False,False,False,True,Basic,0.2,0.2,77,0,1,0.0,0,0.0,0,0.0,0,0,1,0,0,63.0,4.0,0
A-cab532,2024-01-01,DevTools,FR,organic,273,4,10872,78,31,1.0,True,0,False,False,False,False,Enterprise,0.75,0.25,0,6,5,1.2,6,1.2,44,2838.667,1,0,0,0,0,0.0,0.0,0
A-cb6cc6,2024-01-01,DevTools,US,ads,273,3,513,40,14,0.333,True,1,False,False,False,False,Basic,0.333,0.0,6,2,1,2.0,2,2.0,29,6571.5,1,0,0,0,0,0.0,0.0,0
A-cbbe12,2024-01-01,Cybersecurity,DE,partner,285,3,1960,120,40,0.667,False,2,False,False,False,False,Pro,0.0,1.0,40,0,2,0.0,0,0.0,0,0.0,0,0,0,0,0,0.0,4.0,0
A-cc98bc,2024-01-01,DevTools,US,ads,222,7,17353,249,57,0.571,True,1,False,False,False,False,Basic,0.429,0.143,1,3,4,0.75,3,0.75,30,4880.0,1,0,0,0,0,0.0,4.0,0
A-ccabf0,2024-01-01,HealthTech,IN,organic,56,4,16983,117,59,0.75,False,0,False,False,False,False,Enterprise,0.5,0.5,8,5,1,5.0,5,5.0,53,2249.4,1,0,0,0,0,0.0,3.0,0
A-ccb686,2024-01-01,DevTools,US,other,0,0,0,0,0,0.0,0,0,0,0,0,0,0,0.0,0.0,4,1,3,0.333,1,0.5,6,1140.0,0,0,1,0,0,67.0,4.0,0
A-ccc747,2024-01-01,HealthTech,FR,event,0,0,0,0,0,0.0,0,0,0,0,0,0,0,0.0,0.0,22,1,3,0.333,1,0.333,11,3784.0,1,0,0,0,0,0.0,4.0,0
A-cdf020,2024-01-01,DevTools,AU,organic,138,1,1519,31,31,1.0,False,0,False,False,False,False,Pro,0.0,1.0,7,2,1,2.0,2,2.0,19,2373.0,0,1,0,0,0,2.0,5.0,0
A-ce66f8,2024-01-01,EdTech,CA,event,131,1,551,29,29,1.0,False,0,False,False,False,False,Basic,0.0,0.0,2,2,2,1.0,2,1.0,22,1858.0,1,0,0,0,0,0.0,3.0,0
A-d49cc5,2024-01-01,Cybersecurity,FR,event,104,0,0,0,0,0.0,0,0,0,0,0,0,0,0.0,0.0,24,2,3,0.667,2,0.667,25,6042.5,1,0,0,0,0,0.0,0.0,0
A-d5a319,2024-01-01,FinTech,US,other,242,6,15292,148,70,0.333,True,2,False,True,True,True,Basic,0.167,0.333,13,1,5,0.2,1,0.2,9,4743.0,0,0,0,0,0,0.0,0.0,0
A-d77f4c,2024-01-01,DevTools,US,partner,98,2,152,49,41,1.0,False,1,False,False,True,False,Basic,0.0,0.0,19,1,4,0.25,1,0.25,7,1414.0,0,0,0,0,0,0.0,5.0,0
A-d792a6,2024-01-01,DevTools,US,organic,343,10,7358,114,37,0.5,True,3,False,False,True,False,Basic,0.4,0.2,17,2,6,0.333,2,0.333,17,2597.0,1,0,1,0,0,67.0,4.0,0
A-d922bf,2024-01-01,HealthTech,US,ads,115,2,12338,62,32,0.5,False,0,False,False,False,False,Enterprise,1.0,0.0,63,0,2,0.0,0,0.0,0,0.0,0,0,0,0,0,0.0,4.0,0
A-dbc825,2024-01-01,EdTech,FR,partner,0,0,0,0,0,0.0,0,0,0,0,0,0,0,0.0,0.0,4,4,6,0.667,4,0.667,31,2655.25,1,0,1,0,0,72.0,3.0,1
A-dcc2f0,2024-01-01,FinTech,UK,organic,163,5,4480,89,25,0.6,False,1,False,False,False,False,Basic,0.4,0.2,6,2,4,0.5,2,0.5,23,2710.5,0,0,0,0,0,0.0,4.0,0
A-dcc3f1,2024-01-01,HealthTech,US,event,5,1,399,21,21,1.0,False,0,False,False,False,False,Basic,0.0,0.0,25,2,3,0.667,2,0.667,15,1767.0,1,0,1,0,0,23.0,4.0,0
A-de58ca,2024-01-01,HealthTech,DE,organic,263,7,14986,339,105,0.286,True,2,False,False,False,False,Pro,0.286,0.429,14,3,8,0.375,3,0.375,28,2006.0,1,2,0,0,0,32.5,3.0,0
A-dec005,2024-01-01,HealthTech,US,partner,80,2,6169,52,31,0.5,True,1,False,False,False,False,Basic,0.5,0.0,24,1,5,0.2,1,0.25,10,1080.0,0,0,0,0,0,0.0,3.0,0
A-df10db,2024-01-01,DevTools,US,other,209,5,1178,32,14,0.6,True,0,False,True,False,False,Basic,0.2,0.2,9,2,4,0.5,2,0.5,14,1081.5,0,1,0,1,0,68.0,3.0,0
A-dfbd31,2024-01-01,DevTools,UK,partner,28,2,0,38,24,0.5,False,2,False,False,False,False,Enterprise,0.5,0.5,15,1,0,0.0,1,0.0,11,2574.0,1,0,0,0,0,0.0,3.0,1
A-e1462e,2024-01-01,FinTech,UK,partner,295,4,9491,87,29,0.5,True,1,False,False,False,True,Enterprise,0.5,0.25,20,1,2,0.5,1,0.5,10,320.0,0,0,0,0,0,0.0,4.0,0
A-e19ff6,2024-01-01,Cybersecurity,UK,partner,157,2,874,46,38,0.0,False,0,False,False,False,False,Basic,0.0,0.0,9,2,4,0.5,3,0.75,26,3808.667,1,0,0,0,0,0.0,4.0,1
A-e1b9cd,2024-01-01,DevTools,US,event,309,6,21362,338,100,0.5,True,0,False,False,False,False,Pro,0.167,0.667,9,2,5,0.4,2,0.333,16,2329.0,1,0,0,0,0,0.0,3.0,0
A-e3bd71,2024-01-01,Cybersecurity,US,partner,282,1,6169,31,31,0.0,True,0,False,False,False,False,Enterprise,1.0,0.0,10,2,4,0.5,2,0.4,19,2973.0,0,0,2,0,0,43.0,5.0,0
A-e43bf7,2024-01-01,Cybersecurity,AU,other,283,2,22686,114,70,0.5,True,0,False,False,False,False,Enterprise,1.0,0.0,26,1,4,0.25,1,0.25,11,143.0,1,0,0,0,0,0.0,0.0,0
A-e51ec7,2024-01-01,FinTech,CA,partner,100,1,4975,25,25,1.0,False,0,False,False,True,False,Enterprise,1.0,0.0,19,3,3,1.0,3,1.0,34,4389.333,1,0,0,0,0,0.0,4.0,1
A-e5d6ab,2024-01-01,EdTech,US,partner,261,5,4996,81,35,0.6,False,1,False,False,False,False,Basic,0.2,0.2,77,0,2,0.0,0,0.0,0,0.0,0,0,0,0,0,0.0,4.0,0
A-e61e98,2024-01-01,FinTech,US,partner,73,3,4704,96,40,0.667,True,0,False,False,False,True,Pro,0.0,1.0,13,2,4,0.5,2,0.5,18,1509.0,1,0,1,0,0,71.0,5.0,0
A-e693b6,2024-01-01,FinTech,AU,event,221,3,6435,165,55,0.333,False,0,False,False,False,False,Pro,0.0,0.667,6,2,4,0.5,2,0.4,24,4344.0,1,0,0,0,0,0.0,3.0,0
A-e6afc1,2024-01-01,DevTools,US,ads,311,6,15086,222,68,0.833,True,1,False,False,False,False,Pro,0.167,0.5,26,2,11,0.182,2,0.167,21,4900.0,1,0,0,0,0,0.0,0.0,0
A-e7beab,2024-01-01,EdTech,DE,organic,73,2,6368,32,21,0.5,False,0,False,False,False,False,Enterprise,1.0,0.0,5,3,3,1.0,3,0.75,33,3819.0,1,0,2,0,0,55.5,3.0,0
A-e83938,2024-01-01,DevTools,UK,other,41,0,0,0,0,0.0,0,0,0,0,0,0,0,0.0,0.0,33,0,3,0.0,0,0.0,0,0.0,0,1,0,0,0,8.0,4.0,0
A-e888d1,2024-01-01,Cybersecurity,US,other,279,4,7394,136,54,0.75,True,1,False,False,False,False,Basic,0.5,0.0,27,1,3,0.333,1,0.333,9,2538.0,1,2,0,0,1,27.0,5.0,0
A-e89151,2024-01-01,FinTech,UK,organic,109,1,1592,8,8,0.0,False,0,False,False,False,False,Enterprise,1.0,0.0,16,3,5,0.6,3,0.6,45,2538.0,0,0,0,0,0,0.0,0.0,0
A-e98302,2024-01-01,EdTech,US,ads,6,0,0,0,0,0.0,0,0,0,0,0,0,0,0.0,0.0,27,1,0,0.0,1,0.0,11,1287.0,1,0,1,0,0,67.0,4.0,0
A-eafc6e,2024-01-01,DevTools,US,partner,179,2,8089,61,34,0.5,False,0,False,False,False,False,Enterprise,0.5,0.5,7,1,2,0.5,1,0.5,9,1035.0,0,0,0,0,0,0.0,4.0,0
A-eb2fdc,2024-01-01,DevTools,AU,organic,41,0,0,0,0,0.0,0,0,0,0,0,0,0,0.0,0.0,8,5,1,5.0,5,5.0,60,4287.6,0,1,2,0,0,29.667,4.0,0
A-eb7fac,2024-01-01,DevTools,US,organic,65,1,588,12,12,1.0,False,0,False,False,False,False,Pro,0.0,1.0,15,2,2,1.0,2,1.0,19,3379.0,1,0,0,0,0,0.0,4.0,0
A-ed510f,2024-01-01,Cybersecurity,IN,partner,349,4,11214,168,42,0.25,True,1,False,True,False,False,Enterprise,0.5,0.25,10,3,1,3.0,4,4.0,33,2693.5,1,0,0,0,0,0.0,4.0,0
A-ee42db,2024-01-01,EdTech,DE,ads,251,5,2319,94,33,0.8,True,1,False,False,False,False,Pro,0.0,0.6,6,1,4,0.25,1,0.25,10,4320.0,1,1,0,0,0,11.0,3.0,0
A-f03140,2024-01-01,DevTools,IN,event,40,1,513,27,27,0.0,True,0,False,False,False,False,Basic,0.0,0.0,4,6,6,1.0,7,1.167,93,3085.0,1,1,0,0,0,41.0,3.0,0
A-f17767,2024-01-01,DevTools,US,event,336,8,12559,121,39,0.625,False,0,False,False,False,False,Pro,0.25,0.5,3,3,7,0.429,3,0.429,28,2625.667,0,0,0,0,0,0.0,3.0,0
A-f19409,2024-01-01,DevTools,US,other,291,3,8399,101,44,0.0,False,0,False,False,False,False,Pro,0.333,0.667,4,1,4,0.25,1,0.25,16,4416.0,0,0,0,0,0,0.0,4.0,0
A-f19b24,2024-01-01,Cybersecurity,US,organic,356,0,0,0,0,0.0,0,0,0,0,0,0,0,0.0,0.0,1,2,1,2.0,2,2.0,19,2869.0,1,0,1,0,0,58.0,4.0,0
A-f1f639,2024-01-01,EdTech,US,ads,309,2,1090,10,5,1.0,False,0,False,False,False,False,Basic,0.5,0.0,63,0,2,0.0,0,0.0,0,0.0,0,1,1,0,0,9.0,5.0,0
A-f44180,2024-01-01,Cybersecurity,UK,event,322,6,27661,139,89,0.333,True,0,False,False,False,False,Enterprise,1.0,0.0,3,5,5,1.0,4,0.571,46,3000.6,1,0,0,0,0,0.0,0.0,0
A-f446b6,2024-01-01,DevTools,DE,ads,234,2,798,42,30,0.5,False,0,False,False,False,False,Basic,0.0,0.0,1,3,1,3.0,3,3.0,32,4799.667,1,2,1,0,1,38.333,4.0,0
A-f51f16,2024-01-01,HealthTech,US,partner,7,0,0,0,0,0.0,0,0,0,0,0,0,0,0.0,0.0,6,4,2,2.0,4,2.0,36,3453.25,1,0,0,0,0,0.0,3.0,0
A-f97b9a,2024-01-01,FinTech,US,event,176,3,3781,51,19,1.0,True,2,False,False,False,False,Enterprise,1.0,0.0,7,3,4,0.75,3,0.75,33,4741.667,1,0,0,0,0,0.0,4.0,0
A-fa3095,2024-01-01,FinTech,US,ads,120,4,31290,280,70,0.5,False,1,False,False,False,False,Enterprise,0.75,0.25,7,1,5,0.2,1,0.25,7,2583.0,0,0,1,0,1,68.0,5.0,0
A-faa28c,2024-01-01,HealthTech,US,organic,0,0,0,0,0,0.0,0,0,0,0,0,0,0,0.0,0.0,25,1,4,0.25,1,0.25,5,2570.0,0,0,0,0,0,0.0,5.0,0
A-fdfc91,2024-01-01,Cybersecurity,US,ads,240,3,1653,87,29,0.333,False,0,False,False,False,False,Basic,0.0,0.0,5,4,2,2.0,4,2.0,51,4885.75,1,0,0,0,0,0.0,4.0,0
A-ff3c73,2024-01-01,HealthTech,AU,other,340,5,2682,154,66,0.2,True,2,False,False,False,False,Basic,0.2,0.2,35,0,6,0.0,0,0.0,0,0.0,0,0,0,0,0,0.0,3.0,0
A-00bed1,2024-02-01,Cybersecurity,US,ads,79,1,1159,61,61,0.0,False,0,False,False,False,True,Basic,0.0,0.0,3,2,5,0.4,2,0.4,21,3553.5,1,0,1,0,1,6.0,4.0,0
A-00cac8,2024-02-01,HealthTech,AU,organic,139,2,753,27,19,0.5,False,0,False,False,False,False,Basic,0.0,0.5,2,6,7,0.857,7,1.0,59,2207.0,1,0,0,0,0,0.0,4.0,0
A-019782,2024-02-01,DevTools,FR,event,288,5,7548,72,17,0.2,True,0,False,False,False,False,Enterprise,0.4,0.4,21,1,2,0.5,1,0.5,12,5220.0,1,0,0,0,0,0.0,0.0,0
A-02fac6,2024-02-01,FinTech,US,event,301,3,6534,66,22,0.667,False,0,False,False,False,False,Pro,0.333,0.667,2,2,8,0.25,2,0.25,17,1993.5,1,0,0,0,0,0.0,5.0,0
A-034368,2024-02-01,EdTech,US,event,88,1,0,19,19,1.0,False,1,False,False,False,False,Basic,0.0,0.0,46,0,4,0.0,0,0.0,0,0.0,0,0,0,0,0,0.0,5.0,0
A-05d3b3,2024-02-01,DevTools,AU,ads,249,7,7229,135,55,0.429,True,2,False,False,False,False,Basic,0.286,0.286,6,4,6,0.667,4,0.571,39,3260.0,1,0,0,0,0,0.0,4.0,0
A-05f0e5,2024-02-01,FinTech,US,partner,273,4,9838,142,46,0.0,True,0,False,False,False,False,Basic,0.25,0.25,31,0,4,0.0,0,0.0,0,0.0,0,0,0,0,0,0.0,4.0,0
A-068fc6,2024-02-01,EdTech,US,event,199,2,1715,70,35,0.5,False,1,False,False,False,False,Pro,0.0,1.0,10,4,1,4.0,4,4.0,49,5103.75,1,0,0,0,0,0.0,4.0,0
A-075038,2024-02-01,HealthTech,UK,ads,265,6,8653,227,103,0.5,True,2,False,False,False,True,Pro,0.0,0.833,14,3,7,0.429,3,0.429,40,3844.333,1,0,0,0,0,0.0,3.0,0
A-089363,2024-02-01,FinTech,AU,event,271,4,3843,88,40,0.75,True,1,False,False,False,False,Enterprise,0.5,0.25,13,1,4,0.25,1,0.25,16,7232.0,0,0,1,0,0,25.0,3.0,0
A-098560,2024-02-01,DevTools,UK,ads,103,1,1715,35,35,0.0,True,0,False,False,False,True,Pro,0.0,1.0,30,1,3,0.333,1,0.333,9,4770.0,0,0,0,0,0,0.0,3.0,0
A-0dbdc6,2024-02-01,Cybersecurity,DE,other,354,2,570,60,30,0.5,False,1,False,False,False,False,Basic,0.0,0.5,2,7,3,2.333,7,2.333,82,3739.143,1,0,0,0,0,0.0,4.0,0
A-0f3e88,2024-02-01,HealthTech,US,other,193,4,1971,69,24,0.75,False,0,False,False,False,True,Basic,0.0,0.25,24,1,2,0.5,1,0.5,6,648.0,0,0,1,0,0,60.0,5.0,0
A-10b8da,2024-02-01,DevTools,US,partner,269,2,3649,31,17,0.5,True,0,False,False,False,False,Basic,0.5,0.0,1,1,2,0.5,1,0.5,14,448.0,0,0,0,0,0,0.0,4.0,0
A-10b8f2,2024-02-01,HealthTech,DE,organic,386,7,14754,340,54,0.143,True,2,False,False,False,False,Basic,0.143,0.143,18,1,3,0.333,1,0.333,10,4930.0,0,1,2,0,1,46.333,3.0,0
A-13466a,2024-02-01,DevTools,AU,event,102,1,38,2,2,0.0,True,0,False,False,False,False,Basic,0.0,0.0,0,1,1,1.0,1,1.0,10,3130.0,0,0,1,0,0,5.0,5.0,0
A-151c9a,2024-02-01,FinTech,US,ads,370,2,2548,52,29,0.5,False,0,False,False,False,False,Pro,0.0,1.0,6,4,1,4.0,5,5.0,42,2109.0,1,0,0,0,0,0.0,0.0,0
A-157070,2024-02-01,FinTech,US,ads,84,2,3507,33,17,0.0,False,0,False,True,False,False,Basic,0.5,0.0,0,4,1,4.0,4,4.0,31,2407.5,1,0,1,0,0,42.0,4.0,0
A-158f4e,2024-02-01,FinTech,IN,other,335,7,12444,427,61,0.571,True,1,False,False,False,False,Pro,0.0,0.571,53,0,5,0.0,0,0.0,0,0.0,0,0,2,0,1,12.0,4.0,0
A-180abf,2024-02-01,DevTools,US,event,171,2,12736,128,64,0.0,True,1,False,False,False,False,Basic,0.5,0.0,2,2,4,0.5,2,0.5,18,3973.5,1,1,0,0,0,34.0,3.0,0
A-186a44,2024-02-01,HealthTech,US,ads,178,2,1360,40,20,0.0,True,0,False,False,False,False,Basic,0.0,0.5,64,0,1,0.0,0,0.0,0,0.0,0,1,0,0,0,8.0,3.0,0
A-1986ca,2024-02-01,HealthTech,IN,ads,367,3,7960,60,20,0.667,True,1,False,False,False,False,Enterprise,1.0,0.0,1,2,2,1.0,2,1.0,18,1781.0,1,0,0,0,0,0.0,4.0,0
A-19b2c8,2024-02-01,DevTools,IN,other,240,7,11735,155,33,0.429,True,0,False,False,False,False,Basic,0.286,0.286,17,3,4,0.75,3,0.75,21,2490.0,0,0,1,0,0,24.0,5.0,0
A-1b707d,2024-02-01,Cybersecurity,US,organic,202,3,4164,36,16,0.667,True,0,False,False,False,False,Pro,0.333,0.667,21,1,3,0.333,1,0.5,11,2959.0,1,0,0,0,0,0.0,4.0,0
A-1b9609,2024-02-01,EdTech,IN,ads,112,4,2229,51,18,0.75,True,0,False,False,False,False,Basic,0.25,0.25,12,3,2,1.5,3,1.5,42,5264.333,1,1,0,0,0,29.0,4.0,1
A-1d5444,2024-02-01,Cybersecurity,US,partner,14,0,0,0,0,0.0,0,0,0,0,0,0,0,0.0,0.0,9,2,3,0.667,2,0.667,15,1367.5,0,0,0,0,0,0.0,0.0,0
A-1e1b80,2024-02-01,FinTech,CA,other,142,5,24397,253,53,0.4,True,0,False,False,False,False,Basic,0.4,0.2,7,1,5,0.2,1,0.2,7,1225.0,0,1,0,0,0,24.0,3.0,0
A-1e50e0,2024-02-01,Cybersecurity,DE,other,345,2,3781,38,19,0.5,False,1,False,False,False,False,Enterprise,1.0,0.0,28,1,3,0.333,1,0.333,8,2192.0,0,0,0,0,0,0.0,0.0,0
A-1e6fc3,2024-02-01,EdTech,FR,other,57,1,0,1,1,0.0,False,1,False,False,False,False,Basic,0.0,0.0,7,1,1,1.0,1,1.0,12,6972.0,0,0,1,0,0,22.0,5.0,0
A-1f0636,2024-02-01,EdTech,AU,partner,31,0,0,0,0,0.0,0,0,0,0,0,0,0,0.0,0.0,5,2,4,0.5,2,0.5,29,5154.5,0,0,0,0,0,0.0,0.0,0
A-1f0ac7,2024-02-01,HealthTech,UK,other,158,1,1176,24,24,1.0,True,0,False,False,False,False,Pro,0.0,1.0,19,2,4,0.5,2,0.5,23,2620.0,0,0,0,0,0,0.0,4.0,0
A-1f559b,2024-02-01,HealthTech,US,organic,150,2,549,21,16,0.5,False,0,False,False,False,False,Basic,0.0,0.5,4,2,8,0.25,2,0.286,18,5094.0,1,1,1,0,1,65.0,4.0,0
A-1f7acb,2024-02-01,FinTech,UK,ads,179,3,15168,192,64,0.667,True,0,False,False,False,False,Basic,0.333,0.0,24,1,6,0.167,1,0.167,4,1940.0,0,1,0,0,0,13.0,5.0,0
A-2446e3,2024-02-01,EdTech,IN,organic,22,1,1323,27,27,1.0,False,0,True,False,False,False,Pro,0.0,1.0,20,2,4,0.5,2,0.5,18,2052.0,1,0,0,0,0,0.0,0.0,0
A-271f46,2024-02-01,DevTools,US,event,357,3,1444,114,38,0.667,False,1,False,False,False,False,Basic,0.0,0.333,2,2,5,0.4,2,0.4,18,3432.0,0,0,0,0,0,0.0,4.0,0
A-296d7c,2024-02-01,DevTools,DE,other,85,1,114,6,6,0.0,False,0,False,False,False,False,Basic,0.0,0.0,9,2,4,0.5,1,0.25,23,2974.0,1,0,0,0,0,0.0,4.0,0
A-297a2d,2024-02-01,HealthTech,UK,event,272,2,7164,63,36,0.5,True,1,False,False,False,False,Basic,0.5,0.0,4,2,4,0.5,2,0.5,17,2567.0,1,0,0,0,0,0.0,3.0,0
A-2b9d3e,2024-02-01,EdTech,US,partner,242,2,1204,16,11,0.0,False,0,False,False,False,False,Basic,0.5,0.0,26,1,6,0.167,1,0.143,12,6768.0,0,0,0,0,0,0.0,4.0,0
A-2bc93d,2024-02-01,HealthTech,US,event,324,5,23066,134,40,0.4,False,0,False,False,False,True,Enterprise,0.8,0.0,3,1,7,0.143,2,0.286,17,3633.0,1,0,0,0,0,0.0,4.0,0
A-2e3bad,2024-02-01,FinTech,CA,other,172,3,18117,183,61,0.333,True,0,False,False,False,False,Pro,0.333,0.667,17,2,4,0.5,1,0.25,18,3734.5,1,2,0,0,0,18.5,3.0,0
A-2ebb4b,2024-02-01,HealthTech,US,ads,262,5,15723,229,65,0.6,False,2,False,False,False,False,Basic,0.2,0.2,10,4,3,1.333,4,1.333,40,4827.25,1,0,0,0,0,0.0,3.0,0
A-2edab2,2024-02-01,HealthTech,US,event,76,3,1479,51,17,0.333,False,0,False,False,False,False,Basic,0.0,0.333,15,1,2,0.5,1,0.5,9,2295.0,0,0,0,0,0,0.0,3.0,0
A-313be3,2024-02-01,EdTech,US,partner,78,3,11656,141,47,0.0,True,1,False,False,False,False,Enterprise,0.667,0.333,38,0,5,0.0,0,0.0,0,0.0,0,0,0,0,0,0.0,4.0,0
A-32728c,2024-02-01,DevTools,US,event,394,4,3320,80,20,0.5,False,0,False,False,False,False,Pro,0.0,0.75,2,2,3,0.667,2,0.667,15,648.0,0,0,0,0,0,0.0,4.0,0
A-328bd0,2024-02-01,HealthTech,AU,partner,261,6,7794,154,39,0.667,False,1,False,False,False,False,Basic,0.167,0.333,27,1,9,0.111,1,0.111,5,860.0,1,0,0,0,0,0.0,4.0,0
A-32fb14,2024-02-01,DevTools,US,event,331,4,1482,104,26,0.25,True,1,False,False,False,False,Basic,0.0,0.0,0,4,2,2.0,3,1.5,36,3051.5,1,0,0,0,0,0.0,4.0,0
A-331424,2024-02-01,DevTools,US,organic,87,2,2189,22,11,0.5,False,1,False,False,False,False,Enterprise,0.5,0.5,2,1,2,0.5,1,0.5,17,6171.0,0,0,0,0,0,0.0,4.0,1
A-337bc1,2024-02-01,Cybersecurity,US,organic,197,2,8236,64,34,1.0,False,0,False,False,False,False,Enterprise,0.5,0.5,9,1,2,0.5,1,0.5,6,2394.0,0,0,0,0,0,0.0,4.0,0
A-35083d,2024-02-01,HealthTech,IN,partner,279,6,8683,135,34,0.5,True,2,False,False,False,False,Basic,0.5,0.0,0,2,6,0.333,2,0.333,16,1920.0,0,0,0,0,0,0.0,5.0,0
A-3793ee,2024-02-01,Cybersecurity,CA,organic,317,4,4802,196,49,0.75,False,2,False,False,False,True,Enterprise,0.5,0.5,39,0,4,0.0,0,0.0,0,0.0,0,0,1,0,0,52.0,4.0,0
A-37f969,2024-02-01,HealthTech,IN,partner,110,4,9879,141,51,0.75,True,0,False,True,False,False,Pro,0.25,0.5,44,0,4,0.0,0,0.0,0,0.0,0,0,2,1,0,15.0,4.0,1
A-3932db,2024-02-01,HealthTech,CA,other,120,1,437,23,23,1.0,False,0,False,False,False,False,Basic,0.0,0.0,19,2,4,0.5,3,0.75,28,3115.0,1,1,1,0,0,26.5,5.0,0
A-39b19f,2024-02-01,FinTech,US,partner,363,5,7399,151,55,0.6,True,0,False,False,False,False,Pro,0.0,1.0,26,1,7,0.143,1,0.143,9,3087.0,0,0,0,0,0,0.0,4.0,0
A-3a5ad8,2024-02-01,HealthTech,US,organic,58,3,2360,29,11,0.0,False,1,True,False,False,False,Enterprise,0.667,0.0,6,2,3,0.667,2,0.667,21,4015.5,1,0,0,0,0,0.0,4.0,0
A-3b37d9,2024-02-01,FinTech,US,event,370,5,14858,120,28,0.2,True,1,False,False,False,True,Enterprise,0.6,0.4,6,5,4,1.25,5,1.25,54,2505.0,1,0,0,0,0,0.0,4.0,0
A-3b5cd1,2024-02-01,FinTech,US,event,142,7,6323,120,31,0.714,True,1,False,False,False,True,Pro,0.143,0.571,16,1,8,0.125,1,0.125,7,3346.0,0,0,0,0,0,0.0,4.0,0
A-3be56b,2024-02-01,HealthTech,IN,event,98,3,4753,100,62,0.667,True,1,False,False,False,False,Pro,0.333,0.667,23,1,4,0.25,1,0.25,8,2976.0,1,0,1,0,0,14.0,3.0,0
A-3c1a3f,2024-02-01,DevTools,UK,event,159,5,8557,114,45,0.4,True,3,False,False,False,False,Basic,0.4,0.2,38,0,7,0.0,0,0.0,0,0.0,0,0,1,0,0,51.0,4.0,0
A-3cc791,2024-02-01,EdTech,US,other,22,1,0,25,25,0.0,True,1,False,False,False,False,Basic,0.0,0.0,17,2,5,0.4,2,0.4,18,4657.5,1,0,1,0,0,70.0,5.0,0
A-3ce5b8,2024-02-01,FinTech,IN,ads,147,1,9261,189,189,0.0,False,0,False,False,False,False,Pro,0.0,1.0,5,4,3,1.333,4,1.0,44,3059.25,0,1,0,0,0,50.0,3.0,0
A-40a557,2024-02-01,Cybersecurity,AU,partner,60,1,3184,16,16,0.0,False,0,False,False,False,False,Enterprise,1.0,0.0,16,1,5,0.2,1,0.167,11,572.0,0,0,0,0,0,0.0,3.0,0
A-40de06,2024-02-01,Cybersecurity,US,event,269,7,16970,230,62,0.286,True,0,False,False,False,False,Pro,0.286,0.429,6,2,7,0.286,2,0.25,15,1119.0,0,0,1,0,0,16.0,4.0,0
A-417d2f,2024-02-01,Cybersecurity,IN,partner,212,5,12009,111,51,0.0,True,0,False,False,False,False,Basic,0.4,0.0,62,0,4,0.0,0,0.0,0,0.0,0,1,1,0,1,48.0,5.0,0
A-425e76,2024-02-01,DevTools,UK,other,260,5,12363,147,71,0.6,True,0,False,False,False,False,Enterprise,0.4,0.4,9,2,2,1.0,2,1.0,9,2488.5,1,0,0,0,0,0.0,3.0,0
A-432483,2024-02-01,Cybersecurity,US,ads,360,6,23265,139,60,0.5,True,1,False,False,False,False,Enterprise,0.5,0.333,3,2,5,0.4,2,0.4,23,4452.0,1,0,0,0,0,0.0,0.0,0
A-439b2f,2024-02-01,DevTools,US,ads,0,0,0,0,0,0.0,0,0,0,0,0,0,0,0.0,0.0,140,0,0,0.0,0,0.0,0,0.0,0,1,0,0,1,30.0,4.0,0
A-43a9e3,2024-02-01,FinTech,IN,other,168,3,6332,68,28,0.333,True,0,False,False,False,True,Basic,0.333,0.0,2,2,1,2.0,2,2.0,26,2488.5,1,0,0,0,0,0.0,4.0,0
A-4437e4,2024-02-01,Cybersecurity,US,event,138,3,323,29,17,1.0,False,2,False,False,False,False,Basic,0.0,0.0,4,2,7,0.286,2,0.25,19,1889.0,1,1,0,1,0,56.0,3.0,0
A-45ce7a,2024-02-01,FinTech,US,ads,193,1,784,16,16,1.0,False,0,False,False,False,False,Pro,0.0,1.0,31,0,6,0.0,0,0.0,0,0.0,0,0,0,0,0,0.0,3.0,0
A-462d45,2024-02-01,Cybersecurity,US,partner,17,1,1691,89,89,0.0,True,0,False,False,False,False,Basic,0.0,0.0,17,2,6,0.333,2,0.333,18,1356.0,0,1,0,0,0,36.0,4.0,0
A-474ad4,2024-02-01,EdTech,US,organic,65,6,1783,75,23,0.5,True,1,False,False,True,True,Basic,0.0,0.5,16,3,6,0.5,2,0.333,24,2134.0,1,0,0,0,0,0.0,4.0,0
A-484819,2024-02-01,HealthTech,US,organic,345,4,11088,72,18,0.25,False,0,False,False,False,False,Enterprise,0.75,0.0,6,1,2,0.5,1,0.5,13,2457.0,0,0,1,0,1,15.0,5.0,0
A-49b828,2024-02-01,FinTech,IN,ads,272,6,21360,126,49,0.5,False,1,False,False,False,False,Enterprise,0.667,0.167,21,2,6,0.333,2,0.25,24,2460.0,1,0,1,0,0,26.0,4.0,0
A-4a4c2d,2024-02-01,DevTools,US,event,275,6,25596,324,54,0.333,True,0,False,False,False,False,Basic,0.333,0.0,8,3,3,1.0,3,0.75,30,3941.333,0,0,0,0,0,0.0,4.0,0
A-4c56c9,2024-02-01,FinTech,US,partner,43,0,0,0,0,0.0,0,0,0,0,0,0,0,0.0,0.0,7,3,4,0.75,3,0.75,26,4128.667,1,2,0,0,0,54.0,3.0,0
A-4c6f11,2024-02-01,FinTech,CA,organic,66,0,0,0,0,0.0,0,0,0,0,0,0,0,0.0,0.0,11,2,1,2.0,2,2.0,16,2173.0,0,0,2,0,1,37.0,5.0,0
A-4e0e85,2024-02-01,DevTools,US,organic,146,0,0,0,0,0.0,0,0,0,0,0,0,0,0.0,0.0,3,2,3,0.667,2,0.667,25,2025.5,0,0,0,0,0,0.0,0.0,0
A-4e960a,2024-02-01,FinTech,US,other,15,0,0,0,0,0.0,0,0,0,0,0,0,0,0.0,0.0,9,1,4,0.25,1,0.333,9,1701.0,0,1,0,0,0,43.0,3.0,0
A-503d5a,2024-02-01,FinTech,US,other,103,4,3319,105,49,0.75,False,2,False,False,False,False,Basic,0.25,0.0,7,1,4,0.25,1,0.25,11,5423.0,0,1,1,0,0,65.0,5.0,0
A-508199,2024-02-01,FinTech,AU,event,4,1,3781,19,19,0.0,True,0,False,False,False,False,Enterprise,1.0,0.0,23,1,2,0.5,1,0.5,7,3108.0,0,0,0,0,0,0.0,0.0,0
A-50f3f7,2024-02-01,HealthTech,US,partner,41,1,8955,45,45,0.0,False,0,False,False,False,False,Enterprise,1.0,0.0,3,3,5,0.6,4,1.0,35,3087.25,1,0,1,0,0,30.0,5.0,0
A-52dd88,2024-02-01,Cybersecurity,US,ads,345,6,3712,141,26,0.333,True,1,False,False,False,False,Basic,0.0,0.333,21,1,1,1.0,1,1.0,13,3471.0,0,0,1,0,0,72.0,4.0,0
A-54d94a,2024-02-01,Cybersecurity,IN,event,276,4,4916,186,55,0.5,True,1,False,True,False,False,Pro,0.25,0.5,1,2,4,0.5,2,0.5,14,3157.0,1,0,0,0,0,0.0,4.0,0
A-54ecc2,2024-02-01,Cybersecurity,US,partner,235,4,2461,53,34,0.5,True,1,False,False,False,False,Enterprise,0.5,0.25,13,1,2,0.5,1,0.5,10,1010.0,0,0,0,0,0,0.0,5.0,0
A-558c72,2024-02-01,FinTech,US,organic,245,3,3760,40,16,1.0,False,0,False,False,False,False,Pro,0.333,0.667,13,2,3,0.667,2,0.5,19,3360.5,1,0,0,0,0,0.0,5.0,0
A-55f257,2024-02-01,FinTech,US,organic,42,3,5018,70,38,0.333,True,1,False,True,False,False,Enterprise,0.667,0.333,1,4,0,0.0,4,0.0,30,1514.0,1,0,1,0,0,43.0,5.0,0
A-59f724,2024-02-01,HealthTech,US,other,90,2,5260,40,22,0.5,False,0,False,False,False,False,Enterprise,0.5,0.5,10,4,4,1.0,4,1.0,43,1384.75,1,1,0,0,0,3.0,4.0,0
A-5a184f,2024-02-01,DevTools,DE,other,227,7,17194,215,74,0.429,False,1,True,False,False,False,Basic,0.286,0.286,11,2,2,1.0,2,1.0,25,5209.0,0,0,0,0,0,0.0,4.0,0
A-5a215a,2024-02-01,EdTech,FR,other,27,1,1653,87,87,0.0,True,0,False,False,False,False,Basic,0.0,0.0,0,3,2,1.5,3,1.5,29,2831.667,1,0,0,0,0,0.0,4.0,0
A-5a3eb9,2024-02-01,DevTools,CA,other,165,3,4618,112,65,0.0,False,0,False,False,False,False,Pro,0.0,0.667,28,1,10,0.1,1,0.111,6,258.0,0,0,0,0,0,0.0,4.0,0
A-5b1bcd,2024-02-01,DevTools,US,organic,138,6,60882,438,73,0.5,False,0,False,False,False,True,Enterprise,0.667,0.0,18,3,4,0.75,2,0.5,22,2122.0,1,0,0,0,0,0.0,0.0,0
A-600734,2024-02-01,DevTools,US,organic,79,1,1421,29,29,0.0,False,0,False,False,False,False,Pro,0.0,1.0,2,2,5,0.4,2,0.4,18,2469.0,0,0,0,0,0,0.0,3.0,0
A-659280,2024-02-01,FinTech,IN,event,76,3,9393,57,31,0.333,True,0,False,False,False,False,Enterprise,0.667,0.333,13,3,4,0.75,3,1.0,29,2198.667,1,0,0,0,0,0.0,4.0,0
A-65a46c,2024-02-01,HealthTech,US,event,89,0,0,0,0,0.0,0,0,0,0,0,0,0,0.0,0.0,6,1,3,0.333,1,0.333,5,1130.0,0,0,0,0,0,0.0,3.0,0
A-67be94,2024-02-01,EdTech,US,organic,303,4,9814,166,62,0.5,True,0,False,False,False,False,Basic,0.25,0.0,6,2,1,2.0,2,2.0,22,3698.5,1,0,0,0,0,0.0,5.0,0
A-68f37c,2024-02-01,HealthTech,US,ads,201,5,25414,169,121,0.8,False,2,False,False,False,False,Enterprise,0.4,0.4,12,3,6,0.5,3,0.5,31,4811.667,1,0,0,0,0,0.0,4.0,1
A-69b156,2024-02-01,EdTech,US,other,72,2,6965,35,28,0.5,False,0,False,False,False,False,Enterprise,1.0,0.0,7,5,3,1.667,5,1.667,56,2221.6,1,0,0,0,0,0.0,4.0,0
A-69fad4,2024-02-01,FinTech,UK,ads,301,5,8512,88,35,0.6,True,0,False,False,False,False,Enterprise,0.6,0.0,22,1,5,0.2,1,0.25,12,5160.0,1,0,0,0,0,0.0,4.0,0
A-6a4e2d,2024-02-01,EdTech,UK,partner,300,7,8416,180,56,0.286,True,1,False,True,False,False,Basic,0.286,0.286,0,4,2,2.0,4,2.0,40,3086.75,1,0,0,0,0,0.0,0.0,0
A-6c093d,2024-02-01,DevTools,US,partner,293,4,1055,97,62,0.5,True,1,False,True,False,False,Basic,0.0,0.25,7,7,3,2.333,7,2.333,60,3232.429,1,0,0,0,0,0.0,4.0,0
A-6da850,2024-02-01,FinTech,IN,organic,117,4,3381,69,34,0.5,False,0,False,True,False,False,Pro,0.25,0.5,8,3,5,0.6,3,0.6,22,1548.667,1,0,0,0,0,0.0,4.0,0
A-6dee43,2024-02-01,FinTech,UK,other,173,3,2730,30,12,0.0,False,0,False,False,False,False,Basic,0.333,0.0,7,3,2,1.5,3,1.5,32,3007.0,0,0,1,0,1,41.0,5.0,0
A-6e08f3,2024-02-01,Cybersecurity,US,event,339,1,0,24,24,1.0,False,1,False,False,False,False,Enterprise,1.0,0.0,0,6,4,1.5,6,1.5,65,3533.0,0,0,0,0,0,0.0,3.0,1
A-6e7827,2024-02-01,DevTools,US,other,312,3,612,18,9,0.667,True,0,False,False,False,True,Pro,0.0,0.667,9,1,2,0.5,1,0.5,11,5192.0,1,0,0,0,0,0.0,0.0,0
A-6f50ae,2024-02-01,FinTech,US,partner,133,4,4503,76,19,0.5,True,1,False,False,False,False,Basic,0.5,0.0,10,4,5,0.8,3,0.5,33,2109.0,1,0,0,0,0,0.0,5.0,1
A-712533,2024-02-01,EdTech,US,organic,185,5,5686,112,36,0.2,False,1,False,False,False,False,Basic,0.4,0.2,2,3,3,1.0,3,1.0,26,1734.0,1,0,0,0,0,0.0,3.0,0
A-712f1c,2024-02-01,DevTools,US,ads,47,3,3839,99,58,0.667,True,1,False,False,False,False,Basic,0.333,0.333,30,1,7,0.143,1,0.143,6,2064.0,0,0,1,0,1,42.0,5.0,0
A-726cfa,2024-02-01,DevTools,US,partner,215,9,11135,166,30,0.444,True,1,False,True,False,False,Pro,0.222,0.556,22,2,8,0.25,2,0.222,24,3033.0,0,0,1,0,0,37.0,4.0,0
A-72799b,2024-02-01,DevTools,FR,event,80,3,4360,60,20,0.667,False,1,False,False,False,True,Enterprise,0.667,0.0,0,1,2,0.5,1,0.5,7,3031.0,1,1,0,1,0,12.0,4.0,0
A-756192,2024-02-01,FinTech,IN,other,235,2,931,38,19,1.0,True,1,False,False,False,False,Pro,0.0,1.0,0,2,10,0.2,2,0.222,24,2212.0,0,0,0,0,0,0.0,5.0,0
A-7641d3,2024-02-01,EdTech,US,partner,350,3,1744,27,11,1.0,True,1,False,False,False,False,Basic,0.333,0.333,2,4,3,1.333,3,1.0,47,4877.0,1,0,1,0,0,70.0,5.0,0
A-779e4e,2024-02-01,HealthTech,US,organic,395,6,24419,161,58,0.333,False,0,False,False,False,False,Enterprise,0.5,0.333,47,0,1,0.0,0,0.0,0,0.0,0,0,0,0,0,0.0,5.0,0
A-7920cc,2024-02-01,Cybersecurity,FR,ads,70,4,1482,167,50,0.25,False,2,False,False,False,False,Basic,0.0,0.25,0,4,6,0.667,4,0.667,39,3676.75,1,0,0,0,0,0.0,5.0,0
A-794a0b,2024-02-01,HealthTech,DE,organic,244,2,437,46,23,0.0,True,1,False,False,False,False,Basic,0.0,0.5,24,1,2,0.5,1,0.5,11,891.0,1,0,0,0,0,0.0,0.0,0
A-798a3f,2024-02-01,DevTools,FR,other,105,2,2977,43,31,0.0,True,0,False,False,False,True,Basic,0.5,0.0,1,2,3,0.667,2,0.667,13,1386.5,1,0,1,0,0,45.0,3.0,0
A-7c4956,2024-02-01,DevTools,US,ads,271,6,1702,88,51,0.667,True,2,False,False,False,False,Basic,0.167,0.167,14,2,1,2.0,2,2.0,18,4902.0,0,0,0,0,0,0.0,0.0,0
A-7d514c,2024-02-01,HealthTech,DE,organic,0,0,0,0,0,0.0,0,0,0,0,0,0,0,0.0,0.0,8,3,7,0.429,3,0.429,25,2951.333,1,0,0,0,0,0.0,0.0,0
A-7df7a7,2024-02-01,DevTools,US,organic,369,8,17800,214,85,0.75,True,2,False,False,False,False,Enterprise,0.5,0.375,2,3,8,0.375,3,0.375,39,3986.0,0,0,0,0,0,0.0,4.0,0
A-7e0a10,2024-02-01,FinTech,US,ads,75,4,4876,184,46,0.75,True,0,False,False,False,False,Basic,0.0,0.25,17,2,4,0.5,2,0.5,23,2617.5,1,1,0,0,0,68.0,3.0,0
A-7f4db3,2024-02-01,FinTech,US,other,333,7,4308,81,39,0.571,True,1,False,False,False,False,Pro,0.286,0.571,5,1,6,0.167,1,0.125,11,5368.0,1,0,0,0,0,0.0,3.0,0
A-7f6b86,2024-02-01,HealthTech,US,partner,161,4,5951,194,59,0.25,True,1,False,True,False,False,Pro,0.0,0.75,11,2,2,1.0,2,1.0,26,5414.0,0,0,0,0,0,0.0,3.0,0
A-7f8241,2024-02-01,EdTech,US,organic,324,11,23274,400,60,0.455,True,1,False,False,False,True,Basic,0.273,0.364,16,3,2,1.5,3,1.5,29,2051.0,0,0,0,0,0,0.0,0.0,0
A-80eeb6,2024-02-01,Cybersecurity,UK,organic,268,5,20052,168,68,0.8,False,0,False,False,False,False,Basic,0.4,0.2,2,1,6,0.167,1,0.167,13,4758.0,0,0,0,0,0,0.0,3.0,1
A-812c5b,2024-02-01,DevTools,CA,organic,0,0,0,0,0,0.0,0,0,0,0,0,0,0,0.0,0.0,2,1,7,0.143,1,0.125,16,5280.0,1,0,0,0,0,0.0,4.0,0
A-8145a0,2024-02-01,Cybersecurity,AU,partner,282,6,13364,116,44,0.667,False,0,False,False,False,False,Enterprise,0.667,0.0,2,3,6,0.5,3,0.5,30,684.333,0,0,0,0,0,0.0,3.0,0
A-81edc3,2024-02-01,Cybersecurity,IN,ads,94,4,3460,40,18,0.75,True,0,False,False,False,False,Enterprise,0.5,0.5,6,4,9,0.444,4,0.444,41,2476.25,0,0,1,0,0,69.0,3.0,0
A-832ec2,2024-02-01,FinTech,UK,event,74,1,0,25,25,1.0,False,1,False,False,False,False,Basic,0.0,0.0,1,1,2,0.5,1,0.5,8,1912.0,1,0,0,0,0,0.0,0.0,0
A-84ebe4,2024-02-01,FinTech,US,ads,326,4,8103,75,21,0.0,True,1,False,False,False,False,Enterprise,0.75,0.0,4,2,1,2.0,2,2.0,22,3425.0,0,0,0,0,0,0.0,4.0,0
A-855a48,2024-02-01,EdTech,US,partner,41,1,7960,40,40,0.0,True,0,True,False,False,False,Enterprise,1.0,0.0,46,0,6,0.0,0,0.0,0,0.0,0,0,1,0,0,34.0,4.0,0
A-856b1e,2024-02-01,FinTech,US,partner,93,4,4557,93,30,1.0,True,0,False,False,False,True,Pro,0.0,1.0,12,1,0,0.0,1,0.0,8,600.0,0,1,0,0,0,65.0,4.0,0
A-86902e,2024-02-01,HealthTech,IN,other,275,5,13431,197,61,0.6,True,2,False,False,False,True,Basic,0.2,0.2,36,0,6,0.0,0,0.0,0,0.0,0,1,0,0,0,34.0,3.0,0
A-8adedc,2024-02-01,EdTech,US,event,0,0,0,0,0,0.0,0,0,0,0,0,0,0,0.0,0.0,6,5,4,1.25,5,1.667,56,2977.2,1,0,0,0,0,0.0,4.0,0
A-8b25f2,2024-02-01,Cybersecurity,US,ads,0,0,0,0,0,0.0,0,0,0,0,0,0,0,0.0,0.0,2,4,2,2.0,4,1.333,38,3771.75,1,0,1,0,0,52.0,5.0,0
A-8e47ca,2024-02-01,HealthTech,US,organic,0,0,0,0,0,0.0,0,0,0,0,0,0,0,0.0,0.0,1,6,3,2.0,5,1.667,47,2671.333,1,0,0,0,0,0.0,5.0,0
A-8ed5dd,2024-02-01,EdTech,UK,event,217,5,3834,66,46,0.4,False,0,False,False,False,True,Pro,0.2,0.6,13,2,6,0.333,2,0.25,19,1037.0,0,0,0,0,0,0.0,5.0,0
A-9123ac,2024-02-01,Cybersecurity,DE,organic,226,2,8529,51,42,0.5,False,0,False,False,False,False,Basic,0.5,0.0,30,1,3,0.333,1,0.333,8,2856.0,1,0,1,0,0,66.0,5.0,0
A-91e948,2024-02-01,EdTech,AU,partner,368,5,5576,205,41,0.8,False,1,False,False,False,True,Basic,0.0,0.4,9,1,3,0.333,1,0.25,8,3128.0,0,0,0,0,0,0.0,0.0,0
A-9208f0,2024-02-01,EdTech,US,organic,266,6,3511,87,38,0.5,False,1,False,False,False,False,Basic,0.333,0.167,4,5,4,1.25,5,1.25,53,3712.8,1,0,0,0,0,0.0,4.0,0
A-922109,2024-02-01,Cybersecurity,US,ads,6,0,0,0,0,0.0,0,0,0,0,0,0,0,0.0,0.0,3,3,4,0.75,2,0.25,29,3627.667,1,0,0,0,0,0.0,4.0,0
A-9289f6,2024-02-01,EdTech,US,event,246,4,665,57,22,0.5,False,1,False,False,False,False,Basic,0.25,0.0,10,3,3,1.0,3,1.0,36,5560.0,1,0,0,0,0,0.0,3.0,0
A-92a333,2024-02-01,FinTech,US,event,314,2,6738,42,33,0.0,False,0,False,False,False,False,Basic,0.5,0.0,6,3,4,0.75,3,0.75,23,3548.667,1,0,1,0,0,20.0,4.0,0
A-94c3cd,2024-02-01,FinTech,CA,other,134,1,0,32,32,0.0,False,1,False,False,False,False,Enterprise,1.0,0.0,6,2,4,0.5,2,0.4,27,4443.0,0,0,1,1,1,54.0,4.0,0
A-94d3da,2024-02-01,HealthTech,US,other,274,7,13735,287,41,0.571,True,2,False,False,False,False,Pro,0.143,0.571,18,1,3,0.333,1,0.333,5,1765.0,0,0,0,0,0,0.0,3.0,0
A-95b24a,2024-02-01,FinTech,US,event,240,7,22450,280,47,0.286,True,0,False,False,False,False,Basic,0.286,0.286,25,1,3,0.333,1,0.5,15,1920.0,0,1,1,0,0,21.0,5.0,0
A-96e141,2024-02-01,DevTools,UK,partner,173,2,1568,72,40,1.0,False,1,False,False,False,False,Enterprise,0.5,0.5,40,0,3,0.0,0,0.0,0,0.0,0,1,1,0,0,27.0,4.0,0
A-977ca0,2024-02-01,HealthTech,IN,partner,346,8,25461,255,92,0.75,True,1,False,False,False,False,Basic,0.25,0.375,2,4,6,0.667,3,0.5,39,1549.75,1,0,0,0,0,0.0,4.0,0
A-98a59a,2024-02-01,FinTech,UK,partner,181,4,7616,224,56,0.5,True,0,False,False,False,True,Basic,0.0,0.5,14,2,5,0.4,2,0.4,21,4197.0,0,0,0,0,0,0.0,4.0,0
A-993085,2024-02-01,HealthTech,US,ads,245,8,33335,275,49,0.375,True,0,False,False,False,False,Enterprise,0.5,0.125,5,2,2,1.0,2,1.0,21,2899.5,0,0,0,0,0,0.0,0.0,0
A-9affe6,2024-02-01,Cybersecurity,US,other,316,5,5159,101,56,0.4,True,0,False,False,False,False,Basic,0.4,0.2,21,2,7,0.286,2,0.286,26,3256.5,0,0,0,0,0,0.0,3.0,0
A-9b9fe9,2024-02-01,EdTech,AU,other,126,5,2857,54,24,0.4,True,1,False,False,True,False,Pro,0.2,0.6,5,2,4,0.5,2,0.5,15,3183.0,0,0,1,0,0,71.0,4.0,0
A-9bfc9f,2024-02-01,DevTools,CA,ads,140,3,3604,159,53,1.0,False,1,False,False,False,True,Pro,0.0,0.667,16,1,4,0.25,1,0.25,8,4624.0,0,0,0,0,0,0.0,3.0,0
A-9c18c4,2024-02-01,HealthTech,US,ads,189,6,12906,84,19,0.5,True,0,False,False,False,True,Enterprise,0.667,0.167,22,1,3,0.333,1,0.333,11,5225.0,0,0,0,0,0,0.0,5.0,0
A-9ee962,2024-02-01,HealthTech,US,ads,338,5,3136,82,30,0.4,True,2,False,False,False,True,Pro,0.0,0.6,13,2,2,1.0,2,1.0,24,2512.5,1,0,0,0,0,0.0,4.0,0
A-9f9299,2024-02-01,FinTech,US,organic,152,3,12516,84,28,0.333,False,0,False,False,False,False,Enterprise,0.667,0.333,13,3,4,0.75,3,0.75,27,3165.667,0,0,0,0,0,0.0,4.0,0
A-a1b80b,2024-02-01,HealthTech,US,organic,66,0,0,0,0,0.0,0,0,0,0,0,0,0,0.0,0.0,3,3,4,0.75,3,0.75,32,3036.667,0,0,1,0,0,34.0,4.0,0
A-a1bbb6,2024-02-01,DevTools,CA,organic,302,6,14010,90,28,0.667,True,0,False,False,False,False,Enterprise,0.667,0.333,23,2,4,0.5,2,0.5,16,1264.0,1,1,0,0,1,36.0,4.0,0
A-a6d261,2024-02-01,FinTech,CA,other,64,3,3156,33,15,1.0,False,1,False,False,False,False,Enterprise,0.667,0.0,3,3,5,0.6,3,0.5,34,4357.0,1,0,0,0,0,0.0,5.0,0
A-a7bd4b,2024-02-01,Cybersecurity,US,ads,351,6,2016,104,48,0.333,True,2,False,False,False,False,Pro,0.167,0.5,1,2,7,0.286,2,0.333,14,445.0,0,0,1,0,1,28.0,3.0,0
A-a865bd,2024-02-01,Cybersecurity,US,organic,135,1,1862,38,38,1.0,False,0,False,False,False,False,Pro,0.0,1.0,1,1,2,0.5,1,0.5,9,3186.0,0,0,0,0,0,0.0,0.0,0
A-a8b49c,2024-02-01,Cybersecurity,UK,partner,118,4,476,49,19,0.5,False,2,False,False,False,False,Basic,0.0,0.5,27,1,3,0.333,1,0.333,7,3829.0,0,0,0,0,0,0.0,4.0,0
A-a8d89d,2024-02-01,EdTech,US,ads,55,1,15522,78,78,1.0,False,0,False,False,False,False,Enterprise,1.0,0.0,15,2,1,2.0,2,2.0,22,5504.5,0,0,0,0,0,0.0,4.0,0
A-aa9511,2024-02-01,DevTools,US,other,114,4,12708,102,33,0.75,False,0,False,False,False,False,Enterprise,0.5,0.25,11,3,3,1.0,3,1.0,35,4543.0,1,0,0,0,0,0.0,4.0,0
A-ac14bb,2024-02-01,FinTech,US,partner,146,3,19337,113,71,0.333,True,0,False,True,False,False,Enterprise,0.667,0.333,1,5,2,2.5,5,2.5,55,3683.0,1,0,0,0,0,0.0,0.0,0
A-ac9111,2024-02-01,HealthTech,US,event,173,4,3206,104,41,0.25,False,0,False,False,False,False,Basic,0.0,0.25,10,3,8,0.375,4,0.571,48,3369.25,0,0,0,0,0,0.0,5.0,0
A-acb7f7,2024-02-01,EdTech,US,ads,26,1,6368,32,32,0.0,False,0,False,False,False,False,Enterprise,1.0,0.0,1,3,3,1.0,3,1.0,34,3587.667,1,1,1,0,1,36.5,3.0,0
A-ad3abd,2024-02-01,FinTech,US,event,335,4,11748,176,44,0.5,True,1,False,False,False,False,Basic,0.25,0.25,0,1,0,0.0,1,0.0,6,2982.0,0,0,1,0,1,25.0,3.0,0
A-ae052e,2024-02-01,FinTech,CA,other,143,1,0,39,39,1.0,False,1,True,False,False,False,Pro,0.0,1.0,18,3,5,0.6,2,0.4,28,2288.667,0,1,1,0,1,32.5,3.0,0
A-af0cd2,2024-02-01,Cybersecurity,IN,other,394,7,4085,144,30,0.429,True,1,False,False,False,False,Basic,0.0,0.429,0,1,8,0.125,1,0.125,13,6513.0,0,0,0,0,0,0.0,4.0,0
A-afa505,2024-02-01,DevTools,US,partner,36,1,3430,70,70,1.0,False,0,False,False,False,False,Pro,0.0,1.0,23,1,8,0.125,1,0.167,10,2920.0,1,0,0,0,0,0.0,3.0,1
A-b11cd0,2024-02-01,DevTools,US,ads,377,4,1768,104,26,0.75,False,2,False,False,False,False,Basic,0.0,0.25,63,0,2,0.0,0,0.0,0,0.0,0,2,0,0,0,26.0,5.0,0
A-b20d99,2024-02-01,HealthTech,IN,other,127,2,4360,40,20,0.5,False,0,False,False,False,False,Basic,0.5,0.0,8,2,1,2.0,2,2.0,25,5108.0,1,0,0,0,0,0.0,4.0,0
A-b44e3e,2024-02-01,Cybersecurity,UK,ads,0,0,0,0,0,0.0,0,0,0,0,0,0,0,0.0,0.0,4,2,3,0.667,2,0.667,22,2311.0,1,0,1,0,1,10.0,4.0,0
A-b7724f,2024-02-01,HealthTech,UK,organic,310,1,627,33,33,1.0,False,0,False,False,False,False,Basic,0.0,0.0,43,0,1,0.0,0,0.0,0,0.0,0,1,0,0,1,28.0,3.0,0
A-b9eed8,2024-02-01,Cybersecurity,US,organic,0,0,0,0,0,0.0,0,0,0,0,0,0,0,0.0,0.0,1,5,1,5.0,6,3.0,61,3194.333,1,0,1,0,0,24.0,3.0,0
A-b9f5b1,2024-02-01,Cybersecurity,US,other,373,2,0,57,42,0.5,True,2,False,False,False,False,Enterprise,1.0,0.0,11,1,2,0.5,1,0.5,6,2382.0,0,0,1,0,1,28.0,3.0,0
A-ba6516,2024-02-01,FinTech,US,ads,95,2,5886,54,27,0.5,False,0,False,True,False,False,Basic,0.5,0.0,2,5,3,1.667,6,2.0,56,2677.167,1,0,0,0,0,0.0,5.0,0
A-bad8c1,2024-02-01,FinTech,AU,organic,337,4,3444,166,60,0.75,False,2,False,False,False,True,Pro,0.25,0.5,11,1,0,0.0,1,0.0,11,2475.0,0,0,0,0,0,0.0,0.0,0
A-bb2f49,2024-02-01,Cybersecurity,US,other,249,5,15116,142,68,0.6,False,1,False,False,False,True,Pro,0.4,0.6,6,5,0,0.0,6,0.0,64,2528.5,1,1,0,0,0,35.0,4.0,0
A-bb3bd4,2024-02-01,HealthTech,US,ads,5,0,0,0,0,0.0,0,0,0,0,0,0,0,0.0,0.0,20,3,2,1.5,3,1.5,35,6325.333,1,1,1,0,0,61.5,4.0,0
A-bbe56f,2024-02-01,HealthTech,US,ads,350,2,4578,42,21,0.5,False,0,False,False,False,False,Basic,0.5,0.0,41,0,5,0.0,0,0.0,0,0.0,0,0,0,0,0,0.0,0.0,0
A-bcf664,2024-02-01,DevTools,US,other,258,7,6369,184,59,0.571,False,2,False,False,False,False,Basic,0.143,0.143,18,2,5,0.4,2,0.4,21,1393.0,1,0,1,1,0,69.0,5.0,0
A-bece89,2024-02-01,Cybersecurity,IN,event,62,1,5174,26,26,0.0,False,0,False,False,False,False,Enterprise,1.0,0.0,60,0,1,0.0,0,0.0,0,0.0,0,0,0,0,0,0.0,5.0,0
A-c16b88,2024-02-01,HealthTech,US,event,61,0,0,0,0,0.0,0,0,0,0,0,0,0,0.0,0.0,3,2,7,0.286,2,0.286,17,3150.0,0,0,0,0,0,0.0,4.0,0
A-c1dfe1,2024-02-01,DevTools,DE,ads,178,2,1121,59,33,1.0,True,0,False,False,False,False,Basic,0.0,0.0,6,5,3,1.667,5,1.667,46,2598.4,1,1,0,0,1,33.0,4.0,0
A-c45b23,2024-02-01,FinTech,UK,partner,55,2,397,13,8,1.0,False,0,False,False,False,False,Basic,0.0,0.5,14,1,2,0.5,1,0.5,11,770.0,1,0,0,0,0,0.0,0.0,0
A-c4ea60,2024-02-01,FinTech,DE,other,329,2,1254,66,48,0.5,True,0,False,False,False,False,Basic,0.0,0.0,3,3,6,0.5,3,0.5,20,968.0,1,0,1,0,0,5.0,5.0,0
A-c608c8,2024-02-01,DevTools,DE,ads,280,3,2330,20,11,0.333,False,0,False,False,False,False,Enterprise,0.667,0.333,9,1,5,0.2,1,0.2,7,2359.0,1,0,0,0,0,0.0,3.0,0
A-c62e55,2024-02-01,EdTech,US,partner,358,2,1856,44,34,0.0,True,0,False,False,False,False,Basic,0.0,0.5,3,2,2,1.0,2,1.0,15,2897.5,1,0,0,0,0,0.0,3.0,0
A-c7e58b,2024-02-01,HealthTech,IN,other,221,2,1450,10,7,0.5,True,0,False,False,False,False,Basic,0.5,0.0,16,1,3,0.333,1,0.333,9,2799.0,1,1,1,0,0,39.0,4.0,0
A-c7ffc2,2024-02-01,Cybersecurity,US,partner,370,5,14661,279,132,0.6,True,0,False,False,False,False,Basic,0.2,0.2,2,2,0,0.0,2,0.0,15,939.5,1,0,0,0,0,0.0,4.0,0
A-cab532,2024-02-01,DevTools,FR,organic,304,4,10872,78,31,1.0,True,0,False,False,False,False,Enterprise,0.75,0.25,8,5,8,0.625,4,0.5,59,2955.4,0,0,0,0,0,0.0,0.0,0
A-cb6cc6,2024-02-01,DevTools,US,ads,304,3,513,40,14,0.333,True,1,False,False,False,False,Basic,0.333,0.0,27,1,2,0.5,1,0.5,9,2160.0,1,0,0,0,0,0.0,0.0,0
A-cbbe12,2024-02-01,Cybersecurity,DE,partner,316,3,1960,120,40,0.667,False,2,False,False,False,False,Pro,0.0,1.0,71,0,1,0.0,0,0.0,0,0.0,0,0,0,0,0,0.0,4.0,0
A-cc98bc,2024-02-01,DevTools,US,ads,253,7,17353,249,57,0.571,True,1,False,False,False,False,Basic,0.429,0.143,1,5,5,1.0,4,0.8,55,2712.6,1,0,0,0,0,0.0,4.0,0
A-ccabf0,2024-02-01,HealthTech,IN,organic,87,5,19570,130,59,0.6,False,0,False,False,False,False,Enterprise,0.6,0.4,13,1,6,0.167,1,0.167,8,888.0,0,0,0,0,0,0.0,3.0,0
A-ccb686,2024-02-01,DevTools,US,other,10,0,0,0,0,0.0,0,0,0,0,0,0,0,0.0,0.0,6,3,2,1.5,3,1.5,26,1120.0,1,0,1,0,0,67.0,4.0,0
A-ccc747,2024-02-01,HealthTech,FR,event,20,0,0,0,0,0.0,0,0,0,0,0,0,0,0.0,0.0,29,1,1,1.0,1,1.0,7,1778.0,0,0,0,0,0,0.0,4.0,0
A-cdf020,2024-02-01,DevTools,AU,organic,169,3,5635,115,45,0.333,True,0,False,False,False,False,Pro,0.0,1.0,38,0,3,0.0,0,0.0,0,0.0,0,0,1,0,0,2.0,5.0,0
A-ce66f8,2024-02-01,EdTech,CA,event,162,1,551,29,29,1.0,False,0,False,False,False,False,Basic,0.0,0.0,7,4,3,1.333,4,1.333,43,2671.75,1,0,0,0,0,0.0,3.0,0
A-d49cc5,2024-02-01,Cybersecurity,FR,event,135,0,0,0,0,0.0,0,0,0,0,0,0,0,0.0,0.0,4,2,2,1.0,2,1.0,19,2034.0,0,0,0,0,0,0.0,0.0,0
A-d5a319,2024-02-01,FinTech,US,other,273,7,15577,163,70,0.286,True,2,False,False,False,True,Basic,0.143,0.286,27,1,4,0.25,1,0.25,9,1116.0,1,0,0,0,0,0.0,0.0,0
A-d77f4c,2024-02-01,DevTools,US,partner,129,2,152,49,41,1.0,False,1,False,False,True,False,Basic,0.0,0.0,10,5,2,2.5,5,2.5,51,4215.8,0,0,0,0,0,0.0,5.0,0
A-d792a6,2024-02-01,DevTools,US,organic,374,11,9122,150,37,0.455,True,3,False,False,False,False,Basic,0.364,0.273,5,5,4,1.25,4,1.0,60,3482.6,1,0,0,0,0,0.0,4.0,0
A-d922bf,2024-02-01,HealthTech,US,ads,146,2,12338,62,32,0.5,False,0,False,False,False,False,Enterprise,1.0,0.0,29,1,0,0.0,1,0.0,13,7761.0,0,3,0,0,0,45.333,4.0,0
A-dbc825,2024-02-01,EdTech,FR,partner,25,2,7562,38,19,0.0,True,0,False,True,False,False,Enterprise,1.0,0.0,6,2,9,0.222,2,0.222,18,725.0,1,0,1,0,0,72.0,3.0,1
A-dcc2f0,2024-02-01,FinTech,UK,organic,194,7,10649,120,25,0.714,False,1,False,False,False,False,Enterprise,0.571,0.143,0,6,6,1.0,6,1.0,83,2409.429,1,0,0,0,0,0.0,4.0,0
A-dcc3f1,2024-02-01,HealthTech,US,event,36,2,2898,72,51,1.0,False,0,False,False,False,False,Basic,0.0,0.5,23,1,3,0.333,1,0.333,14,392.0,0,1,0,0,1,30.0,5.0,0
A-de58ca,2024-02-01,HealthTech,DE,organic,294,8,15721,354,105,0.375,True,2,False,False,False,False,Pro,0.25,0.5,11,2,8,0.25,2,0.286,24,2951.0,0,0,2,0,0,32.5,3.0,0
A-dec005,2024-02-01,HealthTech,US,partner,111,2,6169,52,31,0.5,True,1,False,False,False,False,Basic,0.5,0.0,8,4,4,1.0,4,1.333,40,3601.25,1,0,0,0,0,0.0,3.0,0
A-df10db,2024-02-01,DevTools,US,other,240,5,1178,32,14,0.6,True,0,False,False,False,True,Basic,0.2,0.2,14,3,5,0.6,3,0.6,22,3345.0,1,0,1,1,0,68.0,3.0,0
A-df1e44,2024-02-01,Cybersecurity,UK,organic,0,0,0,0,0,0.0,0,0,0,0,0,0,0,0.0,0.0,5,1,1,1.0,1,1.0,8,3264.0,0,0,0,0,0,0.0,5.0,0
A-dfbd31,2024-02-01,DevTools,UK,partner,59,2,0,38,24,0.5,False,2,False,False,False,False,Enterprise,0.5,0.5,2,4,1,4.0,4,4.0,49,4785.5,1,1,0,0,0,45.0,5.0,0
A-e1462e,2024-02-01,FinTech,UK,partner,326,4,9491,87,29,0.5,True,1,False,False,False,True,Enterprise,0.5,0.25,51,0,3,0.0,0,0.0,0,0.0,0,0,0,0,0,0.0,4.0,0
A-e19ff6,2024-02-01,Cybersecurity,UK,partner,188,2,874,46,38,0.0,False,0,False,False,False,False,Basic,0.0,0.0,15,1,4,0.25,1,0.2,17,3485.0,0,1,0,0,0,9.0,5.0,0
A-e1b9cd,2024-02-01,DevTools,US,event,340,8,22882,418,100,0.375,True,0,True,False,False,False,Pro,0.125,0.5,26,1,3,0.333,1,0.333,13,4199.0,0,0,0,0,0,0.0,3.0,0
A-e2cd1b,2024-02-01,DevTools,US,other,0,0,0,0,0,0.0,0,0,0,0,0,0,0,0.0,0.0,14,3,4,0.75,3,0.75,36,2445.667,0,0,0,0,0,0.0,4.0,0
A-e3bd71,2024-02-01,Cybersecurity,US,partner,313,2,6758,62,31,0.5,True,0,False,False,False,False,Basic,0.5,0.0,1,4,4,1.0,4,1.0,38,3356.75,1,1,2,0,0,34.0,3.0,0
A-e43bf7,2024-02-01,Cybersecurity,AU,other,314,3,24842,158,70,0.667,True,0,False,False,False,False,Enterprise,0.667,0.333,25,1,5,0.2,2,0.4,24,5959.0,1,0,0,0,0,0.0,0.0,0
A-e51ec7,2024-02-01,FinTech,CA,partner,131,1,4975,25,25,1.0,False,0,False,False,True,False,Enterprise,1.0,0.0,1,2,4,0.5,3,0.75,19,973.667,0,0,0,0,0,0.0,4.0,0
A-e5d6ab,2024-02-01,EdTech,US,partner,292,5,4996,81,35,0.6,False,1,False,False,False,False,Basic,0.2,0.2,1,3,0,0.0,3,0.0,31,2659.0,0,0,0,0,0,0.0,4.0,0
A-e61e98,2024-02-01,FinTech,US,partner,104,5,5065,147,40,0.6,True,1,False,False,False,True,Pro,0.0,0.8,1,1,4,0.25,1,0.2,6,2658.0,0,0,0,0,0,0.0,5.0,0
A-e693b6,2024-02-01,FinTech,AU,event,252,3,6435,165,55,0.333,False,0,False,False,False,False,Pro,0.0,0.667,14,4,5,0.8,4,0.8,40,3577.75,0,0,0,0,0,0.0,3.0,0
A-e6afc1,2024-02-01,DevTools,US,ads,342,6,15086,222,68,0.833,True,1,False,False,False,False,Pro,0.167,0.5,2,4,8,0.5,4,0.5,38,3988.25,0,0,0,0,0,0.0,0.0,0
A-e7beab,2024-02-01,EdTech,DE,organic,104,3,6368,90,58,0.667,False,1,False,False,False,False,Enterprise,1.0,0.0,36,0,4,0.0,0,0.0,0,0.0,0,0,0,0,0,0.0,3.0,0
A-e888d1,2024-02-01,Cybersecurity,US,other,310,4,7394,136,54,0.75,True,1,False,False,False,False,Basic,0.5,0.0,16,2,3,0.667,2,0.667,27,4182.0,1,0,2,0,1,27.0,5.0,0
A-e89151,2024-02-01,FinTech,UK,organic,140,1,1592,8,8,0.0,False,0,False,False,False,False,Enterprise,1.0,0.0,23,1,6,0.167,1,0.143,9,4077.0,1,0,0,0,0,0.0,0.0,0
A-e98302,2024-02-01,EdTech,US,ads,37,2,7648,52,34,0.0,False,0,False,False,False,False,Enterprise,0.5,0.5,58,0,1,0.0,0,0.0,0,0.0,0,0,0,0,0,0.0,4.0,0
A-eafc6e,2024-02-01,DevTools,US,partner,210,2,8089,61,34,0.5,False,0,False,False,False,False,Enterprise,0.5,0.5,2,3,2,1.5,3,1.5,37,6513.0,0,0,0,0,0,0.0,4.0,0
A-eb2fdc,2024-02-01,DevTools,AU,organic,72,0,0,0,0,0.0,0,0,0,0,0,0,0,0.0,0.0,23,2,5,0.4,2,0.4,16,2420.0,0,0,2,0,0,36.5,4.0,0
A-eb7c38,2024-02-01,DevTools,AU,organic,0,0,0,0,0,0.0,0,0,0,0,0,0,0,0.0,0.0,16,4,4,1.0,3,0.75,33,4456.75,1,0,0,0,0,0.0,4.0,0
A-eb7fac,2024-02-01,DevTools,US,organic,96,2,931,19,12,0.5,False,0,False,False,False,False,Pro,0.0,1.0,46,0,3,0.0,0,0.0,0,0.0,0,1,0,0,0,71.0,4.0,0
A-ed510f,2024-02-01,Cybersecurity,IN,partner,380,5,13272,210,42,0.2,True,1,False,False,False,True,Enterprise,0.4,0.4,8,1,4,0.25,1,0.2,10,1630.0,1,0,0,0,0,0.0,4.0,0
A-ee42db,2024-02-01,EdTech,DE,ads,282,6,2319,107,33,0.667,True,2,False,False,False,False,Basic,0.0,0.5,8,2,5,0.4,2,0.4,19,2092.0,1,0,1,0,0,11.0,3.0,0
A-f03140,2024-02-01,DevTools,IN,event,71,1,513,27,27,0.0,True,0,False,False,False,False,Basic,0.0,0.0,6,3,7,0.429,3,0.3,29,4359.667,0,0,1,0,0,41.0,3.0,0
A-f17767,2024-02-01,DevTools,US,event,367,9,13098,132,39,0.667,False,0,False,True,False,False,Pro,0.222,0.556,1,5,5,1.0,5,1.0,51,2704.2,0,1,0,0,1,9.0,5.0,0
A-f19409,2024-02-01,DevTools,US,other,322,3,8399,101,44,0.0,False,0,False,False,False,False,Pro,0.333,0.667,15,4,2,2.0,4,2.0,47,3786.5,0,0,0,0,0,0.0,4.0,0
A-f19b24,2024-02-01,Cybersecurity,US,organic,387,0,0,0,0,0.0,0,0,0,0,0,0,0,0.0,0.0,15,1,2,0.5,1,0.5,10,3220.0,0,1,1,1,1,35.5,4.0,0
A-f1f639,2024-02-01,EdTech,US,ads,340,3,1128,12,5,1.0,False,0,False,True,False,False,Basic,0.333,0.0,94,0,0,0.0,0,0.0,0,0.0,0,0,2,0,0,9.0,5.0,0
A-f44180,2024-02-01,Cybersecurity,UK,event,353,6,27661,139,89,0.333,True,0,False,False,False,False,Enterprise,1.0,0.0,9,1,7,0.143,1,0.143,12,3948.0,0,0,0,0,0,0.0,0.0,0
A-f446b6,2024-02-01,DevTools,DE,ads,265,3,4380,60,30,0.333,True,0,False,False,False,False,Basic,0.333,0.0,4,2,3,0.667,2,0.667,20,2270.0,0,0,2,0,1,30.0,4.0,0
A-f51f16,2024-02-01,HealthTech,US,partner,38,0,0,0,0,0.0,0,0,0,0,0,0,0,0.0,0.0,19,2,4,0.5,2,0.5,27,5442.0,0,0,0,0,0,0.0,3.0,0
A-f97b9a,2024-02-01,FinTech,US,event,207,3,3781,51,19,1.0,True,2,False,False,False,False,Enterprise,1.0,0.0,5,2,4,0.5,2,0.5,17,3048.5,1,0,0,0,0,0.0,4.0,0
A-fa3095,2024-02-01,FinTech,US,ads,151,4,31290,280,70,0.5,False,1,False,False,False,False,Enterprise,0.75,0.25,6,2,2,1.0,2,1.0,17,2414.5,1,0,0,0,0,0.0,5.0,0
A-faa28c,2024-02-01,HealthTech,US,organic,2,0,0,0,0,0.0,0,0,0,0,0,0,0,0.0,0.0,11,2,2,1.0,2,1.0,26,3204.5,0,1,0,0,0,44.0,4.0,0
A-fdfc91,2024-02-01,Cybersecurity,US,ads,271,3,1653,87,29,0.333,False,0,False,False,False,False,Basic,0.0,0.0,23,3,5,0.6,3,0.5,32,4529.667,0,0,0,0,0,0.0,4.0,0
A-fe79a5,2024-02-01,HealthTech,IN,ads,0,0,0,0,0,0.0,0,0,0,0,0,0,0,0.0,0.0,17,1,5,0.2,1,0.167,9,4392.0,0,0,1,0,0,34.0,5.0,0
A-ff3c73,2024-02-01,HealthTech,AU,other,371,5,2682,154,66,0.2,True,2,False,False,False,False,Basic,0.2,0.2,1,1,4,0.25,1,0.25,9,3123.0,1,0,0,0,0,0.0,3.0,0
A-00bed1,2024-03-01,Cybersecurity,US,ads,108,1,1159,61,61,0.0,False,0,False,False,False,False,Basic,0.0,0.0,0,2,5,0.4,2,0.4,25,5726.0,0,0,1,0,1,6.0,4.0,0
A-00cac8,2024-03-01,HealthTech,AU,organic,168,2,753,27,19,0.5,False,0,False,False,False,False,Basic,0.0,0.5,16,3,7,0.429,3,0.375,21,967.667,0,0,0,0,0,0.0,4.0,0
A-019782,2024-03-01,DevTools,FR,event,317,6,7548,83,17,0.167,True,1,False,False,False,False,Basic,0.333,0.333,2,4,1,4.0,4,4.0,23,2111.0,0,0,0,0,0,0.0,0.0,0
A-029f69,2024-03-01,Cybersecurity,CA,event,0,0,0,0,0,0.0,0,0,0,0,0,0,0,0.0,0.0,18,2,8,0.25,2,0.25,23,2031.0,1,0,0,0,0,0.0,4.0,0
A-02cd81,2024-03-01,HealthTech,IN,other,0,0,0,0,0,0.0,0,0,0,0,0,0,0,0.0,0.0,2,2,3,0.667,3,1.0,27,2431.0,1,1,0,0,1,6.0,5.0,0
A-02fac6,2024-03-01,FinTech,US,event,330,3,6534,66,22,0.667,False,0,False,False,False,False,Pro,0.333,0.667,13,3,4,0.75,3,0.6,19,1831.333,1,1,0,0,1,34.0,5.0,0
A-034368,2024-03-01,EdTech,US,event,117,1,0,19,19,1.0,False,1,False,False,False,False,Basic,0.0,0.0,75,0,3,0.0,0,0.0,0,0.0,0,0,0,0,0,0.0,5.0,0
A-05d3b3,2024-03-01,DevTools,AU,ads,278,8,7761,163,55,0.375,True,2,False,False,False,False,Basic,0.25,0.25,2,3,6,0.5,3,0.429,41,4564.667,1,0,0,0,0,0.0,4.0,1
A-05f0e5,2024-03-01,FinTech,US,partner,302,5,10902,198,56,0.0,True,0,False,False,False,False,Basic,0.2,0.2,6,4,3,1.333,4,1.0,51,5041.5,1,0,0,0,0,0.0,4.0,0
A-068fc6,2024-03-01,EdTech,US,event,228,2,1715,70,35,0.5,False,1,False,False,False,False,Pro,0.0,1.0,2,3,4,0.75,2,0.5,26,3420.0,1,0,0,0,0,0.0,4.0,0
A-075038,2024-03-01,HealthTech,UK,ads,294,7,9486,244,103,0.429,True,2,False,False,False,False,Pro,0.0,0.857,1,3,6,0.5,4,0.667,45,1298.5,1,0,0,0,0,0.0,3.0,0
A-089363,2024-03-01,FinTech,AU,event,300,4,3843,88,40,0.75,True,1,False,False,False,False,Enterprise,0.5,0.25,3,5,2,2.5,5,2.5,37,3031.0,1,0,0,0,0,0.0,3.0,0
A-09540c,2024-03-01,Cybersecurity,CA,event,123,0,0,0,0,0.0,0,0,0,0,0,0,0,0.0,0.0,15,1,0,0.0,1,0.0,8,4416.0,0,1,0,0,0,29.0,4.0,1
A-098560,2024-03-01,DevTools,UK,ads,132,2,1715,58,35,0.5,True,1,False,False,False,True,Pro,0.0,1.0,59,0,2,0.0,0,0.0,0,0.0,0,0,0,0,0,0.0,3.0,0
A-0dbdc6,2024-03-01,Cybersecurity,DE,other,383,2,570,60,30,0.5,False,1,False,False,False,False,Basic,0.0,0.5,3,2,7,0.286,2,0.286,17,2284.5,0,0,0,0,0,0.0,4.0,0
A-0f3e88,2024-03-01,HealthTech,US,other,222,5,4160,80,24,0.8,False,0,False,False,False,True,Basic,0.2,0.2,13,3,2,1.5,3,1.5,41,4895.333,1,0,0,0,0,0.0,5.0,0
A-10b8da,2024-03-01,DevTools,US,partner,298,2,3649,31,17,0.5,True,0,False,False,False,False,Basic,0.5,0.0,6,3,0,0.0,4,0.0,30,2044.75,1,0,0,0,0,0.0,4.0,0
A-10b8f2,2024-03-01,HealthTech,DE,organic,415,7,14754,340,54,0.143,True,2,False,False,False,False,Basic,0.143,0.143,14,5,2,2.5,4,2.0,48,3707.8,1,1,1,0,0,40.0,3.0,0
A-13466a,2024-03-01,DevTools,AU,event,131,2,7998,42,40,0.5,True,0,False,False,False,False,Basic,0.5,0.0,3,2,1,2.0,3,3.0,34,3890.333,1,0,0,0,0,0.0,5.0,0
A-151c9a,2024-03-01,FinTech,US,ads,399,3,7125,75,29,0.667,False,0,False,False,False,False,Pro,0.333,0.667,10,1,5,0.2,1,0.167,17,1054.0,0,0,0,0,0,0.0,0.0,0
A-157070,2024-03-01,FinTech,US,ads,113,4,4712,68,18,0.5,False,0,False,True,False,True,Basic,0.25,0.25,6,2,4,0.5,2,0.5,18,2983.5,1,0,1,0,0,42.0,4.0,0
A-158f4e,2024-03-01,FinTech,IN,other,364,8,15433,488,61,0.5,True,1,False,False,False,False,Pro,0.0,0.625,82,0,1,0.0,0,0.0,0,0.0,0,0,2,0,1,12.0,4.0,0
A-180abf,2024-03-01,DevTools,US,event,200,3,15872,192,64,0.333,True,1,False,False,False,False,Basic,0.333,0.333,1,3,3,1.0,3,1.0,27,1182.0,1,0,1,0,0,34.0,3.0,1
A-186a44,2024-03-01,HealthTech,US,ads,207,2,1360,40,20,0.0,True,0,False,False,False,False,Basic,0.0,0.5,5,3,0,0.0,3,0.0,19,3436.333,1,0,1,0,0,8.0,3.0,0
A-1986ca,2024-03-01,HealthTech,IN,ads,396,3,7960,60,20,0.667,True,1,False,False,False,False,Enterprise,1.0,0.0,24,2,2,1.0,2,1.0,21,478.5,1,0,0,0,0,0.0,4.0,0
A-19b2c8,2024-03-01,DevTools,IN,other,269,8,15715,175,33,0.5,True,0,False,False,False,False,Basic,0.375,0.25,7,3,4,0.75,3,0.75,31,3281.667,1,0,0,0,0,0.0,5.0,0
A-1b707d,2024-03-01,Cybersecurity,US,organic,231,3,4164,36,16,0.667,True,0,False,False,False,False,Pro,0.333,0.667,50,0,2,0.0,0,0.0,0,0.0,0,0,0,0,0,0.0,4.0,0
A-1b9609,2024-03-01,EdTech,IN,ads,141,5,3160,100,49,0.8,True,0,False,False,False,False,Basic,0.2,0.2,14,1,4,0.25,1,0.25,11,858.0,1,0,1,0,0,29.0,4.0,0
A-1d5444,2024-03-01,Cybersecurity,US,partner,43,0,0,0,0,0.0,0,0,0,0,0,0,0,0.0,0.0,5,2,4,0.5,2,0.5,30,4205.0,1,0,0,0,0,0.0,0.0,0
A-1e1b80,2024-03-01,FinTech,CA,other,171,5,24397,253,53,0.4,True,0,False,False,False,False,Basic,0.4,0.2,16,3,4,0.75,3,0.75,41,6229.0,1,0,1,0,0,24.0,3.0,0
A-1e50e0,2024-03-01,Cybersecurity,DE,other,374,2,3781,38,19,0.5,False,1,False,False,False,False,Enterprise,1.0,0.0,57,0,1,0.0,0,0.0,0,0.0,0,0,0,0,0,0.0,0.0,0
A-1e6fc3,2024-03-01,EdTech,FR,other,86,1,0,1,1,0.0,False,1,False,False,False,False,Basic,0.0,0.0,11,1,2,0.5,1,0.5,8,4560.0,0,0,1,0,0,22.0,5.0,1
A-1f0636,2024-03-01,EdTech,AU,partner,60,2,0,210,105,0.0,False,2,False,True,False,False,Basic,0.0,0.5,0,3,2,1.5,3,1.5,30,2866.0,1,0,0,0,0,0.0,0.0,0
A-1f0ac7,2024-03-01,HealthTech,UK,other,187,2,5952,48,24,0.5,True,0,False,False,False,False,Enterprise,0.5,0.5,48,0,5,0.0,0,0.0,0,0.0,0,0,0,0,0,0.0,4.0,0
A-1f559b,2024-03-01,HealthTech,US,organic,179,4,5970,60,26,0.5,True,0,True,False,False,False,Basic,0.25,0.25,21,1,9,0.111,1,0.143,4,2112.0,0,0,2,0,1,65.0,4.0,0
A-1f7acb,2024-03-01,FinTech,UK,ads,208,3,15168,192,64,0.667,True,0,False,False,False,False,Basic,0.333,0.0,14,1,4,0.25,1,0.25,9,3465.0,0,0,1,0,0,13.0,5.0,0
A-202b67,2024-03-01,HealthTech,US,organic,0,0,0,0,0,0.0,0,0,0,0,0,0,0,0.0,0.0,25,1,2,0.5,1,0.333,14,546.0,1,1,0,0,0,35.0,5.0,1
A-20736a,2024-03-01,EdTech,IN,organic,0,0,0,0,0,0.0,0,0,0,0,0,0,0,0.0,0.0,5,3,7,0.429,3,0.375,31,1822.333,0,0,1,0,1,25.0,3.0,1
A-22d9d2,2024-03-01,DevTools,FR,event,0,0,0,0,0,0.0,0,0,0,0,0,0,0,0.0,0.0,1,2,4,0.5,2,0.5,25,5706.5,0,0,2,0,1,14.5,5.0,0
A-2446e3,2024-03-01,EdTech,IN,organic,51,1,1323,27,27,1.0,False,0,False,False,True,False,Pro,0.0,1.0,8,5,4,1.25,4,1.0,45,1295.2,1,1,0,0,1,6.0,3.0,0
A-271f46,2024-03-01,DevTools,US,event,386,3,1444,114,38,0.667,False,1,False,False,False,False,Basic,0.0,0.333,19,2,5,0.4,2,0.4,19,1762.0,1,0,0,0,0,0.0,4.0,0
A-296d7c,2024-03-01,DevTools,DE,other,114,1,114,6,6,0.0,False,0,False,False,False,False,Basic,0.0,0.0,11,4,4,1.0,3,0.75,44,4808.5,1,0,0,0,0,0.0,4.0,0
A-297a2d,2024-03-01,HealthTech,UK,event,301,2,7164,63,36,0.5,True,1,False,False,False,False,Basic,0.5,0.0,1,3,4,0.75,3,0.75,34,4172.0,1,0,0,0,0,0.0,3.0,0
A-2b9d3e,2024-03-01,EdTech,US,partner,271,2,1204,16,11,0.0,False,0,False,False,False,False,Basic,0.5,0.0,4,2,4,0.5,2,0.5,19,2566.0,1,0,0,0,0,0.0,4.0,0
A-2bc93d,2024-03-01,HealthTech,US,event,353,6,23752,148,40,0.333,False,0,False,False,False,True,Enterprise,0.667,0.167,6,5,7,0.714,5,0.714,50,1320.0,1,0,0,0,0,0.0,4.0,0
A-2e3bad,2024-03-01,FinTech,CA,other,201,3,18117,183,61,0.333,True,0,False,False,False,False,Pro,0.333,0.667,13,2,3,0.667,2,1.0,23,1965.5,1,0,2,0,0,18.5,3.0,1
A-2ebb4b,2024-03-01,HealthTech,US,ads,291,5,15723,229,65,0.6,False,2,False,False,False,False,Basic,0.2,0.2,3,2,5,0.4,2,0.4,14,2282.0,0,0,0,0,0,0.0,3.0,0
A-2edab2,2024-03-01,HealthTech,US,event,105,3,1479,51,17,0.333,False,0,False,False,False,False,Basic,0.0,0.333,0,5,1,5.0,5,5.0,43,2436.6,1,0,0,0,0,0.0,3.0,0
A-313be3,2024-03-01,EdTech,US,partner,107,3,11656,141,47,0.0,True,1,False,False,False,False,Enterprise,0.667,0.333,2,3,4,0.75,3,0.75,21,1527.0,0,0,0,0,0,0.0,4.0,1
A-31ab9a,2024-03-01,FinTech,DE,organic,0,0,0,0,0,0.0,0,0,0,0,0,0,0,0.0,0.0,3,1,3,0.333,1,0.25,11,4466.0,0,0,2,0,1,35.0,4.0,0
A-32728c,2024-03-01,DevTools,US,event,423,4,3320,80,20,0.5,False,0,False,False,False,False,Pro,0.0,0.75,2,2,2,1.0,1,0.5,20,2541.5,0,0,0,0,0,0.0,4.0,0
A-328bd0,2024-03-01,HealthTech,AU,partner,290,8,8478,190,39,0.75,True,1,False,False,False,False,Basic,0.125,0.25,26,1,6,0.167,1,0.167,6,3012.0,0,1,0,0,0,40.0,4.0,0
A-32fb14,2024-03-01,DevTools,US,event,360,4,1482,104,26,0.25,True,1,False,False,False,False,Basic,0.0,0.0,7,3,3,1.0,3,1.5,29,2074.667,0,0,0,0,0,0.0,4.0,0
A-331424,2024-03-01,DevTools,US,organic,116,3,2398,33,11,0.333,True,1,False,False,False,False,Basic,0.333,0.333,0,1,1,1.0,1,1.0,13,520.0,0,0,0,0,0,0.0,4.0,0
A-337bc1,2024-03-01,Cybersecurity,US,organic,226,2,8236,64,34,1.0,False,0,False,False,False,False,Enterprise,0.5,0.5,7,2,3,0.667,2,0.667,16,3405.0,1,0,0,0,0,0.0,4.0,0
A-35083d,2024-03-01,HealthTech,IN,partner,308,6,8683,135,34,0.5,True,2,False,False,False,False,Basic,0.5,0.0,8,6,5,1.2,7,1.4,69,2631.714,1,0,0,0,0,0.0,5.0,0
A-3793ee,2024-03-01,Cybersecurity,CA,organic,346,4,4802,196,49,0.75,False,2,False,False,False,False,Enterprise,0.5,0.5,4,1,2,0.5,1,0.5,9,5094.0,0,0,0,0,0,0.0,4.0,0
A-37f969,2024-03-01,HealthTech,IN,partner,139,4,9879,141,51,0.75,True,0,False,False,False,True,Pro,0.25,0.5,73,0,1,0.0,0,0.0,0,0.0,0,0,2,1,0,15.0,4.0,0
A-3932db,2024-03-01,HealthTech,CA,other,149,2,798,42,23,1.0,False,0,True,True,False,False,Basic,0.0,0.0,27,1,5,0.2,1,0.167,10,3950.0,0,0,2,0,0,26.5,5.0,0
A-39868b,2024-03-01,FinTech,AU,partner,0,0,0,0,0,0.0,0,0,0,0,0,0,0,0.0,0.0,20,1,2,0.5,1,0.333,7,1225.0,0,0,2,0,1,36.5,3.0,0
A-39b19f,2024-03-01,FinTech,US,partner,392,5,7399,151,55,0.6,True,0,False,False,False,False,Pro,0.0,1.0,11,4,5,0.8,4,0.8,34,994.0,1,0,0,0,0,0.0,4.0,0
A-3a5ad8,2024-03-01,HealthTech,US,organic,87,4,8529,60,31,0.25,False,1,False,False,True,False,Enterprise,0.75,0.0,5,3,4,0.75,3,0.75,25,1164.0,1,0,0,0,0,0.0,4.0,0
A-3b37d9,2024-03-01,FinTech,US,event,399,5,14858,120,28,0.2,True,1,False,False,False,False,Enterprise,0.6,0.4,6,2,6,0.333,2,0.333,26,3949.0,0,0,0,0,0,0.0,4.0,0
A-3b5cd1,2024-03-01,FinTech,US,event,171,8,9905,138,31,0.75,True,1,False,False,False,False,Pro,0.25,0.5,1,4,4,1.0,4,1.0,43,1861.75,0,0,0,0,0,0.0,4.0,0
A-3be56b,2024-03-01,HealthTech,IN,event,127,3,4753,100,62,0.667,True,1,False,False,False,False,Pro,0.333,0.667,20,1,2,0.5,1,0.5,10,2500.0,1,1,1,0,0,37.0,4.0,0
A-3c1a3f,2024-03-01,DevTools,UK,event,188,5,8557,114,45,0.4,True,3,False,False,False,False,Basic,0.4,0.2,0,4,5,0.8,3,0.6,27,2492.25,1,0,0,0,0,0.0,4.0,0
A-3cc791,2024-03-01,EdTech,US,other,51,1,0,25,25,0.0,True,1,False,False,False,False,Basic,0.0,0.0,2,4,3,1.333,4,1.333,42,4260.25,1,1,1,0,0,70.5,5.0,0
A-3ce5b8,2024-03-01,FinTech,IN,ads,176,2,9653,197,189,0.0,False,0,False,False,False,False,Pro,0.0,1.0,34,0,5,0.0,0,0.0,0,0.0,0,0,1,0,0,50.0,3.0,0
A-40906c,2024-03-01,EdTech,US,ads,0,0,0,0,0,0.0,0,0,0,0,0,0,0,0.0,0.0,4,2,3,0.667,2,0.667,20,2739.5,1,0,0,0,0,0.0,0.0,0
A-40a557,2024-03-01,Cybersecurity,AU,partner,89,2,6368,32,16,0.0,False,0,False,False,False,False,Enterprise,1.0,0.0,6,1,3,0.333,1,0.333,15,315.0,1,1,0,0,0,69.0,3.0,0
A-40de06,2024-03-01,Cybersecurity,US,event,298,7,16970,230,62,0.286,True,0,False,False,False,False,Pro,0.286,0.429,6,6,5,1.2,5,1.0,57,1569.833,1,1,0,0,1,55.0,4.0,0
A-417d2f,2024-03-01,Cybersecurity,IN,partner,241,6,17183,137,51,0.167,True,0,False,True,False,False,Basic,0.5,0.0,4,5,0,0.0,5,0.0,52,2923.6,1,1,0,0,0,52.0,5.0,0
A-425e76,2024-03-01,DevTools,UK,other,289,5,12363,147,71,0.6,True,0,False,False,False,False,Enterprise,0.4,0.4,12,1,4,0.25,1,0.25,13,6448.0,0,1,0,0,0,70.0,3.0,0
A-432483,2024-03-01,Cybersecurity,US,ads,389,6,23265,139,60,0.5,True,1,False,False,False,False,Enterprise,0.5,0.333,18,1,5,0.2,1,0.2,9,4293.0,1,0,0,0,0,0.0,0.0,0
A-43a9e3,2024-03-01,FinTech,IN,other,197,5,8096,104,28,0.2,True,0,False,True,False,False,Basic,0.2,0.4,0,3,3,1.0,3,1.0,31,3967.0,0,0,0,0,0,0.0,4.0,0
A-4437e4,2024-03-01,Cybersecurity,US,event,167,5,4047,105,49,0.8,False,2,False,False,False,False,Basic,0.0,0.4,10,2,5,0.4,2,0.286,22,4253.0,0,0,1,1,0,56.0,3.0,0
A-45ce7a,2024-03-01,FinTech,US,ads,222,2,1126,34,18,1.0,True,0,False,True,False,False,Basic,0.0,0.5,1,1,4,0.25,1,0.25,14,5880.0,1,0,0,0,0,0.0,3.0,0
A-462d45,2024-03-01,Cybersecurity,US,partner,46,4,12676,172,89,0.25,True,1,True,True,False,False,Pro,0.25,0.5,24,1,7,0.143,1,0.143,21,3276.0,0,1,1,0,0,27.0,4.0,0
A-474ad4,2024-03-01,EdTech,US,organic,94,6,1783,75,23,0.5,True,1,False,False,True,True,Basic,0.0,0.5,25,1,5,0.2,1,0.25,13,4381.0,0,0,0,0,0,0.0,4.0,0
A-484819,2024-03-01,HealthTech,US,organic,374,4,11088,72,18,0.25,False,0,False,False,False,False,Enterprise,0.75,0.0,9,4,1,4.0,4,4.0,42,4493.25,0,1,1,0,1,37.5,4.0,0
A-49b828,2024-03-01,FinTech,IN,ads,301,7,21816,150,49,0.571,False,1,False,False,False,False,Enterprise,0.571,0.143,13,2,5,0.4,1,0.167,14,1771.0,0,0,0,0,0,0.0,4.0,0
A-4a4c2d,2024-03-01,DevTools,US,event,304,8,28242,432,54,0.5,True,1,False,False,False,False,Basic,0.25,0.125,0,2,6,0.333,2,0.286,18,3033.0,1,0,0,0,0,0.0,4.0,0
A-4c38bc,2024-03-01,HealthTech,UK,event,0,0,0,0,0,0.0,0,0,0,0,0,0,0,0.0,0.0,9,3,5,0.6,3,0.6,32,1582.667,1,0,0,0,0,0.0,3.0,0
A-4c56c9,2024-03-01,FinTech,US,partner,72,0,0,0,0,0.0,0,0,0,0,0,0,0,0.0,0.0,4,3,6,0.5,3,0.5,27,3395.0,1,0,2,0,0,54.0,3.0,0
A-4c6f11,2024-03-01,FinTech,CA,organic,95,0,0,0,0,0.0,0,0,0,0,0,0,0,0.0,0.0,0,1,2,0.5,1,0.5,8,1120.0,0,0,1,0,0,54.0,5.0,0
A-4e0e85,2024-03-01,DevTools,US,organic,175,2,1194,26,20,0.5,False,1,False,False,False,False,Enterprise,0.5,0.5,22,2,4,0.5,2,0.5,18,2007.0,0,0,0,0,0,0.0,0.0,1
A-4e631b,2024-03-01,FinTech,US,other,0,0,0,0,0,0.0,0,0,0,0,0,0,0,0.0,0.0,15,2,4,0.5,2,0.667,16,2903.5,1,0,0,0,0,0.0,4.0,0
A-4e960a,2024-03-01,FinTech,US,other,44,1,0,17,17,0.0,False,1,False,False,False,False,Enterprise,1.0,0.0,11,4,2,2.0,4,2.0,54,3086.0,1,0,1,0,0,43.0,3.0,0
A-4ef964,2024-03-01,HealthTech,US,organic,0,0,0,0,0,0.0,0,0,0,0,0,0,0,0.0,0.0,20,2,2,1.0,2,1.0,28,5372.0,0,0,0,0,0,0.0,3.0,0
A-503d5a,2024-03-01,FinTech,US,other,132,4,3319,105,49,0.75,False,2,False,False,False,False,Basic,0.25,0.0,10,3,3,1.0,3,1.0,33,1703.0,0,0,1,0,0,72.0,5.0,0
A-508199,2024-03-01,FinTech,AU,event,33,3,4655,65,27,0.333,True,0,False,False,False,False,Basic,0.333,0.0,6,2,2,1.0,2,1.0,21,5064.5,1,0,0,0,0,0.0,0.0,0
A-50f3f7,2024-03-01,HealthTech,US,partner,70,2,9544,76,45,0.5,False,0,False,False,False,False,Basic,0.5,0.0,1,2,5,0.4,2,0.333,23,692.0,1,0,1,0,0,30.0,5.0,0
A-51ec1b,2024-03-01,DevTools,US,ads,114,1,209,11,11,0.0,False,0,False,False,False,False,Basic,0.0,0.0,8,2,2,1.0,2,1.0,24,6144.5,1,0,0,0,0,0.0,5.0,0
A-5247b3,2024-03-01,FinTech,UK,partner,0,0,0,0,0,0.0,0,0,0,0,0,0,0,0.0,0.0,2,2,8,0.25,2,0.25,18,3402.0,0,0,1,0,0,33.0,3.0,0
A-52dd88,2024-03-01,Cybersecurity,US,ads,374,6,3712,141,26,0.333,True,1,False,False,False,False,Basic,0.0,0.333,26,1,2,0.5,1,0.5,10,2350.0,0,0,1,0,0,72.0,4.0,0
A-54d94a,2024-03-01,Cybersecurity,IN,event,305,5,6239,213,55,0.6,True,1,True,False,False,True,Pro,0.2,0.6,1,2,2,1.0,3,1.5,20,3366.667,1,0,0,0,0,0.0,4.0,0
A-54ecc2,2024-03-01,Cybersecurity,US,partner,264,4,2461,53,34,0.5,True,1,False,False,False,False,Enterprise,0.5,0.25,5,4,3,1.333,4,1.333,45,2784.0,1,0,0,0,0,0.0,5.0,0
A-558c72,2024-03-01,FinTech,US,organic,274,3,3760,40,16,1.0,False,0,False,False,False,False,Pro,0.333,0.667,42,0,5,0.0,0,0.0,0,0.0,0,0,0,0,0,0.0,5.0,0
A-55f257,2024-03-01,FinTech,US,organic,71,4,5655,83,38,0.5,True,1,False,True,False,True,Enterprise,0.5,0.5,19,3,3,1.0,3,1.0,28,2085.333,0,0,1,0,0,43.0,5.0,0
A-59f724,2024-03-01,HealthTech,US,other,119,2,5260,40,22,0.5,False,0,False,False,False,False,Enterprise,0.5,0.5,13,2,7,0.286,1,0.143,14,1197.0,1,0,1,0,0,3.0,4.0,0
A-5a184f,2024-03-01,DevTools,DE,other,256,7,17194,215,74,0.429,False,1,False,False,True,False,Basic,0.286,0.286,6,3,2,1.5,3,1.5,27,2399.0,1,0,0,0,0,0.0,4.0,1
A-5a215a,2024-03-01,EdTech,FR,other,56,3,5916,261,87,0.333,True,1,False,True,False,False,Pro,0.0,0.667,23,2,3,0.667,2,0.667,26,5373.0,0,0,0,0,0,0.0,4.0,0
A-5a3eb9,2024-03-01,DevTools,CA,other,194,3,4618,112,65,0.0,False,0,False,False,False,False,Pro,0.0,0.667,0,3,6,0.5,4,0.667,45,3730.0,0,0,0,0,0,0.0,4.0,0
A-5b1bcd,2024-03-01,DevTools,US,organic,167,7,75409,511,73,0.571,False,0,False,False,False,False,Enterprise,0.714,0.0,1,4,4,1.0,6,2.0,59,2183.833,1,0,0,0,0,0.0,0.0,0
A-600734,2024-03-01,DevTools,US,organic,108,3,3393,87,29,0.0,False,0,False,True,False,False,Pro,0.0,0.667,1,3,5,0.6,4,0.8,32,2164.0,1,0,0,0,0,0.0,3.0,0
A-659280,2024-03-01,FinTech,IN,event,105,5,12076,124,47,0.2,True,0,False,True,False,False,Enterprise,0.4,0.4,42,0,4,0.0,0,0.0,0,0.0,0,0,0,0,0,0.0,4.0,0
A-65a46c,2024-03-01,HealthTech,US,event,118,0,0,0,0,0.0,0,0,0,0,0,0,0,0.0,0.0,14,1,2,0.5,1,0.5,13,6760.0,0,0,0,0,0,0.0,3.0,0
A-65aeb5,2024-03-01,DevTools,US,partner,36,1,171,9,9,1.0,True,0,False,False,False,False,Basic,0.0,0.0,7,4,2,2.0,4,1.333,38,3373.75,1,0,0,0,0,0.0,5.0,0
A-65c341,2024-03-01,FinTech,US,ads,66,2,7002,48,31,0.5,False,0,False,False,False,False,Enterprise,0.5,0.5,9,1,5,0.2,1,0.2,12,1032.0,1,0,0,0,0,0.0,4.0,1
A-67be94,2024-03-01,EdTech,US,organic,332,4,9814,166,62,0.5,True,0,False,False,False,False,Basic,0.25,0.0,8,1,2,0.5,1,0.5,7,952.0,1,0,0,0,0,0.0,5.0,0
A-68f37c,2024-03-01,HealthTech,US,ads,230,8,27680,203,121,0.75,True,2,False,False,False,False,Basic,0.375,0.25,12,3,6,0.5,3,0.5,26,2741.0,0,0,0,0,0,0.0,4.0,0
A-692f18,2024-03-01,EdTech,US,other,0,0,0,0,0,0.0,0,0,0,0,0,0,0,0.0,0.0,11,4,10,0.4,4,0.444,32,1948.25,1,0,0,0,0,0.0,0.0,0
A-69b156,2024-03-01,EdTech,US,other,101,2,6965,35,28,0.5,False,0,False,False,False,False,Enterprise,1.0,0.0,36,0,5,0.0,0,0.0,0,0.0,0,1,0,0,0,33.0,4.0,0
A-69fad4,2024-03-01,FinTech,UK,ads,330,6,8721,99,35,0.5,True,0,False,False,False,False,Basic,0.5,0.0,17,1,4,0.25,1,0.333,7,1099.0,0,0,0,0,0,0.0,4.0,0
A-6a4e2d,2024-03-01,EdTech,UK,partner,329,7,8416,180,56,0.286,True,1,False,False,False,True,Basic,0.286,0.286,24,3,4,0.75,3,0.6,30,3037.333,0,0,0,0,0,0.0,0.0,0
A-6c093d,2024-03-01,DevTools,US,partner,322,4,1055,97,62,0.5,True,1,False,False,False,True,Basic,0.0,0.25,17,3,9,0.333,3,0.333,33,3589.333,0,0,0,0,0,0.0,4.0,0
A-6da850,2024-03-01,FinTech,IN,organic,146,6,3723,110,34,0.667,False,1,False,False,False,True,Basic,0.333,0.333,5,2,5,0.4,2,0.4,21,3177.5,0,0,0,0,0,0.0,4.0,0
A-6dee43,2024-03-01,FinTech,UK,other,202,3,2730,30,12,0.0,False,0,False,False,False,False,Basic,0.333,0.0,10,2,3,0.667,2,0.667,19,1758.0,0,0,0,0,0,0.0,5.0,0
A-6e08f3,2024-03-01,Cybersecurity,US,event,368,4,6965,77,24,0.75,True,2,False,True,False,False,Enterprise,0.75,0.25,18,2,7,0.286,2,0.286,12,1962.0,0,0,0,0,0,0.0,3.0,0
A-6e7827,2024-03-01,DevTools,US,other,341,3,612,18,9,0.667,True,0,False,False,False,False,Pro,0.0,0.667,2,2,2,1.0,2,1.0,23,999.5,1,0,0,0,0,0.0,0.0,0
A-6f50ae,2024-03-01,FinTech,US,partner,162,4,4503,76,19,0.5,True,1,False,False,False,False,Basic,0.5,0.0,3,3,6,0.5,3,0.6,23,2258.667,1,0,0,0,0,0.0,5.0,0
A-712533,2024-03-01,EdTech,US,organic,214,5,5686,112,36,0.2,False,1,False,False,False,False,Basic,0.4,0.2,12,2,6,0.333,2,0.333,17,3143.0,1,0,0,0,0,0.0,3.0,0
A-712f1c,2024-03-01,DevTools,US,ads,76,4,12595,143,58,0.75,True,1,False,False,False,False,Enterprise,0.5,0.25,8,2,5,0.4,2,0.4,9,1401.5,1,1,0,0,0,43.0,4.0,0
A-726cfa,2024-03-01,DevTools,US,partner,244,10,11591,190,30,0.5,True,1,False,True,False,True,Pro,0.2,0.5,9,1,9,0.111,1,0.125,14,3612.0,0,0,1,0,0,37.0,4.0,0
A-72799b,2024-03-01,DevTools,FR,event,109,3,4360,60,20,0.667,False,1,False,False,False,True,Enterprise,0.667,0.0,1,2,2,1.0,2,1.0,18,4766.0,1,0,1,1,0,12.0,4.0,0
A-756192,2024-03-01,FinTech,IN,other,264,2,931,38,19,1.0,True,1,False,False,False,False,Pro,0.0,1.0,12,4,6,0.667,3,0.6,37,585.0,0,0,0,0,0,0.0,5.0,0
A-7641d3,2024-03-01,EdTech,US,partner,379,3,1744,27,11,1.0,True,1,False,False,False,False,Basic,0.333,0.333,31,0,6,0.0,0,0.0,0,0.0,0,0,1,0,0,70.0,5.0,0
A-779e4e,2024-03-01,HealthTech,US,organic,424,6,24419,161,58,0.333,False,0,False,False,False,False,Enterprise,0.5,0.333,5,3,1,3.0,3,3.0,30,2854.333,1,0,0,0,0,0.0,5.0,0
A-7920cc,2024-03-01,Cybersecurity,FR,ads,99,7,10725,284,50,0.571,False,2,False,True,False,False,Basic,0.143,0.143,2,6,5,1.2,5,1.0,61,3278.0,1,0,0,0,0,0.0,5.0,0
A-794a0b,2024-03-01,HealthTech,DE,organic,273,3,2152,81,35,0.333,True,1,False,False,False,False,Pro,0.0,0.667,7,2,3,0.667,2,0.667,18,3212.0,1,0,0,0,0,0.0,0.0,0
A-798a3f,2024-03-01,DevTools,FR,other,134,3,2977,55,31,0.0,True,1,False,False,False,True,Enterprise,0.667,0.0,4,3,3,1.0,3,1.0,22,2522.0,1,0,1,0,0,45.0,3.0,0
A-7c4956,2024-03-01,DevTools,US,ads,300,6,1702,88,51,0.667,True,2,False,False,False,False,Basic,0.167,0.167,43,0,2,0.0,0,0.0,0,0.0,0,0,0,0,0,0.0,0.0,0
A-7c5768,2024-03-01,HealthTech,UK,event,0,0,0,0,0,0.0,0,0,0,0,0,0,0,0.0,0.0,15,1,6,0.167,1,0.167,10,3430.0,0,0,0,0,0,0.0,5.0,0
A-7d514c,2024-03-01,HealthTech,DE,organic,27,1,0,17,17,1.0,False,1,False,True,False,False,Enterprise,1.0,0.0,9,3,6,0.5,3,0.5,46,4448.667,1,0,0,0,0,0.0,0.0,0
A-7df7a7,2024-03-01,DevTools,US,organic,398,8,17800,214,85,0.75,True,2,False,False,False,False,Enterprise,0.5,0.375,9,3,7,0.429,3,0.429,20,1931.667,1,0,0,0,0,0.0,4.0,0
A-7e0a10,2024-03-01,FinTech,US,ads,104,6,16284,276,46,0.833,True,0,False,True,False,False,Basic,0.167,0.333,10,2,4,0.5,2,0.5,24,4351.5,1,0,1,0,0,68.0,3.0,0
A-7f4db3,2024-03-01,FinTech,US,other,362,7,4308,81,39,0.571,True,1,False,False,False,False,Pro,0.286,0.571,5,3,4,0.75,3,0.6,26,2494.667,1,0,0,0,0,0.0,3.0,0
A-7f6b86,2024-03-01,HealthTech,US,partner,190,4,5951,194,59,0.25,True,1,False,False,False,True,Pro,0.0,0.75,11,2,3,0.667,2,0.667,20,5187.5,0,0,0,0,0,0.0,3.0,0
A-7f8241,2024-03-01,EdTech,US,organic,353,11,23274,400,60,0.455,True,1,False,False,False,False,Basic,0.273,0.364,6,5,4,1.25,4,1.0,61,2386.6,1,0,0,0,0,0.0,0.0,0
A-80eeb6,2024-03-01,Cybersecurity,UK,organic,297,8,30231,249,68,0.75,False,0,False,False,False,False,Enterprise,0.5,0.125,11,3,3,1.0,3,1.0,29,1423.333,1,0,0,0,0,0.0,3.0,0
A-812c5b,2024-03-01,DevTools,CA,organic,5,0,0,0,0,0.0,0,0,0,0,0,0,0,0.0,0.0,0,4,3,1.333,4,1.333,36,2855.0,1,0,0,0,0,0.0,4.0,0
A-8145a0,2024-03-01,Cybersecurity,AU,partner,311,6,13364,116,44,0.667,False,0,False,False,False,False,Enterprise,0.667,0.0,25,1,5,0.2,1,0.167,11,2453.0,0,1,0,0,0,38.0,3.0,0
A-81edc3,2024-03-01,Cybersecurity,IN,ads,123,5,3460,47,18,0.8,True,1,False,False,False,False,Enterprise,0.6,0.4,8,2,9,0.222,2,0.2,15,2806.5,0,0,1,0,0,69.0,3.0,1
A-832ec2,2024-03-01,FinTech,UK,event,103,2,3781,44,25,1.0,True,1,False,False,False,False,Basic,0.5,0.0,11,3,1,3.0,3,3.0,34,3800.333,1,1,0,0,0,20.0,4.0,0
A-84ebe4,2024-03-01,FinTech,US,ads,355,5,8985,93,21,0.0,True,1,False,False,False,False,Enterprise,0.6,0.2,7,2,2,1.0,2,1.0,21,2318.5,1,0,0,0,0,0.0,4.0,0
A-855a48,2024-03-01,EdTech,US,partner,70,2,9479,71,40,0.0,True,0,False,False,True,False,Enterprise,0.5,0.5,23,1,1,1.0,1,1.0,7,1582.0,0,0,0,0,0,0.0,4.0,0
A-856b1e,2024-03-01,FinTech,US,partner,122,5,6321,129,36,1.0,True,0,False,False,False,True,Pro,0.0,1.0,7,1,1,1.0,1,1.0,8,760.0,0,1,1,1,0,51.5,4.0,0
A-86902e,2024-03-01,HealthTech,IN,other,304,5,13431,197,61,0.6,True,2,False,False,False,True,Basic,0.2,0.2,4,4,5,0.8,3,0.75,41,2279.0,1,0,1,0,0,34.0,3.0,0
A-883b7d,2024-03-01,Cybersecurity,IN,other,0,0,0,0,0,0.0,0,0,0,0,0,0,0,0.0,0.0,10,3,6,0.5,3,0.6,46,3436.75,1,0,1,0,1,18.0,4.0,0
A-8adedc,2024-03-01,EdTech,US,event,19,1,11343,57,57,1.0,False,0,False,False,False,False,Enterprise,1.0,0.0,10,4,7,0.571,4,0.5,34,937.5,0,0,0,0,0,0.0,4.0,0
A-8b25f2,2024-03-01,Cybersecurity,US,ads,13,1,0,20,20,1.0,False,1,False,False,False,False,Enterprise,1.0,0.0,8,6,6,1.0,5,0.714,64,1770.857,1,1,1,0,0,35.5,3.0,0
A-8e47ca,2024-03-01,HealthTech,US,organic,15,1,931,19,19,0.0,False,0,False,False,False,False,Pro,0.0,1.0,30,1,6,0.167,1,0.143,8,624.0,0,1,0,0,0,10.0,3.0,0
A-8ed5dd,2024-03-01,EdTech,UK,event,246,6,9804,96,46,0.5,False,0,False,False,False,True,Pro,0.333,0.5,20,1,7,0.143,1,0.143,7,3689.0,0,0,0,0,0,0.0,5.0,0
A-9123ac,2024-03-01,Cybersecurity,DE,organic,255,2,8529,51,42,0.5,False,0,False,False,False,False,Basic,0.5,0.0,2,2,1,2.0,2,2.0,26,1538.0,0,0,1,0,0,66.0,5.0,0
A-91e948,2024-03-01,EdTech,AU,partner,397,5,5576,205,41,0.8,False,1,False,False,False,False,Basic,0.0,0.4,28,1,2,0.5,1,0.5,5,2095.0,1,0,0,0,0,0.0,0.0,0
A-9208f0,2024-03-01,EdTech,US,organic,295,6,3511,87,38,0.5,False,1,False,False,False,False,Basic,0.333,0.167,11,1,7,0.143,1,0.143,16,560.0,1,0,0,0,0,0.0,4.0,0
A-922109,2024-03-01,Cybersecurity,US,ads,35,0,0,0,0,0.0,0,0,0,0,0,0,0,0.0,0.0,0,6,5,1.2,6,1.2,62,2765.714,1,0,0,0,0,0.0,4.0,0
A-9289f6,2024-03-01,EdTech,US,event,275,4,665,57,22,0.5,False,1,False,False,False,False,Basic,0.25,0.0,7,3,6,0.5,3,0.5,23,1974.0,1,0,0,0,0,0.0,3.0,0
A-92a333,2024-03-01,FinTech,US,event,343,3,7424,56,33,0.0,False,0,False,False,False,False,Basic,0.333,0.333,35,0,3,0.0,0,0.0,0,0.0,0,0,0,0,0,0.0,4.0,0
A-940b8b,2024-03-01,HealthTech,DE,organic,0,0,0,0,0,0.0,0,0,0,0,0,0,0,0.0,0.0,6,1,5,0.2,1,0.2,15,7305.0,1,0,0,0,0,0.0,3.0,0
A-94c3cd,2024-03-01,FinTech,CA,other,163,1,0,32,32,0.0,False,1,False,False,False,False,Enterprise,1.0,0.0,2,1,4,0.25,1,0.2,7,3073.0,0,0,0,0,0,0.0,4.0,0
A-94d3da,2024-03-01,HealthTech,US,other,303,8,13735,328,41,0.5,True,3,False,False,False,False,Pro,0.125,0.5,10,3,4,0.75,3,0.75,34,3822.667,1,0,0,0,0,0.0,3.0,0
A-94f8c9,2024-03-01,HealthTech,US,other,0,0,0,0,0,0.0,0,0,0,0,0,0,0,0.0,0.0,6,4,5,0.8,4,0.571,40,2702.75,1,1,0,0,1,22.0,5.0,0
A-95b24a,2024-03-01,FinTech,US,event,269,7,22450,280,47,0.286,True,0,False,False,False,False,Basic,0.286,0.286,15,2,4,0.5,2,0.667,23,4308.5,1,1,0,0,0,9.0,5.0,0
A-96e141,2024-03-01,DevTools,UK,partner,202,2,1568,72,40,1.0,False,1,False,False,False,False,Enterprise,0.5,0.5,9,1,3,0.333,1,0.333,9,630.0,0,0,1,0,0,46.0,4.0,0
A-970c97,2024-03-01,HealthTech,DE,other,0,0,0,0,0,0.0,0,0,0,0,0,0,0,0.0,0.0,9,3,2,1.5,3,1.5,20,1785.667,1,0,0,0,0,0.0,5.0,0
A-9779ad,2024-03-01,Cybersecurity,AU,event,0,0,0,0,0,0.0,0,0,0,0,0,0,0,0.0,0.0,21,2,5,0.4,2,0.4,10,759.0,1,0,0,0,0,0.0,4.0,0
A-977ca0,2024-03-01,HealthTech,IN,partner,375,9,25461,265,92,0.778,True,2,False,False,False,False,Basic,0.222,0.333,0,3,8,0.375,3,0.375,31,3338.0,1,0,0,0,0,0.0,4.0,0
A-98a59a,2024-03-01,FinTech,UK,partner,210,5,10360,280,56,0.6,True,0,False,True,False,False,Pro,0.0,0.6,13,1,4,0.25,1,0.25,9,4860.0,0,0,0,0,0,0.0,4.0,0
A-993085,2024-03-01,HealthTech,US,ads,274,8,33335,275,49,0.375,True,0,False,False,False,False,Enterprise,0.5,0.125,8,2,4,0.5,1,0.25,12,1226.5,1,1,0,0,0,68.0,4.0,0
A-9affe6,2024-03-01,Cybersecurity,US,other,345,6,6580,130,56,0.5,True,0,False,False,False,False,Basic,0.333,0.333,21,2,5,0.4,2,0.4,25,4178.5,0,1,0,0,0,60.0,3.0,0
A-9b9fe9,2024-03-01,EdTech,AU,other,155,5,2857,54,24,0.4,True,1,False,False,False,False,Pro,0.2,0.6,23,1,4,0.25,1,0.2,7,1659.0,0,0,0,0,0,0.0,4.0,0
A-9bfc9f,2024-03-01,DevTools,CA,ads,169,3,3604,159,53,1.0,False,1,False,False,False,True,Pro,0.0,0.667,12,2,4,0.5,2,0.5,25,4902.0,0,2,0,0,0,31.0,3.0,0
A-9c18c4,2024-03-01,HealthTech,US,ads,218,6,12906,84,19,0.5,True,0,False,False,False,False,Enterprise,0.667,0.167,20,1,3,0.333,1,0.333,10,2990.0,0,0,0,0,0,0.0,5.0,0
A-9ee962,2024-03-01,HealthTech,US,ads,367,5,3136,82,30,0.4,True,2,False,False,False,False,Pro,0.0,0.6,11,1,3,0.333,1,0.333,9,5355.0,1,1,0,0,0,64.0,4.0,0
A-9f9299,2024-03-01,FinTech,US,organic,181,3,12516,84,28,0.333,False,0,False,False,False,False,Enterprise,0.667,0.333,0,1,6,0.167,1,0.167,9,1512.0,1,0,0,0,0,0.0,4.0,1
A-a0ca4e,2024-03-01,Cybersecurity,US,ads,0,0,0,0,0,0.0,0,0,0,0,0,0,0,0.0,0.0,17,2,3,0.667,2,0.667,15,3126.0,0,0,0,0,0,0.0,5.0,0
A-a1b80b,2024-03-01,HealthTech,US,organic,95,0,0,0,0,0.0,0,0,0,0,0,0,0,0.0,0.0,11,3,4,0.75,3,0.75,24,1820.667,1,0,1,0,0,34.0,4.0,0
A-a1bbb6,2024-03-01,DevTools,CA,organic,331,7,14402,98,28,0.714,True,0,False,False,False,False,Enterprise,0.571,0.429,24,1,4,0.25,1,0.25,7,1029.0,0,0,1,0,1,36.0,4.0,0
A-a6d261,2024-03-01,FinTech,CA,other,93,5,4969,70,28,0.8,True,1,False,True,False,False,Enterprise,0.4,0.4,5,4,4,1.0,5,1.25,48,3403.6,1,1,0,0,0,1.0,5.0,1
A-a7bd4b,2024-03-01,Cybersecurity,US,ads,380,6,2016,104,48,0.333,True,2,False,False,False,False,Pro,0.167,0.5,4,3,6,0.5,3,0.6,30,1361.333,1,0,0,0,0,0.0,3.0,0
A-a865bd,2024-03-01,Cybersecurity,US,organic,164,1,1862,38,38,1.0,False,0,False,False,False,False,Pro,0.0,1.0,24,2,1,2.0,2,2.0,19,3678.0,0,0,0,0,0,0.0,0.0,1
A-a8b49c,2024-03-01,Cybersecurity,UK,partner,147,6,2054,91,26,0.5,False,2,False,False,False,False,Basic,0.0,0.5,24,1,2,0.5,1,0.5,8,1888.0,0,0,0,0,0,0.0,4.0,0
A-a8d89d,2024-03-01,EdTech,US,ads,84,1,15522,78,78,1.0,False,0,False,False,False,False,Enterprise,1.0,0.0,2,3,2,1.5,3,1.5,24,1650.333,1,0,0,0,0,0.0,4.0,0
A-aa9511,2024-03-01,DevTools,US,other,143,5,32011,199,97,0.6,False,0,False,False,False,False,Enterprise,0.6,0.2,0,5,4,1.25,5,1.25,48,3305.2,1,0,0,0,0,0.0,4.0,0
A-ac14bb,2024-03-01,FinTech,US,partner,175,5,19736,160,71,0.4,True,1,False,False,False,True,Enterprise,0.4,0.4,11,3,5,0.6,3,0.6,29,2901.667,1,0,0,0,0,0.0,0.0,0
A-ac9111,2024-03-01,HealthTech,US,event,202,5,3206,160,56,0.4,False,1,False,False,False,False,Basic,0.2,0.2,2,3,7,0.429,3,0.429,23,3585.333,1,0,0,0,0,0.0,5.0,0
A-acb7f7,2024-03-01,EdTech,US,ads,55,3,13477,103,39,0.333,False,0,False,False,False,False,Enterprise,0.667,0.0,1,3,4,0.75,3,0.75,26,2356.0,0,0,2,0,1,36.5,3.0,1
A-ad3abd,2024-03-01,FinTech,US,event,364,4,11748,176,44,0.5,True,1,False,False,False,False,Basic,0.25,0.25,29,1,0,0.0,1,0.0,6,2982.0,0,0,1,0,1,25.0,3.0,0
A-ae052e,2024-03-01,FinTech,CA,other,172,1,0,39,39,1.0,False,1,False,False,True,False,Pro,0.0,1.0,3,1,6,0.167,1,0.2,7,3395.0,0,0,2,0,1,32.5,3.0,0
A-af0cd2,2024-03-01,Cybersecurity,IN,other,423,7,4085,144,30,0.429,True,1,False,False,False,False,Basic,0.0,0.429,1,4,2,2.0,4,2.0,31,3485.25,1,0,0,0,0,0.0,4.0,0
A-afa505,2024-03-01,DevTools,US,partner,65,2,3430,140,70,0.5,True,1,False,False,False,False,Pro,0.0,1.0,2,2,3,0.667,2,1.0,22,6185.5,0,0,0,0,0,0.0,3.0,1
A-b11cd0,2024-03-01,DevTools,US,ads,406,5,3532,140,36,0.8,False,2,False,False,False,False,Basic,0.0,0.4,12,3,0,0.0,3,0.0,28,1565.667,1,1,1,0,0,26.0,5.0,0
A-b20d99,2024-03-01,HealthTech,IN,other,156,2,4360,40,20,0.5,False,0,False,False,False,False,Basic,0.5,0.0,26,1,3,0.333,1,0.333,9,4356.0,0,0,0,0,0,0.0,4.0,1
A-b2225d,2024-03-01,FinTech,US,ads,0,0,0,0,0,0.0,0,0,0,0,0,0,0,0.0,0.0,2,3,8,0.375,3,0.333,29,3939.0,1,0,0,0,0,0.0,0.0,1
A-b44e3e,2024-03-01,Cybersecurity,UK,ads,18,1,15721,79,79,0.0,False,0,False,True,False,False,Enterprise,1.0,0.0,10,2,4,0.5,2,0.5,20,2228.5,0,0,1,0,1,10.0,4.0,0
A-b7724f,2024-03-01,HealthTech,UK,organic,339,1,627,33,33,1.0,False,0,False,False,False,False,Basic,0.0,0.0,1,4,1,4.0,3,3.0,39,2561.25,1,0,1,0,1,28.0,3.0,0
A-b9eed8,2024-03-01,Cybersecurity,US,organic,7,0,0,0,0,0.0,0,0,0,0,0,0,0,0.0,0.0,3,3,4,0.75,3,0.6,25,1606.333,1,0,0,0,0,0.0,3.0,0
A-b9f5b1,2024-03-01,Cybersecurity,US,other,402,2,0,57,42,0.5,True,2,False,False,False,False,Enterprise,1.0,0.0,40,0,3,0.0,0,0.0,0,0.0,0,0,0,0,0,0.0,3.0,0
A-ba6516,2024-03-01,FinTech,US,ads,124,2,5886,54,27,0.5,False,0,False,False,False,True,Basic,0.5,0.0,10,3,8,0.375,3,0.333,33,3621.667,0,0,0,0,0,0.0,5.0,1
A-bad8c1,2024-03-01,FinTech,AU,organic,366,5,5832,178,60,0.8,False,2,False,True,False,True,Enterprise,0.4,0.4,4,3,1,3.0,3,3.0,34,4189.333,1,0,0,0,0,0.0,0.0,0
A-bb2f49,2024-03-01,Cybersecurity,US,other,278,6,15900,158,68,0.667,False,1,False,False,False,True,Pro,0.333,0.667,3,4,5,0.8,4,0.667,42,2984.5,1,0,1,0,0,35.0,4.0,0
A-bb3bd4,2024-03-01,HealthTech,US,ads,34,0,0,0,0,0.0,0,0,0,0,0,0,0,0.0,0.0,21,3,3,1.0,3,0.75,30,2442.0,1,1,2,0,1,54.667,4.0,0
A-bbe56f,2024-03-01,HealthTech,US,ads,379,2,4578,42,21,0.5,False,0,False,False,False,False,Basic,0.5,0.0,70,0,2,0.0,0,0.0,0,0.0,0,0,0,0,0,0.0,0.0,0
A-bcf664,2024-03-01,DevTools,US,other,287,7,6369,184,59,0.571,False,2,False,False,False,False,Basic,0.143,0.143,0,4,3,1.333,4,1.0,39,1905.25,1,0,1,1,0,69.0,5.0,0
A-bece89,2024-03-01,Cybersecurity,IN,event,91,2,6546,54,28,0.5,False,0,False,False,False,False,Enterprise,0.5,0.5,89,0,1,0.0,0,0.0,0,0.0,0,2,0,0,1,39.5,3.0,0
A-c16b88,2024-03-01,HealthTech,US,event,90,0,0,0,0,0.0,0,0,0,0,0,0,0,0.0,0.0,16,2,6,0.333,2,0.333,16,2275.5,1,0,0,0,0,0.0,4.0,0
A-c1dfe1,2024-03-01,DevTools,DE,ads,207,3,1615,85,33,0.667,True,0,False,True,False,False,Basic,0.0,0.0,1,2,5,0.4,2,0.4,20,3771.0,1,0,1,0,1,33.0,4.0,0
A-c45b23,2024-03-01,FinTech,UK,partner,84,3,740,20,8,1.0,False,0,False,False,False,False,Pro,0.0,0.667,13,2,2,1.0,2,1.0,30,6369.0,0,0,0,0,0,0.0,0.0,1
A-c4ea60,2024-03-01,FinTech,DE,other,358,3,1254,124,58,0.333,True,1,False,False,False,False,Basic,0.0,0.0,12,1,7,0.143,1,0.143,9,3429.0,1,0,0,0,0,0.0,5.0,0
A-c608c8,2024-03-01,DevTools,DE,ads,309,3,2330,20,11,0.333,False,0,False,False,False,False,Enterprise,0.667,0.333,23,1,3,0.333,1,0.333,11,2431.0,0,0,0,0,0,0.0,3.0,0
A-c62e55,2024-03-01,EdTech,US,partner,387,4,5433,117,56,0.25,True,0,False,False,False,False,Pro,0.0,0.75,21,2,3,0.667,2,0.667,31,8501.0,0,1,0,0,1,21.0,4.0,0
A-c7e58b,2024-03-01,HealthTech,IN,other,250,2,1450,10,7,0.5,True,0,False,False,False,False,Basic,0.5,0.0,45,0,3,0.0,0,0.0,0,0.0,0,0,2,0,0,39.0,4.0,0
A-c7ffc2,2024-03-01,Cybersecurity,US,partner,399,7,22101,339,132,0.571,True,0,False,False,False,False,Basic,0.286,0.286,15,2,2,1.0,2,1.0,23,2777.0,0,1,0,0,0,65.0,3.0,0
A-c9bb3e,2024-03-01,EdTech,US,ads,0,0,0,0,0,0.0,0,0,0,0,0,0,0,0.0,0.0,20,3,3,1.0,3,1.0,34,2001.667,1,0,1,0,1,29.0,4.0,0
A-cab532,2024-03-01,DevTools,FR,organic,333,5,10872,136,58,0.8,True,1,False,False,False,False,Enterprise,0.8,0.2,0,4,10,0.4,4,0.4,37,3188.25,1,0,0,0,0,0.0,0.0,0
A-cb5333,2024-03-01,DevTools,US,ads,0,0,0,0,0,0.0,0,0,0,0,0,0,0,0.0,0.0,13,2,6,0.333,2,0.333,27,1761.0,0,0,0,0,0,0.0,3.0,0
A-cb6cc6,2024-03-01,DevTools,US,ads,333,3,513,40,14,0.333,True,1,False,False,False,False,Basic,0.333,0.0,23,2,3,0.667,2,0.667,15,3931.0,1,0,0,0,0,0.0,0.0,0
A-cbbe12,2024-03-01,Cybersecurity,DE,partner,345,3,1960,120,40,0.667,False,2,False,False,False,False,Pro,0.0,1.0,100,0,0,0.0,0,0.0,0,0.0,0,1,0,0,0,39.0,4.0,0
A-cc98bc,2024-03-01,DevTools,US,ads,282,7,17353,249,57,0.571,True,1,False,False,False,False,Basic,0.429,0.143,5,3,7,0.429,3,0.5,45,4728.333,1,0,0,0,0,0.0,4.0,0
A-ccabf0,2024-03-01,HealthTech,IN,organic,116,5,19570,130,59,0.6,False,0,False,False,False,False,Enterprise,0.6,0.4,15,1,6,0.167,1,0.167,8,3464.0,1,0,0,0,0,0.0,3.0,0
A-ccb686,2024-03-01,DevTools,US,other,39,2,3234,66,52,0.0,True,0,False,False,False,False,Pro,0.0,1.0,20,3,4,0.75,3,0.75,25,1406.667,0,0,0,0,0,0.0,4.0,0
A-ccc747,2024-03-01,HealthTech,FR,event,49,0,0,0,0,0.0,0,0,0,0,0,0,0,0.0,0.0,9,1,2,0.5,1,0.5,7,2163.0,0,0,0,0,0,0.0,4.0,0
A-cdf020,2024-03-01,DevTools,AU,organic,198,3,5635,115,45,0.333,True,0,False,False,False,False,Pro,0.0,1.0,17,1,2,0.5,1,0.5,5,2355.0,1,0,1,0,0,2.0,5.0,0
A-ce66f8,2024-03-01,EdTech,CA,event,191,1,551,29,29,1.0,False,0,False,False,False,False,Basic,0.0,0.0,25,2,6,0.333,2,0.333,25,5997.0,1,0,0,0,0,0.0,3.0,0
A-d49cc5,2024-03-01,Cybersecurity,FR,event,164,1,950,50,50,0.0,False,0,False,False,False,False,Basic,0.0,0.0,33,0,4,0.0,0,0.0,0,0.0,0,0,0,0,0,0.0,0.0,0
A-d5a319,2024-03-01,FinTech,US,other,302,7,15577,163,70,0.286,True,2,False,False,False,True,Basic,0.143,0.286,20,1,2,0.5,1,0.5,11,2585.0,0,0,0,0,0,0.0,0.0,0
A-d77f4c,2024-03-01,DevTools,US,partner,158,3,1573,78,41,0.667,False,1,False,False,False,False,Basic,0.0,0.333,0,4,6,0.667,4,0.667,25,1116.75,1,0,0,0,0,0.0,5.0,0
A-d792a6,2024-03-01,DevTools,US,organic,403,11,9122,150,37,0.455,True,3,False,False,False,False,Basic,0.364,0.273,14,1,7,0.143,1,0.167,9,3294.0,0,1,0,0,1,45.0,4.0,0
A-d922bf,2024-03-01,HealthTech,US,ads,175,3,12338,67,32,0.333,False,1,False,False,False,False,Enterprise,0.667,0.0,17,3,1,3.0,3,3.0,41,1863.333,1,1,3,0,0,34.5,3.0,0
A-dbc825,2024-03-01,EdTech,FR,partner,54,2,7562,38,19,0.0,True,0,False,False,False,True,Enterprise,1.0,0.0,22,1,6,0.167,1,0.167,7,3612.0,0,0,0,0,0,0.0,3.0,0
A-dcc2f0,2024-03-01,FinTech,UK,organic,223,7,10649,120,25,0.714,False,1,False,False,False,False,Enterprise,0.571,0.143,10,5,7,0.714,6,0.857,60,2600.667,1,0,0,0,0,0.0,4.0,0
A-dcc3f1,2024-03-01,HealthTech,US,event,65,2,2898,72,51,1.0,False,0,False,False,False,False,Basic,0.0,0.5,52,0,3,0.0,0,0.0,0,0.0,0,0,1,0,1,30.0,5.0,0
A-de58ca,2024-03-01,HealthTech,DE,organic,323,8,15721,354,105,0.375,True,2,False,False,False,False,Pro,0.25,0.5,28,1,5,0.2,1,0.2,12,696.0,0,0,2,0,0,32.5,3.0,0
A-dec005,2024-03-01,HealthTech,US,partner,140,2,6169,52,31,0.5,True,1,False,False,False,False,Basic,0.5,0.0,18,1,5,0.2,1,0.2,10,4120.0,0,0,0,0,0,0.0,3.0,0
A-df10db,2024-03-01,DevTools,US,other,269,5,1178,32,14,0.6,True,0,False,False,False,True,Basic,0.2,0.2,19,1,5,0.2,1,0.2,11,6336.0,0,0,1,1,0,68.0,3.0,0
A-df1e44,2024-03-01,Cybersecurity,UK,organic,7,0,0,0,0,0.0,0,0,0,0,0,0,0,0.0,0.0,26,1,2,0.5,1,0.5,14,5320.0,0,0,0,0,0,0.0,5.0,0
A-dfbd31,2024-03-01,DevTools,UK,partner,88,3,2786,52,24,0.667,True,2,False,False,False,False,Enterprise,0.667,0.333,0,3,5,0.6,3,0.6,26,2891.333,0,0,1,0,0,45.0,5.0,0
A-e1462e,2024-03-01,FinTech,UK,partner,355,4,9491,87,29,0.5,True,1,False,False,False,False,Enterprise,0.5,0.25,13,3,1,3.0,4,4.0,39,4110.0,0,0,0,0,0,0.0,4.0,0
A-e19ff6,2024-03-01,Cybersecurity,UK,partner,217,2,874,46,38,0.0,False,0,False,False,False,False,Basic,0.0,0.0,1,3,3,1.0,3,0.75,31,3622.0,1,0,1,0,0,9.0,5.0,0
A-e1b9cd,2024-03-01,DevTools,US,event,369,9,30842,458,100,0.444,True,0,True,False,True,False,Pro,0.222,0.444,1,6,3,2.0,6,2.0,65,2995.167,1,0,0,0,0,0.0,3.0,0
A-e2cd1b,2024-03-01,DevTools,US,other,26,1,836,44,44,1.0,False,0,False,False,False,False,Basic,0.0,0.0,5,5,6,0.833,4,0.667,52,3185.2,0,0,0,0,0,0.0,4.0,0
A-e3bd71,2024-03-01,Cybersecurity,US,partner,342,4,19096,124,31,0.75,True,0,False,False,False,False,Enterprise,0.75,0.0,3,2,5,0.4,2,0.4,19,5348.0,1,0,1,0,0,16.0,3.0,0
A-e43bf7,2024-03-01,Cybersecurity,AU,other,343,4,26998,202,70,0.5,True,0,False,True,False,False,Enterprise,0.5,0.5,54,0,2,0.0,0,0.0,0,0.0,0,0,0,0,0,0.0,0.0,0
A-e51ec7,2024-03-01,FinTech,CA,partner,160,1,4975,25,25,1.0,False,0,False,False,False,False,Enterprise,1.0,0.0,10,4,4,1.0,4,0.8,46,3418.75,0,0,0,0,0,0.0,4.0,0
A-e5d6ab,2024-03-01,EdTech,US,partner,321,5,4996,81,35,0.6,False,1,False,False,False,False,Basic,0.2,0.2,17,2,2,1.0,2,1.0,25,3050.0,0,0,0,0,0,0.0,4.0,0
A-e61e98,2024-03-01,FinTech,US,partner,133,5,5065,147,40,0.6,True,1,False,False,False,False,Pro,0.0,0.8,10,2,2,1.0,2,1.0,18,1443.0,0,1,0,0,0,24.0,5.0,0
A-e693b6,2024-03-01,FinTech,AU,event,281,3,6435,165,55,0.333,False,0,False,False,False,False,Pro,0.0,0.667,43,0,6,0.0,0,0.0,0,0.0,0,0,0,0,0,0.0,3.0,0
A-e6afc1,2024-03-01,DevTools,US,ads,371,6,15086,222,68,0.833,True,1,False,False,False,False,Pro,0.167,0.5,0,2,6,0.333,2,0.333,11,1602.5,1,0,0,0,0,0.0,0.0,0
A-e7beab,2024-03-01,EdTech,DE,organic,133,3,6368,90,58,0.667,False,1,False,False,False,False,Enterprise,1.0,0.0,6,1,3,0.333,1,0.333,17,7344.0,0,0,0,0,0,0.0,3.0,0
A-e83938,2024-03-01,DevTools,UK,other,101,1,3184,16,16,1.0,False,0,False,True,False,False,Enterprise,1.0,0.0,10,4,0,0.0,5,0.0,41,2809.0,1,0,1,0,0,8.0,4.0,0
A-e888d1,2024-03-01,Cybersecurity,US,other,339,4,7394,136,54,0.75,True,1,False,False,False,False,Basic,0.5,0.0,14,2,3,0.667,2,0.667,14,3036.0,1,1,2,1,1,33.333,3.0,0
A-e89151,2024-03-01,FinTech,UK,organic,169,2,3184,16,8,0.0,True,0,False,True,False,False,Enterprise,1.0,0.0,2,3,3,1.0,3,0.75,36,2125.0,1,0,0,0,0,0.0,0.0,0
A-e98302,2024-03-01,EdTech,US,ads,66,2,7648,52,34,0.0,False,0,False,False,False,False,Enterprise,0.5,0.5,87,0,1,0.0,0,0.0,0,0.0,0,0,0,0,0,0.0,4.0,0
A-eafc6e,2024-03-01,DevTools,US,partner,239,2,8089,61,34,0.5,False,0,False,False,False,False,Enterprise,0.5,0.5,0,3,4,0.75,2,0.5,25,1378.667,1,0,0,0,0,0.0,4.0,0
A-eb2fdc,2024-03-01,DevTools,AU,organic,101,1,1519,31,31,1.0,True,0,False,False,False,False,Pro,0.0,1.0,52,0,6,0.0,0,0.0,0,0.0,0,0,1,0,0,46.0,4.0,0
A-eb7c38,2024-03-01,DevTools,AU,organic,5,0,0,0,0,0.0,0,0,0,0,0,0,0,0.0,0.0,9,3,6,0.5,3,0.6,31,4773.0,1,0,0,0,0,0.0,4.0,1
A-eb7fac,2024-03-01,DevTools,US,organic,125,3,27995,155,136,0.667,True,0,False,False,False,False,Pro,0.333,0.667,13,3,2,1.5,3,1.5,36,2551.667,1,0,1,0,0,71.0,4.0,0
A-ed510f,2024-03-01,Cybersecurity,IN,partner,409,5,13272,210,42,0.2,True,1,False,False,False,True,Enterprise,0.4,0.4,6,2,4,0.5,2,0.4,22,5453.5,0,0,0,0,0,0.0,4.0,0
A-ee42db,2024-03-01,EdTech,DE,ads,311,8,2775,144,33,0.5,True,3,False,False,False,False,Basic,0.0,0.5,6,1,3,0.333,1,0.333,5,1780.0,0,1,1,0,0,32.0,3.0,1
A-f03140,2024-03-01,DevTools,IN,event,100,2,1836,54,27,0.0,True,0,False,False,False,False,Basic,0.0,0.5,9,3,7,0.429,3,0.3,36,3994.333,1,1,1,0,0,24.5,5.0,0
A-f17767,2024-03-01,DevTools,US,event,396,10,14176,154,39,0.6,False,0,False,False,False,True,Pro,0.2,0.6,12,5,7,0.714,5,0.714,44,2142.4,0,0,1,0,1,9.0,5.0,0
A-f19409,2024-03-01,DevTools,US,other,351,3,8399,101,44,0.0,False,0,False,False,False,False,Pro,0.333,0.667,44,0,5,0.0,0,0.0,0,0.0,0,0,0,0,0,0.0,4.0,0
A-f1f639,2024-03-01,EdTech,US,ads,369,3,1128,12,5,1.0,False,0,False,False,False,True,Basic,0.333,0.0,123,0,0,0.0,0,0.0,0,0.0,0,0,1,0,0,3.0,5.0,0
A-f25509,2024-03-01,EdTech,US,other,0,0,0,0,0,0.0,0,0,0,0,0,0,0,0.0,0.0,10,2,2,1.0,1,0.5,18,4729.5,1,0,0,0,0,0.0,5.0,0
A-f44180,2024-03-01,Cybersecurity,UK,event,382,6,27661,139,89,0.333,True,0,False,False,False,False,Enterprise,1.0,0.0,17,3,6,0.5,3,0.6,22,1943.667,1,0,0,0,0,0.0,0.0,0
A-f446b6,2024-03-01,DevTools,DE,ads,294,4,5773,67,30,0.5,True,0,False,False,False,False,Basic,0.5,0.0,10,1,5,0.2,1,0.2,10,280.0,0,0,2,0,1,30.0,4.0,0
A-f51f16,2024-03-01,HealthTech,US,partner,67,2,532,28,24,1.0,False,0,False,True,False,False,Basic,0.0,0.0,8,1,5,0.2,1,0.167,13,4745.0,1,0,0,0,0,0.0,3.0,0
A-f97b9a,2024-03-01,FinTech,US,event,236,3,3781,51,19,1.0,True,2,False,False,False,False,Enterprise,1.0,0.0,7,2,5,0.4,2,0.4,22,2970.5,1,0,0,0,0,0.0,4.0,0
A-fa3095,2024-03-01,FinTech,US,ads,180,4,31290,280,70,0.5,False,1,False,False,False,False,Enterprise,0.75,0.25,15,1,3,0.333,1,0.333,8,912.0,0,0,0,0,0,0.0,5.0,0
A-faa28c,2024-03-01,HealthTech,US,organic,31,5,15089,257,65,0.4,True,2,False,True,False,False,Enterprise,0.4,0.4,0,8,3,2.667,7,2.333,77,2575.75,1,0,1,0,0,44.0,4.0,0
A-fdfc91,2024-03-01,Cybersecurity,US,ads,300,3,1653,87,29,0.333,False,0,False,False,False,False,Basic,0.0,0.0,8,3,7,0.429,3,0.429,30,3182.667,0,1,0,0,1,53.0,4.0,0
A-ff3c73,2024-03-01,HealthTech,AU,other,400,5,2682,154,66,0.2,True,2,False,False,False,False,Basic,0.2,0.2,16,2,0,0.0,2,0.0,15,2032.5,1,0,0,0,0,0.0,3.0,0
A-00bed1,2024-04-01,Cybersecurity,US,ads,139,1,1159,61,61,0.0,False,0,False,False,False,False,Basic,0.0,0.0,5,2,4,0.5,2,0.5,17,2882.5,0,1,0,0,1,28.0,4.0,0
A-00cac8,2024-04-01,HealthTech,AU,organic,199,3,905,35,19,0.333,False,0,False,False,False,False,Basic,0.0,0.333,22,1,8,0.125,1,0.1,17,1955.0,0,0,0,0,0,0.0,4.0,0
A-019782,2024-04-01,DevTools,FR,event,348,6,7548,83,17,0.167,True,1,False,False,False,False,Basic,0.333,0.333,16,3,5,0.6,3,0.6,32,2689.0,0,0,0,0,0,0.0,0.0,0
A-029f69,2024-04-01,Cybersecurity,CA,event,25,0,0,0,0,0.0,0,0,0,0,0,0,0,0.0,0.0,3,4,8,0.5,4,0.5,36,3249.0,1,0,0,0,0,0.0,4.0,0
A-02cd81,2024-04-01,HealthTech,IN,other,4,2,1672,88,44,0.0,True,0,False,False,False,False,Basic,0.0,0.0,8,5,4,1.25,5,1.0,53,3573.8,1,1,1,0,1,21.5,5.0,1
A-02fac6,2024-04-01,FinTech,US,event,361,3,6534,66,22,0.667,False,0,False,False,False,False,Pro,0.333,0.667,12,2,5,0.4,2,0.4,26,5732.0,1,0,1,0,1,34.0,5.0,0
A-034368,2024-04-01,EdTech,US,event,148,1,0,19,19,1.0,False,1,False,False,False,False,Basic,0.0,0.0,106,0,0,0.0,0,0.0,0,0.0,0,0,0,0,0,0.0,5.0,0
A-054577,2024-04-01,EdTech,UK,ads,0,0,0,0,0,0.0,0,0,0,0,0,0,0,0.0,0.0,12,4,6,0.667,4,0.571,28,2598.0,1,0,0,0,0,0.0,4.0,0
A-05d3b3,2024-04-01,DevTools,AU,ads,309,8,7761,163,55,0.375,True,2,False,False,False,False,Basic,0.25,0.25,11,3,6,0.5,3,0.429,22,2363.0,1,0,0,0,0,0.0,4.0,0
A-05f0e5,2024-04-01,FinTech,US,partner,333,5,10902,198,56,0.0,True,0,False,False,False,False,Basic,0.2,0.2,28,2,4,0.5,2,0.5,15,641.0,0,0,0,0,0,0.0,4.0,0
A-068fc6,2024-04-01,EdTech,US,event,259,3,2380,105,35,0.667,False,1,False,True,False,False,Pro,0.0,0.667,7,2,7,0.286,2,0.333,15,2047.5,0,0,0,0,0,0.0,4.0,0
A-075038,2024-04-01,HealthTech,UK,ads,325,7,9486,244,103,0.429,True,2,False,False,False,False,Pro,0.0,0.857,23,2,6,0.333,2,0.286,19,5363.0,0,0,0,0,0,0.0,3.0,0
A-089363,2024-04-01,FinTech,AU,event,331,4,3843,88,40,0.75,True,1,False,False,False,False,Enterprise,0.5,0.25,18,3,6,0.5,3,0.5,37,2901.0,1,0,0,0,0,0.0,3.0,0
A-098560,2024-04-01,DevTools,UK,ads,163,3,2303,70,35,0.667,True,1,False,False,False,False,Pro,0.0,1.0,6,2,1,2.0,2,2.0,14,1886.5,1,0,0,0,0,0.0,3.0,0
A-0dbdc6,2024-04-01,Cybersecurity,DE,other,414,3,1140,90,30,0.667,False,1,False,False,False,False,Basic,0.0,0.333,34,0,9,0.0,0,0.0,0,0.0,0,0,0,0,0,0.0,4.0,1
A-0f3e88,2024-04-01,HealthTech,US,other,253,5,4160,80,24,0.8,False,0,False,False,False,False,Basic,0.2,0.2,7,3,4,0.75,3,0.75,37,3854.667,0,0,0,0,0,0.0,5.0,0
A-10b8da,2024-04-01,DevTools,US,partner,329,2,3649,31,17,0.5,True,0,False,False,False,False,Basic,0.5,0.0,37,0,3,0.0,0,0.0,0,0.0,0,0,0,0,0,0.0,4.0,0
A-10b8f2,2024-04-01,HealthTech,DE,organic,446,8,17057,387,54,0.25,True,2,False,False,False,False,Basic,0.125,0.25,6,4,6,0.667,4,0.8,37,2514.0,1,0,1,0,0,12.0,3.0,0
A-13466a,2024-04-01,DevTools,AU,event,162,2,7998,42,40,0.5,True,0,False,False,False,False,Basic,0.5,0.0,34,0,2,0.0,0,0.0,0,0.0,0,0,0,0,0,0.0,5.0,1
A-151c9a,2024-04-01,FinTech,US,ads,430,3,7125,75,29,0.667,False,0,False,False,False,False,Pro,0.333,0.667,5,2,5,0.4,2,0.333,26,7417.0,1,0,0,0,0,0.0,0.0,0
A-157070,2024-04-01,FinTech,US,ads,144,5,11677,103,35,0.6,False,0,False,False,False,True,Basic,0.4,0.2,4,2,5,0.4,2,0.4,14,4051.5,1,0,0,0,0,0.0,4.0,0
A-158f4e,2024-04-01,FinTech,IN,other,395,9,27572,549,61,0.444,True,1,False,False,False,False,Pro,0.111,0.556,16,1,0,0.0,1,0.0,15,6720.0,0,0,0,0,0,0.0,4.0,0
A-180abf,2024-04-01,DevTools,US,event,231,3,15872,192,64,0.333,True,1,False,False,False,False,Basic,0.333,0.333,1,2,5,0.4,2,0.4,15,1497.0,1,0,1,0,0,34.0,3.0,0
A-186a44,2024-04-01,HealthTech,US,ads,238,3,1740,60,20,0.0,True,0,False,False,False,False,Basic,0.0,0.333,1,8,3,2.667,8,2.667,74,2507.375,0,1,1,0,0,30.5,3.0,0
A-1986ca,2024-04-01,HealthTech,IN,ads,427,3,7960,60,20,0.667,True,1,False,False,False,False,Enterprise,1.0,0.0,55,0,3,0.0,0,0.0,0,0.0,0,0,0,0,0,0.0,4.0,0
A-19b2c8,2024-04-01,DevTools,IN,other,300,8,15715,175,33,0.5,True,0,False,False,False,False,Basic,0.375,0.25,7,3,6,0.5,4,0.667,35,1797.25,1,0,0,0,0,0.0,5.0,0
A-1b707d,2024-04-01,Cybersecurity,US,organic,262,3,4164,36,16,0.667,True,0,False,False,False,False,Pro,0.333,0.667,15,1,1,1.0,1,1.0,9,837.0,0,0,0,0,0,0.0,4.0,0
A-1b9609,2024-04-01,EdTech,IN,ads,172,5,3160,100,49,0.8,True,0,False,False,False,False,Basic,0.2,0.2,0,4,4,1.0,4,1.0,45,2561.5,1,0,1,0,0,29.0,4.0,0
A-1d5444,2024-04-01,Cybersecurity,US,partner,74,1,456,24,24,0.0,False,0,False,False,False,False,Basic,0.0,0.0,18,2,4,0.5,2,0.5,25,2547.5,1,0,0,0,0,0.0,0.0,0
A-1e1b80,2024-04-01,FinTech,CA,other,202,6,34347,303,53,0.5,True,0,False,False,False,False,Enterprise,0.5,0.167,16,2,4,0.5,2,0.5,15,1099.5,1,1,1,0,0,29.0,3.0,0
A-1e50e0,2024-04-01,Cybersecurity,DE,other,405,3,8583,136,98,0.667,True,1,False,False,False,False,Enterprise,0.667,0.333,88,0,1,0.0,0,0.0,0,0.0,0,0,0,0,0,0.0,0.0,1
A-1e6fc3,2024-04-01,EdTech,FR,other,117,2,245,6,5,0.5,False,1,False,False,False,False,Basic,0.0,0.5,22,1,2,0.5,1,0.5,13,3757.0,0,1,0,0,0,33.0,3.0,0
A-1f0636,2024-04-01,EdTech,AU,partner,91,3,0,315,105,0.0,False,3,False,False,False,True,Pro,0.0,0.667,0,4,5,0.8,5,1.0,48,3668.4,1,0,0,0,0,0.0,0.0,0
A-1f0ac7,2024-04-01,HealthTech,UK,other,218,2,5952,48,24,0.5,True,0,False,False,False,False,Enterprise,0.5,0.5,28,1,2,0.5,1,0.5,15,2940.0,0,0,0,0,0,0.0,4.0,0
A-1f559b,2024-04-01,HealthTech,US,organic,210,4,5970,60,26,0.5,True,0,False,False,True,False,Basic,0.25,0.25,52,0,3,0.0,0,0.0,0,0.0,0,0,1,0,0,62.0,4.0,0
A-1f7acb,2024-04-01,FinTech,UK,ads,239,3,15168,192,64,0.667,True,0,False,False,False,False,Basic,0.333,0.0,13,2,2,1.0,3,1.5,32,3679.667,1,0,1,0,0,13.0,5.0,0
A-202b67,2024-04-01,HealthTech,US,organic,10,1,539,11,11,1.0,False,0,False,False,False,False,Pro,0.0,1.0,56,0,2,0.0,0,0.0,0,0.0,0,0,1,0,0,35.0,5.0,0
A-20736a,2024-04-01,EdTech,IN,organic,16,0,0,0,0,0.0,0,0,0,0,0,0,0,0.0,0.0,19,1,7,0.143,1,0.125,18,2142.0,0,0,1,0,1,25.0,3.0,0
A-22d9d2,2024-04-01,DevTools,FR,event,10,2,2994,66,58,1.0,False,0,False,True,False,False,Basic,0.0,0.5,0,3,5,0.6,3,0.6,31,3291.0,1,0,1,0,0,19.0,5.0,0
A-2446e3,2024-04-01,EdTech,IN,organic,82,1,1323,27,27,1.0,False,0,False,False,True,False,Pro,0.0,1.0,20,1,7,0.143,1,0.167,12,396.0,0,0,1,0,1,6.0,3.0,0
A-249769,2024-04-01,Cybersecurity,US,event,0,0,0,0,0,0.0,0,0,0,0,0,0,0,0.0,0.0,23,1,2,0.5,1,0.5,16,1904.0,0,0,0,0,0,0.0,0.0,0
A-271f46,2024-04-01,DevTools,US,event,417,3,1444,114,38,0.667,False,1,False,False,False,False,Basic,0.0,0.333,50,0,4,0.0,0,0.0,0,0.0,0,0,0,0,0,0.0,4.0,0
A-296d7c,2024-04-01,DevTools,DE,other,145,1,114,6,6,0.0,False,0,False,False,False,False,Basic,0.0,0.0,42,0,6,0.0,0,0.0,0,0.0,0,0,0,0,0,0.0,4.0,0
A-297a2d,2024-04-01,HealthTech,UK,event,332,3,8487,90,36,0.333,True,1,False,True,False,False,Basic,0.333,0.333,32,0,5,0.0,0,0.0,0,0.0,0,0,0,0,0,0.0,3.0,0
A-2b9d3e,2024-04-01,EdTech,US,partner,302,4,2086,45,18,0.25,False,1,False,True,False,False,Enterprise,0.5,0.25,1,4,3,1.333,4,1.333,55,6615.25,0,1,0,0,0,28.0,5.0,0
A-2bc93d,2024-04-01,HealthTech,US,event,384,7,25557,243,95,0.429,False,0,False,False,False,False,Enterprise,0.571,0.143,12,2,6,0.333,2,0.286,14,637.0,1,0,0,0,0,0.0,4.0,0
A-2d4502,2024-04-01,FinTech,IN,event,0,0,0,0,0,0.0,0,0,0,0,0,0,0,0.0,0.0,8,5,4,1.25,5,1.25,53,2030.4,1,0,0,0,0,0.0,5.0,0
A-2e3bad,2024-04-01,FinTech,CA,other,232,4,18117,244,61,0.5,True,1,False,False,False,False,Enterprise,0.5,0.5,10,1,3,0.333,1,0.333,9,3195.0,1,0,2,0,0,18.5,3.0,0
A-2ebb4b,2024-04-01,HealthTech,US,ads,322,5,15723,229,65,0.6,False,2,False,False,False,False,Basic,0.2,0.2,3,3,5,0.6,4,0.667,34,1837.75,1,0,0,0,0,0.0,3.0,0
A-2edab2,2024-04-01,HealthTech,US,event,136,5,3145,85,17,0.6,True,0,False,False,False,False,Pro,0.0,0.6,31,0,6,0.0,0,0.0,0,0.0,0,0,0,0,0,0.0,3.0,0
A-313be3,2024-04-01,EdTech,US,partner,138,3,11656,141,47,0.0,True,1,False,False,False,False,Enterprise,0.667,0.333,12,2,3,0.667,2,0.667,20,3575.0,0,0,0,0,0,0.0,4.0,0
A-31ab9a,2024-04-01,FinTech,DE,organic,29,2,882,18,15,0.5,False,0,False,False,False,False,Basic,0.5,0.0,1,1,1,1.0,1,0.5,12,3156.0,0,0,1,0,0,47.0,4.0,0
A-32728c,2024-04-01,DevTools,US,event,454,5,3320,100,20,0.6,False,1,False,False,False,False,Pro,0.2,0.6,16,1,4,0.25,1,0.333,8,2688.0,0,0,0,0,0,0.0,4.0,0
A-328bd0,2024-04-01,HealthTech,AU,partner,321,8,8478,190,39,0.75,True,1,False,False,False,False,Basic,0.125,0.25,14,1,2,0.5,1,0.5,7,1085.0,0,1,1,0,0,43.5,3.0,0
A-32fb14,2024-04-01,DevTools,US,event,391,6,2926,180,47,0.333,True,1,False,False,False,False,Basic,0.0,0.0,0,2,6,0.333,2,0.4,25,904.0,0,0,0,0,0,0.0,4.0,1
A-331424,2024-04-01,DevTools,US,organic,147,3,2398,33,11,0.333,True,1,False,False,False,False,Basic,0.333,0.333,4,2,2,1.0,2,1.0,18,1779.0,0,0,0,0,0,0.0,4.0,0
A-337bc1,2024-04-01,Cybersecurity,US,organic,257,3,14405,95,34,0.667,False,0,False,False,False,False,Enterprise,0.667,0.333,1,1,3,0.333,1,0.333,15,4980.0,0,0,0,0,0,0.0,4.0,0
A-342303,2024-04-01,EdTech,US,other,16,0,0,0,0,0.0,0,0,0,0,0,0,0,0.0,0.0,120,0,0,0.0,0,0.0,0,0.0,0,1,0,0,0,10.0,4.0,0
A-34d880,2024-04-01,Cybersecurity,AU,ads,0,0,0,0,0,0.0,0,0,0,0,0,0,0,0.0,0.0,4,3,2,1.5,3,1.5,36,4551.0,1,0,0,0,0,0.0,3.0,0
A-35083d,2024-04-01,HealthTech,IN,partner,339,6,8683,135,34,0.5,True,2,False,False,False,False,Basic,0.5,0.0,39,0,7,0.0,0,0.0,0,0.0,0,0,0,0,0,0.0,5.0,0
A-3793ee,2024-04-01,Cybersecurity,CA,organic,377,5,7203,245,49,0.6,False,2,False,False,False,False,Pro,0.4,0.6,24,1,1,1.0,1,1.0,10,1640.0,0,0,0,0,0,0.0,4.0,0
A-37f969,2024-04-01,HealthTech,IN,partner,170,4,9879,141,51,0.75,True,0,False,False,False,True,Pro,0.25,0.5,26,1,0,0.0,1,0.0,13,2899.0,0,0,0,0,0,0.0,4.0,0
A-3932db,2024-04-01,HealthTech,CA,other,180,3,1577,83,41,1.0,False,0,False,False,True,True,Basic,0.0,0.0,4,3,3,1.0,3,0.75,24,1211.0,1,0,1,0,0,19.0,5.0,0
A-39868b,2024-04-01,FinTech,AU,partner,15,0,0,0,0,0.0,0,0,0,0,0,0,0,0.0,0.0,51,0,2,0.0,0,0.0,0,0.0,0,1,2,0,1,31.667,5.0,0
A-39b19f,2024-04-01,FinTech,US,partner,423,6,15558,192,55,0.667,True,0,False,False,False,False,Pro,0.167,0.833,21,1,5,0.2,1,0.2,15,1440.0,1,0,0,0,0,0.0,4.0,0
A-3a5ad8,2024-04-01,HealthTech,US,organic,118,5,8529,69,31,0.4,False,2,False,False,True,False,Enterprise,0.6,0.0,23,1,5,0.2,1,0.2,11,1892.0,1,0,0,0,0,0.0,4.0,0
A-3b37d9,2024-04-01,FinTech,US,event,430,5,14858,120,28,0.2,True,1,False,False,False,False,Enterprise,0.6,0.4,27,2,7,0.286,2,0.286,24,3707.0,1,0,0,0,0,0.0,4.0,0
A-3b5cd1,2024-04-01,FinTech,US,event,202,9,10542,151,31,0.778,True,1,False,False,False,False,Pro,0.222,0.556,7,1,5,0.2,1,0.2,9,4824.0,0,0,0,0,0,0.0,4.0,0
A-3be56b,2024-04-01,HealthTech,IN,event,158,4,5586,117,62,0.5,True,1,False,False,False,False,Pro,0.25,0.75,2,5,2,2.5,5,2.5,53,3604.4,1,0,1,0,0,60.0,4.0,0
A-3c1a3f,2024-04-01,DevTools,UK,event,219,6,8633,118,45,0.5,True,3,False,False,False,False,Basic,0.333,0.167,6,3,4,0.75,3,1.0,26,2092.0,1,1,0,0,0,19.0,3.0,0
A-3cc791,2024-04-01,EdTech,US,other,82,2,1194,31,25,0.5,True,1,False,False,False,False,Basic,0.5,0.0,19,3,6,0.5,2,0.333,33,3703.667,1,0,1,0,0,71.0,5.0,0
A-3ce5b8,2024-04-01,FinTech,IN,ads,207,3,11417,233,189,0.333,False,0,False,False,False,False,Pro,0.0,1.0,5,5,4,1.25,5,1.25,57,2567.6,1,0,1,0,0,50.0,3.0,0
A-3d957b,2024-04-01,HealthTech,UK,other,0,0,0,0,0,0.0,0,0,0,0,0,0,0,0.0,0.0,55,0,2,0.0,0,0.0,0,0.0,0,2,0,0,0,39.5,3.0,0
A-40906c,2024-04-01,EdTech,US,ads,5,0,0,0,0,0.0,0,0,0,0,0,0,0,0.0,0.0,15,1,3,0.333,2,0.667,17,4347.5,1,0,0,0,0,0.0,0.0,0
A-40a557,2024-04-01,Cybersecurity,AU,partner,120,3,17313,87,55,0.333,False,0,False,False,False,False,Enterprise,1.0,0.0,4,3,2,1.5,3,1.5,27,2304.0,0,0,1,0,0,69.0,3.0,0
A-40de06,2024-04-01,Cybersecurity,US,event,329,8,18342,258,62,0.375,True,0,False,False,False,False,Pro,0.25,0.5,13,4,8,0.5,3,0.429,45,3824.0,1,0,1,0,1,55.0,4.0,0
A-417d2f,2024-04-01,Cybersecurity,IN,partner,272,7,17820,150,51,0.286,True,0,False,False,False,True,Basic,0.429,0.143,10,3,5,0.6,3,0.6,32,1983.0,0,0,1,0,0,52.0,5.0,0
A-425e76,2024-04-01,DevTools,UK,other,320,5,12363,147,71,0.6,True,0,False,False,False,False,Enterprise,0.4,0.4,10,1,3,0.333,1,0.333,9,4185.0,1,1,1,0,0,65.0,3.0,0
A-432483,2024-04-01,Cybersecurity,US,ads,420,6,23265,139,60,0.5,True,1,False,False,False,False,Enterprise,0.5,0.333,6,5,3,1.667,5,1.667,62,3979.167,1,0,0,0,0,0.0,0.0,0
A-439b2f,2024-04-01,DevTools,US,ads,40,1,133,7,7,0.0,False,0,False,False,False,False,Basic,0.0,0.0,1,2,0,0.0,2,0.0,19,2246.0,1,0,1,0,1,30.0,4.0,0
A-43a9e3,2024-04-01,FinTech,IN,other,228,7,9122,158,28,0.143,True,0,False,True,False,True,Basic,0.143,0.286,19,1,5,0.2,1,0.2,3,252.0,0,0,0,0,0,0.0,4.0,0
A-4437e4,2024-04-01,Cybersecurity,US,event,198,5,4047,105,49,0.8,False,2,False,False,False,False,Basic,0.0,0.4,0,5,4,1.25,5,1.25,39,2418.6,0,0,1,1,0,56.0,3.0,0
A-45ce7a,2024-04-01,FinTech,US,ads,253,3,4310,50,18,0.667,True,0,False,False,False,True,Basic,0.333,0.333,2,3,1,3.0,3,3.0,42,5765.0,1,0,0,0,0,0.0,3.0,0
A-462d45,2024-04-01,Cybersecurity,US,partner,77,5,13558,190,89,0.4,True,1,False,False,True,True,Pro,0.2,0.6,27,2,3,0.667,2,0.667,16,2285.0,1,0,2,0,0,27.0,4.0,0
A-474ad4,2024-04-01,EdTech,US,organic,125,7,4380,128,53,0.429,True,1,False,False,False,False,Pro,0.0,0.571,0,2,4,0.5,2,0.667,14,810.5,1,0,0,0,0,0.0,4.0,0
A-484819,2024-04-01,HealthTech,US,organic,405,4,11088,72,18,0.25,False,0,False,False,False,False,Enterprise,0.75,0.0,12,3,4,0.75,3,0.6,37,3088.0,1,0,1,0,0,60.0,4.0,0
A-49b828,2024-04-01,FinTech,IN,ads,332,8,23286,180,49,0.5,False,1,False,False,False,False,Enterprise,0.5,0.25,44,0,4,0.0,0,0.0,0,0.0,0,0,0,0,0,0.0,4.0,0
A-4a4c2d,2024-04-01,DevTools,US,event,335,8,28242,432,54,0.5,True,1,False,False,False,False,Basic,0.25,0.125,1,2,5,0.4,3,0.6,34,1500.0,1,0,0,0,0,0.0,4.0,0
A-4c38bc,2024-04-01,HealthTech,UK,event,23,1,684,36,36,0.0,False,0,False,False,False,False,Basic,0.0,0.0,12,2,5,0.4,2,0.333,29,1217.5,1,0,0,0,0,0.0,3.0,0
A-4c56c9,2024-04-01,FinTech,US,partner,103,0,0,0,0,0.0,0,0,0,0,0,0,0,0.0,0.0,3,4,6,0.667,4,0.667,49,1972.75,1,0,2,0,0,54.0,3.0,1
A-4c6f11,2024-04-01,FinTech,CA,organic,126,1,4776,24,24,1.0,False,0,False,False,False,False,Enterprise,1.0,0.0,10,2,3,0.667,2,0.667,18,3846.0,0,0,0,0,0,0.0,5.0,0
A-4e0e85,2024-04-01,DevTools,US,organic,206,2,1194,26,20,0.5,False,1,False,False,False,False,Enterprise,0.5,0.5,8,2,4,0.5,2,0.5,11,1420.5,1,0,0,0,0,0.0,0.0,0
A-4e631b,2024-04-01,FinTech,US,other,16,1,7960,40,40,1.0,True,0,False,False,False,False,Enterprise,1.0,0.0,3,5,4,1.25,5,1.25,46,2753.4,1,0,0,0,0,0.0,4.0,0
A-4e960a,2024-04-01,FinTech,US,other,75,2,228,29,17,0.5,False,1,False,False,False,False,Basic,0.5,0.0,27,1,5,0.2,1,0.2,10,2550.0,0,0,1,0,0,43.0,3.0,0
A-4ef964,2024-04-01,HealthTech,US,organic,25,1,3383,17,17,0.0,True,0,False,False,False,False,Enterprise,1.0,0.0,1,1,2,0.5,1,0.333,11,682.0,0,0,0,0,0,0.0,3.0,0
A-4f18f0,2024-04-01,DevTools,CA,other,0,0,0,0,0,0.0,0,0,0,0,0,0,0,0.0,0.0,18,2,6,0.333,2,0.25,18,1494.0,0,1,0,0,0,56.0,4.0,0
A-503d5a,2024-04-01,FinTech,US,other,163,7,5460,164,50,0.714,True,2,False,False,False,False,Basic,0.286,0.143,0,2,4,0.5,2,0.5,23,5348.5,1,1,1,0,0,45.5,3.0,0
A-508199,2024-04-01,FinTech,AU,event,64,3,4655,65,27,0.333,True,0,False,False,False,False,Basic,0.333,0.0,37,0,3,0.0,0,0.0,0,0.0,0,2,0,0,1,52.0,3.0,0
A-50f3f7,2024-04-01,HealthTech,US,partner,101,2,9544,76,45,0.5,False,0,False,False,False,False,Basic,0.5,0.0,0,3,5,0.6,2,0.333,27,2061.667,1,0,0,0,0,0.0,5.0,0
A-51ec1b,2024-04-01,DevTools,US,ads,145,2,1602,18,11,0.5,False,0,True,True,False,False,Basic,0.5,0.0,18,1,2,0.5,1,0.5,15,8445.0,0,0,0,0,0,0.0,5.0,0
A-5247b3,2024-04-01,FinTech,UK,partner,20,1,3184,16,16,1.0,False,0,False,False,False,False,Enterprise,1.0,0.0,29,2,6,0.333,2,0.333,28,4354.0,0,0,1,0,0,33.0,3.0,0
A-526d93,2024-04-01,HealthTech,FR,organic,0,0,0,0,0,0.0,0,0,0,0,0,0,0,0.0,0.0,10,4,1,4.0,3,3.0,36,3478.75,0,0,1,0,1,63.0,3.0,0
A-52dd88,2024-04-01,Cybersecurity,US,ads,405,7,4839,164,26,0.429,True,1,False,False,False,False,Basic,0.0,0.429,24,1,2,0.5,1,0.5,12,1944.0,0,0,0,0,0,0.0,4.0,0
A-54d94a,2024-04-01,Cybersecurity,IN,event,336,5,6239,213,55,0.6,True,1,False,False,True,True,Pro,0.2,0.6,2,3,3,1.0,3,0.75,34,3487.667,1,0,0,0,0,0.0,4.0,0
A-54ecc2,2024-04-01,Cybersecurity,US,partner,295,4,2461,53,34,0.5,True,1,False,False,False,False,Enterprise,0.5,0.25,7,3,4,0.75,3,0.6,35,4961.333,1,0,0,0,0,0.0,5.0,0
A-558c72,2024-04-01,FinTech,US,organic,305,5,6973,67,16,0.8,True,0,False,True,False,False,Enterprise,0.4,0.4,8,1,2,0.5,1,0.5,15,7905.0,0,0,0,0,0,0.0,5.0,0
A-55f257,2024-04-01,FinTech,US,organic,102,6,6782,106,38,0.5,True,1,False,False,False,True,Pro,0.333,0.667,13,2,5,0.4,2,0.333,23,1680.5,1,0,0,0,0,0.0,5.0,0
A-59f724,2024-04-01,HealthTech,US,other,150,3,5260,43,22,0.667,False,1,False,False,False,False,Basic,0.333,0.333,17,2,6,0.333,2,0.4,21,3276.0,0,0,1,0,0,3.0,4.0,0
A-5a184f,2024-04-01,DevTools,DE,other,287,7,17194,215,74,0.429,False,1,False,False,True,False,Basic,0.286,0.286,2,4,5,0.8,5,1.0,54,2396.8,1,0,0,0,0,0.0,4.0,0
A-5a215a,2024-04-01,EdTech,FR,other,87,5,23229,435,87,0.6,True,2,False,False,False,True,Enterprise,0.4,0.4,3,2,4,0.5,2,0.5,27,5489.0,1,0,0,0,0,0.0,4.0,0
A-5a3eb9,2024-04-01,DevTools,CA,other,225,5,5842,148,65,0.0,False,0,True,False,False,False,Pro,0.0,0.6,0,5,4,1.25,4,0.8,52,2452.2,0,0,0,0,0,0.0,4.0,1
A-5b1bcd,2024-04-01,DevTools,US,organic,198,8,89936,584,73,0.5,False,0,False,False,False,False,Enterprise,0.75,0.0,0,2,6,0.333,2,0.25,23,5805.5,0,1,0,0,0,58.0,4.0,0
A-600734,2024-04-01,DevTools,US,organic,139,5,10585,145,29,0.4,False,0,False,False,False,True,Pro,0.2,0.6,8,4,5,0.8,4,0.667,43,3651.25,1,1,0,0,0,67.0,4.0,0
A-659280,2024-04-01,FinTech,IN,event,136,5,12076,124,47,0.2,True,0,False,False,False,True,Enterprise,0.4,0.4,3,2,3,0.667,2,0.667,14,1956.5,1,1,0,0,0,2.0,4.0,0
A-65a46c,2024-04-01,HealthTech,US,event,149,3,16719,141,78,0.667,False,0,False,False,False,False,Basic,0.333,0.0,5,2,2,1.0,2,1.0,22,3634.0,0,1,0,0,0,37.0,3.0,0
A-65aeb5,2024-04-01,DevTools,US,partner,67,2,12708,72,63,1.0,True,0,False,False,False,False,Basic,0.5,0.0,1,3,4,0.75,3,0.75,37,2391.333,1,0,0,0,0,0.0,5.0,0
A-65c341,2024-04-01,FinTech,US,ads,97,3,23718,132,84,0.333,False,0,False,False,False,False,Enterprise,0.667,0.333,29,1,1,1.0,1,1.0,12,6612.0,1,0,0,0,0,0.0,4.0,0
A-67be94,2024-04-01,EdTech,US,organic,363,4,9814,166,62,0.5,True,0,False,False,False,False,Basic,0.25,0.0,22,2,3,0.667,2,0.667,20,725.0,0,0,0,0,0,0.0,5.0,0
A-684255,2024-04-01,FinTech,US,ads,0,0,0,0,0,0.0,0,0,0,0,0,0,0,0.0,0.0,20,2,7,0.286,2,0.286,21,2871.0,0,0,0,0,0,0.0,5.0,0
A-68f37c,2024-04-01,HealthTech,US,ads,261,9,28953,270,121,0.667,True,2,False,False,False,False,Basic,0.333,0.222,15,3,6,0.5,3,0.5,29,2878.0,1,0,0,0,0,0.0,4.0,0
A-692f18,2024-04-01,EdTech,US,other,4,1,5771,29,29,1.0,False,0,False,False,False,False,Enterprise,1.0,0.0,8,5,9,0.556,5,0.556,67,4250.8,1,0,0,0,0,0.0,0.0,0
A-69b156,2024-04-01,EdTech,US,other,132,2,6965,35,28,0.5,False,0,False,False,False,False,Enterprise,1.0,0.0,6,2,5,0.4,2,0.4,22,3638.0,0,0,1,0,0,33.0,4.0,0
A-69fad4,2024-04-01,FinTech,UK,ads,361,7,8721,112,35,0.571,True,1,False,False,False,False,Basic,0.429,0.143,7,1,2,0.5,1,0.5,13,5889.0,0,0,0,0,0,0.0,4.0,0
A-6a4e2d,2024-04-01,EdTech,UK,partner,360,8,8834,202,56,0.375,True,1,False,False,False,True,Basic,0.25,0.25,2,4,6,0.667,4,0.667,35,3414.0,1,0,0,0,0,0.0,0.0,0
A-6c093d,2024-04-01,DevTools,US,partner,353,6,2791,111,62,0.333,True,1,False,False,False,True,Basic,0.167,0.333,1,5,9,0.556,7,0.7,73,3774.286,1,0,0,0,0,0.0,4.0,0
A-6da850,2024-04-01,FinTech,IN,organic,177,6,3723,110,34,0.667,False,1,False,False,False,True,Basic,0.333,0.333,7,2,5,0.4,2,0.4,13,2173.5,1,0,0,0,0,0.0,4.0,0
A-6dee43,2024-04-01,FinTech,UK,other,233,4,2787,33,12,0.25,False,0,False,False,False,False,Basic,0.25,0.0,8,2,5,0.4,2,0.4,16,2511.0,0,0,0,0,0,0.0,5.0,0
A-6e08f3,2024-04-01,Cybersecurity,US,event,399,4,6965,77,24,0.75,True,2,False,False,False,True,Enterprise,0.75,0.25,15,2,6,0.333,2,0.286,16,4571.0,0,0,0,0,0,0.0,3.0,0
A-6e7827,2024-04-01,DevTools,US,other,372,4,1010,20,9,0.5,True,0,False,False,False,False,Pro,0.25,0.5,3,3,2,1.5,3,1.0,34,2546.0,0,0,0,0,0,0.0,0.0,1
A-6f50ae,2024-04-01,FinTech,US,partner,193,5,4864,95,19,0.4,True,1,True,False,False,False,Basic,0.4,0.0,2,2,7,0.286,2,0.333,23,3402.0,0,0,0,0,0,0.0,5.0,0
A-702032,2024-04-01,HealthTech,US,ads,181,0,0,0,0,0.0,0,0,0,0,0,0,0,0.0,0.0,8,1,0,0.0,1,0.0,17,6970.0,0,0,0,0,0,0.0,3.0,1
A-712533,2024-04-01,EdTech,US,organic,245,5,5686,112,36,0.2,False,1,False,False,False,False,Basic,0.4,0.2,14,3,5,0.6,3,0.6,34,2941.333,1,0,0,0,0,0.0,3.0,0
A-712f1c,2024-04-01,DevTools,US,ads,107,5,27520,218,75,0.6,True,1,False,False,False,False,Enterprise,0.6,0.2,4,3,3,1.0,4,1.333,33,3264.75,0,0,1,0,0,43.0,4.0,0
A-726cfa,2024-04-01,DevTools,US,partner,275,11,13780,201,30,0.455,True,1,False,False,False,True,Pro,0.273,0.455,13,5,3,1.667,4,1.333,43,2827.2,1,0,0,0,0,0.0,4.0,0
A-72799b,2024-04-01,DevTools,FR,event,140,4,5340,80,20,0.5,True,1,False,True,False,False,Enterprise,0.5,0.25,7,1,2,0.5,1,0.5,4,1772.0,1,0,1,1,0,12.0,4.0,0
A-756192,2024-04-01,FinTech,IN,other,295,2,931,38,19,1.0,True,1,False,False,False,False,Pro,0.0,1.0,6,4,4,1.0,4,1.0,33,2888.75,1,0,0,0,0,0.0,5.0,0
A-7641d3,2024-04-01,EdTech,US,partner,410,4,1744,103,76,1.0,True,2,False,False,False,False,Pro,0.25,0.5,22,1,4,0.25,1,0.333,11,2783.0,1,0,0,0,0,0.0,5.0,0
A-779e4e,2024-04-01,HealthTech,US,organic,455,6,24419,161,58,0.333,False,0,False,False,False,False,Enterprise,0.5,0.333,11,3,3,1.0,3,1.0,27,2048.0,1,0,0,0,0,0.0,5.0,0
A-7920cc,2024-04-01,Cybersecurity,FR,ads,130,8,21471,338,54,0.5,False,2,False,False,False,True,Basic,0.25,0.125,33,0,9,0.0,0,0.0,0,0.0,0,1,0,0,0,5.0,3.0,0
A-794a0b,2024-04-01,HealthTech,DE,organic,304,3,2152,81,35,0.333,True,1,False,False,False,False,Pro,0.0,0.667,38,0,3,0.0,0,0.0,0,0.0,0,0,0,0,0,0.0,0.0,0
A-7988d1,2024-04-01,Cybersecurity,US,other,103,1,0,33,33,0.0,False,1,False,False,False,False,Basic,0.0,0.0,3,4,0,0.0,4,0.0,36,3727.0,1,0,0,0,0,0.0,5.0,0
A-798a3f,2024-04-01,DevTools,FR,other,165,4,3775,97,42,0.0,True,1,False,False,False,False,Basic,0.5,0.0,3,4,4,1.0,3,0.75,45,3179.5,1,0,0,0,0,0.0,3.0,0
A-7c4956,2024-04-01,DevTools,US,ads,331,6,1702,88,51,0.667,True,2,False,False,False,False,Basic,0.167,0.167,11,2,2,1.0,2,1.0,23,1860.5,1,0,0,0,0,0.0,0.0,0
A-7c5768,2024-04-01,HealthTech,UK,event,30,1,995,5,5,0.0,False,0,False,False,False,False,Enterprise,1.0,0.0,8,3,6,0.5,3,0.5,27,3649.333,1,0,0,0,0,0.0,5.0,0
A-7d514c,2024-04-01,HealthTech,DE,organic,58,3,7089,68,34,1.0,False,1,False,False,False,True,Enterprise,0.667,0.0,40,0,6,0.0,0,0.0,0,0.0,0,2,0,0,1,24.0,5.0,0
A-7df7a7,2024-04-01,DevTools,US,organic,429,9,18143,221,85,0.667,True,2,False,False,False,False,Enterprise,0.444,0.444,6,1,5,0.2,1,0.167,10,3950.0,1,1,0,1,0,26.0,3.0,0
A-7e0a10,2024-04-01,FinTech,US,ads,135,7,25438,322,46,0.857,True,0,False,False,False,True,Basic,0.286,0.286,6,2,4,0.5,2,0.5,20,3084.0,1,0,1,0,0,68.0,3.0,0
A-7f4db3,2024-04-01,FinTech,US,other,393,8,5092,97,39,0.5,True,1,False,False,False,False,Pro,0.25,0.625,4,3,4,0.75,3,0.75,27,1310.0,0,0,0,0,0,0.0,3.0,0
A-7f6b86,2024-04-01,HealthTech,US,partner,221,4,5951,194,59,0.25,True,1,False,False,False,True,Pro,0.0,0.75,5,3,4,0.75,3,0.75,25,3167.333,1,0,0,0,0,0.0,3.0,0
A-7f8241,2024-04-01,EdTech,US,organic,384,11,23274,400,60,0.455,True,1,False,False,False,False,Basic,0.273,0.364,15,5,8,0.625,5,0.714,43,3548.4,1,0,0,0,0,0.0,0.0,0
A-80eeb6,2024-04-01,Cybersecurity,UK,organic,328,8,30231,249,68,0.75,False,0,False,False,False,False,Enterprise,0.5,0.125,9,2,3,0.667,2,0.5,18,4896.0,0,0,0,0,0,0.0,3.0,0
A-812c5b,2024-04-01,DevTools,CA,organic,36,0,0,0,0,0.0,0,0,0,0,0,0,0,0.0,0.0,3,3,5,0.6,3,0.6,30,2494.0,0,0,0,0,0,0.0,4.0,0
A-8145a0,2024-04-01,Cybersecurity,AU,partner,342,8,14359,121,44,0.625,False,0,False,False,False,False,Enterprise,0.75,0.0,3,5,4,1.25,4,1.0,43,2967.8,0,0,1,0,0,38.0,3.0,0
A-81edc3,2024-04-01,Cybersecurity,IN,ads,154,5,3460,47,18,0.8,True,1,False,False,False,False,Enterprise,0.6,0.4,3,3,5,0.6,3,0.5,26,1236.667,0,0,0,0,0,0.0,3.0,0
A-82861f,2024-04-01,DevTools,UK,organic,0,0,0,0,0,0.0,0,0,0,0,0,0,0,0.0,0.0,66,0,4,0.0,0,0.0,0,0.0,0,1,0,0,1,6.0,4.0,0
A-832ec2,2024-04-01,FinTech,UK,event,134,3,3876,49,25,0.667,True,1,False,False,False,False,Basic,0.333,0.0,1,6,3,2.0,5,1.667,74,3653.667,1,0,1,0,0,20.0,4.0,0
A-84ebe4,2024-04-01,FinTech,US,ads,386,6,10651,127,34,0.167,True,1,False,False,False,False,Enterprise,0.5,0.333,7,2,4,0.5,2,0.5,23,3981.5,1,0,0,0,0,0.0,4.0,0
A-855a48,2024-04-01,EdTech,US,partner,101,4,12531,99,40,0.25,True,0,False,False,True,False,Enterprise,0.5,0.25,1,3,1,3.0,3,3.0,30,1028.0,1,0,0,0,0,0.0,4.0,0
A-856b1e,2024-04-01,FinTech,US,partner,153,5,6321,129,36,1.0,True,0,False,False,False,False,Pro,0.0,1.0,38,0,2,0.0,0,0.0,0,0.0,0,0,2,1,0,51.5,4.0,0
A-86902e,2024-04-01,HealthTech,IN,other,335,5,13431,197,61,0.6,True,2,False,False,False,False,Basic,0.2,0.2,5,2,4,0.5,2,0.667,22,1856.0,0,2,1,0,1,45.333,3.0,0
A-883b7d,2024-04-01,Cybersecurity,IN,other,4,0,0,0,0,0.0,0,0,0,0,0,0,0,0.0,0.0,20,2,5,0.4,2,0.5,18,3239.0,0,0,1,0,1,18.0,4.0,0
A-8adedc,2024-04-01,EdTech,US,event,50,3,14205,75,57,0.333,False,0,False,False,False,False,Enterprise,0.667,0.0,3,3,9,0.333,4,0.444,41,1878.75,1,0,0,0,0,0.0,4.0,0
A-8ae05d,2024-04-01,FinTech,IN,other,0,0,0,0,0,0.0,0,0,0,0,0,0,0,0.0,0.0,26,1,3,0.333,1,0.333,12,7020.0,0,0,0,0,0,0.0,4.0,0
A-8b25f2,2024-04-01,Cybersecurity,US,ads,44,2,294,26,20,0.5,False,1,False,False,False,False,Enterprise,0.5,0.5,6,1,9,0.111,1,0.111,14,1022.0,0,0,1,0,0,19.0,3.0,0
A-8e47ca,2024-04-01,HealthTech,US,organic,46,3,5073,57,19,0.333,True,0,False,True,False,False,Basic,0.333,0.333,11,2,6,0.333,2,0.4,14,3756.0,1,0,1,0,0,10.0,3.0,0
A-8ed5dd,2024-04-01,EdTech,UK,event,277,7,9899,101,46,0.429,True,0,False,False,False,False,Pro,0.286,0.429,12,3,3,1.0,3,1.0,25,3499.667,1,0,0,0,0,0.0,5.0,0
A-9123ac,2024-04-01,Cybersecurity,DE,organic,286,2,8529,51,42,0.5,False,0,False,False,False,False,Basic,0.5,0.0,6,2,3,0.667,2,0.667,19,3890.5,0,0,0,0,0,0.0,5.0,1
A-91e948,2024-04-01,EdTech,AU,partner,428,5,5576,205,41,0.8,False,1,False,False,False,False,Basic,0.0,0.4,7,2,2,1.0,2,1.0,28,766.5,1,0,0,0,0,0.0,0.0,0
A-9208f0,2024-04-01,EdTech,US,organic,326,7,3511,136,49,0.571,True,2,False,False,False,False,Basic,0.286,0.286,11,3,6,0.5,2,0.333,24,2706.0,1,0,0,0,0,0.0,4.0,0
A-922109,2024-04-01,Cybersecurity,US,ads,66,1,1862,38,38,0.0,False,0,False,False,False,False,Pro,0.0,1.0,28,1,8,0.125,1,0.125,8,2008.0,0,0,0,0,0,0.0,4.0,0
A-9289f6,2024-04-01,EdTech,US,event,306,6,6624,148,81,0.5,False,1,False,False,False,False,Basic,0.333,0.167,38,0,6,0.0,0,0.0,0,0.0,0,0,0,0,0,0.0,3.0,0
A-92a333,2024-04-01,FinTech,US,event,374,4,9215,65,33,0.25,False,0,False,False,False,False,Enterprise,0.5,0.25,14,3,3,1.0,3,1.0,26,880.0,0,0,0,0,0,0.0,4.0,0
A-940b8b,2024-04-01,HealthTech,DE,organic,13,1,6368,32,32,0.0,False,0,True,False,False,False,Enterprise,1.0,0.0,5,2,2,1.0,2,0.667,24,4506.0,1,0,0,0,0,0.0,3.0,0
A-94c3cd,2024-04-01,FinTech,CA,other,194,1,0,32,32,0.0,False,1,False,False,False,False,Enterprise,1.0,0.0,9,1,3,0.333,1,0.333,10,2440.0,0,0,0,0,0,0.0,4.0,0
A-94d3da,2024-04-01,HealthTech,US,other,334,9,13735,369,41,0.444,True,4,False,False,False,False,Pro,0.111,0.556,0,4,4,1.0,3,0.75,37,2487.0,1,0,0,0,0,0.0,3.0,1
A-94f8c9,2024-04-01,HealthTech,US,other,3,0,0,0,0,0.0,0,0,0,0,0,0,0,0.0,0.0,8,2,7,0.286,2,0.286,22,3905.0,1,0,1,0,1,22.0,5.0,0
A-95b24a,2024-04-01,FinTech,US,event,300,7,22450,280,47,0.286,True,0,False,False,False,False,Basic,0.286,0.286,0,2,3,0.667,2,0.667,23,4043.0,0,1,1,0,0,8.5,5.0,0
A-96e141,2024-04-01,DevTools,UK,partner,233,3,2646,94,40,0.667,False,1,False,False,False,False,Pro,0.333,0.667,40,0,1,0.0,0,0.0,0,0.0,0,1,1,0,0,58.0,4.0,0
A-970c97,2024-04-01,HealthTech,DE,other,31,2,5572,28,14,1.0,True,0,True,False,False,False,Enterprise,1.0,0.0,10,1,3,0.333,1,0.333,6,2316.0,0,0,0,0,0,0.0,5.0,0
A-9779ad,2024-04-01,Cybersecurity,AU,event,3,0,0,0,0,0.0,0,0,0,0,0,0,0,0.0,0.0,26,1,6,0.167,1,0.167,7,2814.0,1,0,0,0,0,0.0,4.0,1
A-977ca0,2024-04-01,HealthTech,IN,partner,406,10,25755,271,92,0.7,True,2,False,False,False,False,Basic,0.2,0.4,3,2,7,0.286,3,0.5,31,3036.333,1,0,0,0,0,0.0,4.0,0
A-98a59a,2024-04-01,FinTech,UK,partner,241,5,10360,280,56,0.6,True,0,False,False,False,True,Pro,0.0,0.6,21,3,3,1.0,3,1.0,21,1152.0,0,0,0,0,0,0.0,4.0,0
A-993085,2024-04-01,HealthTech,US,ads,305,8,33335,275,49,0.375,True,0,False,False,False,False,Enterprise,0.5,0.125,7,1,4,0.25,1,0.333,8,4600.0,1,1,1,0,0,59.0,4.0,0
A-9affe6,2024-04-01,Cybersecurity,US,other,376,6,6580,130,56,0.5,True,0,False,False,False,False,Basic,0.333,0.333,8,1,4,0.25,1,0.25,10,2250.0,1,0,1,0,0,60.0,3.0,0
A-9b9fe9,2024-04-01,EdTech,AU,other,186,5,2857,54,24,0.4,True,1,False,False,False,False,Pro,0.2,0.6,12,4,3,1.333,4,1.333,53,3502.0,0,0,0,0,0,0.0,4.0,0
A-9bfc9f,2024-04-01,DevTools,CA,ads,200,6,9805,318,53,0.5,True,1,True,True,False,False,Pro,0.0,0.667,9,2,3,0.667,2,0.667,20,1459.0,1,0,2,0,0,31.0,3.0,0
A-9c18c4,2024-04-01,HealthTech,US,ads,249,7,13445,95,19,0.571,True,0,False,False,False,False,Enterprise,0.571,0.286,13,1,2,0.5,1,0.5,10,5040.0,0,0,0,0,0,0.0,5.0,0
A-9ee962,2024-04-01,HealthTech,US,ads,398,5,3136,82,30,0.4,True,2,False,False,False,False,Pro,0.0,0.6,8,2,3,0.667,2,0.667,21,3643.5,0,0,1,0,0,64.0,4.0,0
A-9f0b68,2024-04-01,EdTech,US,ads,0,0,0,0,0,0.0,0,0,0,0,0,0,0,0.0,0.0,2,5,6,0.833,5,0.833,56,846.167,1,0,0,0,0,0.0,4.0,0
A-9f9299,2024-04-01,FinTech,US,organic,212,4,13048,112,28,0.5,True,0,False,False,False,False,Enterprise,0.5,0.25,31,0,4,0.0,0,0.0,0,0.0,0,0,0,0,0,0.0,4.0,0
A-a0ca4e,2024-04-01,Cybersecurity,US,ads,24,1,2388,12,12,0.0,False,0,False,False,False,False,Enterprise,1.0,0.0,1,2,3,0.667,2,0.667,18,4283.0,0,0,0,0,0,0.0,5.0,0
A-a1b80b,2024-04-01,HealthTech,US,organic,126,3,16716,84,52,0.667,True,0,False,True,False,False,Enterprise,1.0,0.0,16,1,6,0.167,1,0.167,9,1440.0,0,0,0,0,0,0.0,4.0,0
A-a1bbb6,2024-04-01,DevTools,CA,organic,362,7,14402,98,28,0.714,True,0,False,False,False,False,Enterprise,0.571,0.429,8,1,3,0.333,1,0.333,8,4648.0,0,0,1,0,1,36.0,4.0,0
A-a6d261,2024-04-01,FinTech,CA,other,124,6,7755,84,28,0.833,True,1,False,False,False,True,Enterprise,0.5,0.333,12,3,7,0.429,2,0.25,27,741.667,0,0,1,0,0,1.0,5.0,0
A-a7bd4b,2024-04-01,Cybersecurity,US,ads,411,6,2016,104,48,0.333,True,2,False,False,False,False,Pro,0.167,0.5,0,3,4,0.75,3,0.75,28,2877.667,1,0,0,0,0,0.0,3.0,0
A-a865bd,2024-04-01,Cybersecurity,US,organic,195,1,1862,38,38,1.0,False,0,False,False,False,False,Pro,0.0,1.0,55,0,2,0.0,0,0.0,0,0.0,0,0,0,0,0,0.0,0.0,0
A-a8b49c,2024-04-01,Cybersecurity,UK,partner,178,8,3888,107,26,0.625,True,2,False,False,False,False,Pro,0.125,0.5,6,1,2,0.5,2,1.0,25,2084.0,1,0,0,0,0,0.0,4.0,0
A-a8d89d,2024-04-01,EdTech,US,ads,115,1,15522,78,78,1.0,False,0,False,False,False,False,Enterprise,1.0,0.0,6,2,5,0.4,2,0.4,19,2136.5,0,1,0,0,0,29.0,5.0,0
A-aa9511,2024-04-01,DevTools,US,other,174,5,32011,199,97,0.6,False,0,False,False,False,False,Enterprise,0.6,0.2,4,3,8,0.375,3,0.375,30,2583.667,1,0,0,0,0,0.0,4.0,0
A-ac14bb,2024-04-01,FinTech,US,partner,206,7,27214,222,71,0.571,True,1,False,False,False,True,Enterprise,0.429,0.286,2,2,7,0.286,2,0.286,17,1217.0,0,1,0,0,0,21.0,4.0,0
A-ac9111,2024-04-01,HealthTech,US,event,233,6,4235,181,56,0.5,True,1,False,False,False,False,Basic,0.167,0.333,7,2,6,0.333,2,0.286,21,4204.5,1,1,0,0,0,14.0,5.0,0
A-acb7f7,2024-04-01,EdTech,US,ads,86,5,19845,167,39,0.6,True,1,False,True,False,False,Enterprise,0.6,0.2,2,4,5,0.8,4,0.8,46,3183.0,1,0,1,0,0,23.0,3.0,0
A-ad3abd,2024-04-01,FinTech,US,event,395,5,12584,220,44,0.4,True,1,False,False,False,False,Basic,0.2,0.2,0,3,1,3.0,3,3.0,35,3949.667,0,0,0,0,0,0.0,3.0,0
A-ad64c6,2024-04-01,DevTools,UK,event,38,1,2388,12,12,1.0,True,0,False,False,False,False,Enterprise,1.0,0.0,101,0,0,0.0,0,0.0,0,0.0,0,0,0,0,0,0.0,0.0,0
A-ae052e,2024-04-01,FinTech,CA,other,203,2,1911,78,39,1.0,False,1,False,True,True,False,Pro,0.0,1.0,3,1,4,0.25,1,0.333,10,5760.0,1,0,1,0,1,53.0,3.0,0
A-af0cd2,2024-04-01,Cybersecurity,IN,other,454,7,4085,144,30,0.429,True,1,False,False,False,False,Basic,0.0,0.429,14,2,4,0.5,2,0.5,19,3679.5,0,0,0,0,0,0.0,4.0,0
A-afa505,2024-04-01,DevTools,US,partner,96,2,3430,140,70,0.5,True,1,False,False,False,False,Pro,0.0,1.0,33,0,3,0.0,0,0.0,0,0.0,0,0,0,0,0,0.0,3.0,0
A-b11cd0,2024-04-01,DevTools,US,ads,437,5,3532,140,36,0.8,False,2,False,False,False,False,Basic,0.0,0.4,9,1,3,0.333,1,0.333,10,1390.0,0,0,2,0,0,26.0,5.0,0
A-b20d99,2024-04-01,HealthTech,IN,other,187,3,5006,74,34,0.333,True,0,False,False,False,False,Basic,0.333,0.0,7,2,3,0.667,2,0.667,17,154.0,1,0,0,0,0,0.0,4.0,0
A-b2225d,2024-04-01,FinTech,US,ads,24,0,0,0,0,0.0,0,0,0,0,0,0,0,0.0,0.0,9,4,8,0.5,4,0.444,36,2040.75,1,0,0,0,0,0.0,0.0,0
A-b30291,2024-04-01,HealthTech,US,event,0,0,0,0,0,0.0,0,0,0,0,0,0,0,0.0,0.0,2,2,7,0.286,2,0.222,18,3192.5,1,0,0,0,0,0.0,4.0,0
A-b44e3e,2024-04-01,Cybersecurity,UK,ads,49,1,15721,79,79,0.0,False,0,False,False,False,True,Enterprise,1.0,0.0,14,1,4,0.25,1,0.25,9,5049.0,0,0,0,0,0,0.0,4.0,1
A-b7724f,2024-04-01,HealthTech,UK,organic,370,1,627,33,33,1.0,False,0,False,False,False,False,Basic,0.0,0.0,32,0,4,0.0,0,0.0,0,0.0,0,0,1,0,1,28.0,3.0,0
A-b9eed8,2024-04-01,Cybersecurity,US,organic,38,1,2985,15,15,0.0,True,0,False,False,False,False,Enterprise,1.0,0.0,21,2,6,0.333,2,0.25,20,1102.5,0,0,0,0,0,0.0,3.0,1
A-b9f5b1,2024-04-01,Cybersecurity,US,other,433,2,0,57,42,0.5,True,2,False,False,False,False,Enterprise,1.0,0.0,71,0,1,0.0,0,0.0,0,0.0,0,0,0,0,0,0.0,3.0,0
A-ba6516,2024-04-01,FinTech,US,ads,155,4,7209,136,55,0.75,True,1,False,False,False,True,Pro,0.25,0.5,6,2,7,0.286,2,0.222,14,3196.0,0,1,0,0,0,24.0,3.0,0
A-bad8c1,2024-04-01,FinTech,AU,organic,397,6,5984,186,60,0.833,False,2,False,False,False,True,Basic,0.333,0.333,9,3,4,0.75,3,0.75,27,3510.0,1,0,0,0,0,0.0,0.0,0
A-bb2f49,2024-04-01,Cybersecurity,US,other,309,6,15900,158,68,0.667,False,1,False,False,False,False,Pro,0.333,0.667,12,4,9,0.444,4,0.4,43,3671.5,1,1,1,0,0,26.5,4.0,0
A-bb3bd4,2024-04-01,HealthTech,US,ads,65,0,0,0,0,0.0,0,0,0,0,0,0,0,0.0,0.0,12,2,6,0.333,2,0.333,21,1206.0,0,0,2,0,1,53.5,4.0,0
A-bbe56f,2024-04-01,HealthTech,US,ads,410,2,4578,42,21,0.5,False,0,False,False,False,False,Basic,0.5,0.0,10,1,0,0.0,1,0.0,13,1807.0,0,0,0,0,0,0.0,0.0,0
A-bcf664,2024-04-01,DevTools,US,other,318,7,6369,184,59,0.571,False,2,False,False,False,False,Basic,0.143,0.143,31,0,5,0.0,0,0.0,0,0.0,0,0,0,0,0,0.0,5.0,0
A-bece89,2024-04-01,Cybersecurity,IN,event,122,4,12214,106,28,0.5,True,0,False,False,False,False,Enterprise,0.5,0.25,120,0,0,0.0,0,0.0,0,0.0,0,0,2,0,1,39.5,3.0,0
A-c16b88,2024-04-01,HealthTech,US,event,121,2,0,50,27,0.0,False,2,False,False,False,False,Pro,0.0,1.0,3,1,4,0.25,1,0.25,10,2290.0,0,0,0,0,0,0.0,4.0,0
A-c1dfe1,2024-04-01,DevTools,DE,ads,238,4,6789,111,33,0.75,True,0,False,False,False,True,Basic,0.25,0.0,0,3,7,0.429,4,0.571,46,4821.75,1,0,1,0,1,33.0,4.0,0
A-c45b23,2024-04-01,FinTech,UK,partner,115,3,740,20,8,1.0,False,0,False,False,False,False,Pro,0.0,0.667,10,6,3,2.0,6,2.0,51,2484.667,1,0,0,0,0,0.0,0.0,0
A-c4ea60,2024-04-01,FinTech,DE,other,389,3,1254,124,58,0.333,True,1,False,False,False,False,Basic,0.0,0.0,0,2,4,0.5,1,0.25,25,3112.5,0,0,0,0,0,0.0,5.0,0
A-c608c8,2024-04-01,DevTools,DE,ads,340,5,6201,99,58,0.6,True,0,False,True,False,False,Pro,0.4,0.6,2,2,2,1.0,2,1.0,22,3263.0,1,0,0,0,0,0.0,3.0,0
A-c62e55,2024-04-01,EdTech,US,partner,418,5,6609,141,56,0.2,True,0,False,False,False,False,Pro,0.0,0.8,7,4,4,1.0,4,1.0,44,2315.0,1,1,1,0,1,18.0,5.0,0
A-c7e58b,2024-04-01,HealthTech,IN,other,281,2,1450,10,7,0.5,True,0,False,False,False,False,Basic,0.5,0.0,12,1,1,1.0,1,1.0,13,6760.0,0,0,1,0,0,13.0,4.0,0
A-c7ffc2,2024-04-01,Cybersecurity,US,partner,430,8,28071,369,132,0.5,True,0,False,False,False,False,Basic,0.375,0.25,1,2,4,0.5,2,0.5,26,1744.0,0,0,1,0,0,65.0,3.0,0
A-c9bb3e,2024-04-01,EdTech,US,ads,8,1,1715,35,35,0.0,False,0,False,False,False,False,Pro,0.0,1.0,51,0,4,0.0,0,0.0,0,0.0,0,0,0,0,0,0.0,4.0,0
A-cab532,2024-04-01,DevTools,FR,organic,364,6,11411,147,58,0.667,True,1,False,False,False,False,Enterprise,0.667,0.333,4,4,9,0.444,4,0.5,45,2686.75,1,1,0,0,0,32.0,4.0,0
A-cb5333,2024-04-01,DevTools,US,ads,6,1,6567,33,33,0.0,False,0,False,False,False,False,Enterprise,1.0,0.0,9,1,6,0.167,1,0.167,15,3615.0,0,0,0,0,0,0.0,3.0,0
A-cb6cc6,2024-04-01,DevTools,US,ads,364,4,1150,53,14,0.5,True,1,False,False,False,False,Basic,0.25,0.25,11,3,3,1.0,3,1.0,17,378.667,1,1,0,0,0,18.0,4.0,0
A-cbbe12,2024-04-01,Cybersecurity,DE,partner,376,3,1960,120,40,0.667,False,2,False,False,False,False,Pro,0.0,1.0,29,1,0,0.0,1,0.0,9,549.0,0,1,1,0,0,46.0,3.0,0
A-cc102e,2024-04-01,HealthTech,US,partner,0,0,0,0,0,0.0,0,0,0,0,0,0,0,0.0,0.0,20,1,5,0.2,1,0.2,7,1848.0,0,0,0,0,0,0.0,5.0,1
A-cc98bc,2024-04-01,DevTools,US,ads,313,7,17353,249,57,0.571,True,1,False,False,False,False,Basic,0.429,0.143,28,1,7,0.143,1,0.167,11,3102.0,1,0,0,0,0,0.0,4.0,0
A-ccabf0,2024-04-01,HealthTech,IN,organic,147,6,21759,141,59,0.5,False,0,False,False,False,False,Enterprise,0.667,0.333,9,4,2,2.0,4,2.0,36,4164.75,1,0,0,0,0,0.0,3.0,0
A-ccb686,2024-04-01,DevTools,US,other,70,3,3234,78,52,0.0,True,1,False,True,False,False,Pro,0.333,0.667,0,2,5,0.4,2,0.333,23,2424.0,1,0,0,0,0,0.0,4.0,0
A-ccc747,2024-04-01,HealthTech,FR,event,80,0,0,0,0,0.0,0,0,0,0,0,0,0,0.0,0.0,15,1,2,0.5,1,0.5,10,2530.0,1,0,0,0,0,0.0,4.0,1
A-cdf020,2024-04-01,DevTools,AU,organic,229,3,5635,115,45,0.333,True,0,False,False,False,False,Pro,0.0,1.0,12,2,1,2.0,2,2.0,23,4914.0,0,0,0,0,0,0.0,5.0,0
A-ce66f8,2024-04-01,EdTech,CA,event,222,1,551,29,29,1.0,False,0,False,False,False,False,Basic,0.0,0.0,0,3,6,0.5,3,0.5,39,5201.0,1,0,0,0,0,0.0,3.0,0
A-cea1f0,2024-04-01,FinTech,US,event,0,0,0,0,0,0.0,0,0,0,0,0,0,0,0.0,0.0,8,3,3,1.0,3,1.0,29,3722.667,1,0,0,0,0,0.0,4.0,0
A-d49cc5,2024-04-01,Cybersecurity,FR,event,195,2,3400,100,50,0.0,False,0,False,False,False,False,Basic,0.0,0.5,10,2,2,1.0,2,1.0,21,1742.5,1,0,0,0,0,0.0,0.0,1
A-d4ac0e,2024-04-01,DevTools,UK,ads,0,0,0,0,0,0.0,0,0,0,0,0,0,0,0.0,0.0,18,2,9,0.222,2,0.2,19,1954.5,1,0,0,0,0,0.0,4.0,0
A-d5a319,2024-04-01,FinTech,US,other,333,7,15577,163,70,0.286,True,2,False,False,False,False,Basic,0.143,0.286,51,0,2,0.0,0,0.0,0,0.0,0,0,0,0,0,0.0,0.0,0
A-d77f4c,2024-04-01,DevTools,US,partner,189,5,4056,95,41,0.8,False,1,False,False,False,False,Basic,0.2,0.4,1,2,9,0.222,2,0.222,16,4155.0,1,0,0,0,0,0.0,5.0,0
A-d792a6,2024-04-01,DevTools,US,organic,434,11,9122,150,37,0.455,True,3,False,False,False,False,Basic,0.364,0.273,5,4,5,0.8,4,0.8,42,3931.75,1,0,1,0,1,45.0,4.0,0
A-d922bf,2024-04-01,HealthTech,US,ads,206,3,12338,67,32,0.333,False,1,False,False,False,False,Enterprise,0.667,0.0,13,2,4,0.5,2,0.5,17,2142.5,0,0,4,0,0,34.5,3.0,0
A-dbc825,2024-04-01,EdTech,FR,partner,85,3,8493,57,19,0.0,True,0,False,False,False,True,Enterprise,0.667,0.333,14,2,3,0.667,2,0.667,23,3426.5,1,1,0,0,0,40.0,3.0,0
A-dcc2f0,2024-04-01,FinTech,UK,organic,254,8,11727,142,25,0.625,False,1,False,True,False,False,Enterprise,0.5,0.25,2,4,10,0.4,4,0.364,36,2438.75,1,0,0,0,0,0.0,4.0,1
A-dcc3f1,2024-04-01,HealthTech,US,event,96,3,2898,93,51,1.0,False,1,False,False,False,False,Basic,0.333,0.333,5,1,1,1.0,1,1.0,12,4392.0,0,1,1,0,1,35.0,3.0,0
A-de58ca,2024-04-01,HealthTech,DE,organic,354,8,15721,354,105,0.375,True,2,False,False,False,False,Pro,0.25,0.5,2,1,3,0.333,1,0.333,11,4983.0,0,0,0,0,0,0.0,3.0,0
A-dec005,2024-04-01,HealthTech,US,partner,171,4,10348,94,31,0.5,True,2,False,False,False,False,Enterprise,0.5,0.25,10,2,5,0.4,2,0.4,22,3136.0,1,0,0,0,0,0.0,3.0,0
A-df10db,2024-04-01,DevTools,US,other,300,5,1178,32,14,0.6,True,0,False,False,False,False,Basic,0.2,0.2,30,1,4,0.25,1,0.25,8,1176.0,0,0,0,0,0,0.0,3.0,0
A-df1e44,2024-04-01,Cybersecurity,UK,organic,38,1,0,39,39,1.0,False,1,False,False,False,False,Enterprise,1.0,0.0,26,1,2,0.5,1,0.5,6,2160.0,0,0,0,0,0,0.0,5.0,0
A-dfbd31,2024-04-01,DevTools,UK,partner,119,3,2786,52,24,0.667,True,2,False,False,False,False,Enterprise,0.667,0.333,0,3,5,0.6,3,0.429,35,3345.25,0,1,1,0,0,29.0,4.0,0
A-e1462e,2024-04-01,FinTech,UK,partner,386,4,9491,87,29,0.5,True,1,False,False,False,False,Enterprise,0.5,0.25,0,2,3,0.667,2,0.5,24,3352.5,0,0,0,0,0,0.0,4.0,0
A-e19ff6,2024-04-01,Cybersecurity,UK,partner,248,4,1266,68,38,0.25,True,1,False,False,False,False,Basic,0.25,0.25,32,0,4,0.0,0,0.0,0,0.0,0,0,1,0,0,9.0,5.0,1
A-e1b9cd,2024-04-01,DevTools,US,event,400,10,31602,498,100,0.4,True,0,False,False,True,False,Basic,0.2,0.4,4,6,6,1.0,6,0.857,66,3288.833,1,0,0,0,0,0.0,3.0,0
A-e2cd1b,2024-04-01,DevTools,US,other,57,1,836,44,44,1.0,False,0,False,False,False,False,Basic,0.0,0.0,6,2,8,0.25,2,0.286,13,2317.5,1,0,0,0,0,0.0,4.0,0
A-e3bd71,2024-04-01,Cybersecurity,US,partner,373,7,31434,255,69,0.857,True,1,True,True,False,False,Enterprise,0.714,0.143,15,3,5,0.6,3,0.6,25,2336.667,0,0,1,0,0,16.0,3.0,0
A-e40f45,2024-04-01,HealthTech,US,organic,0,0,0,0,0,0.0,0,0,0,0,0,0,0,0.0,0.0,9,2,3,0.667,2,0.5,16,2116.0,1,0,1,0,0,21.0,5.0,0
A-e43bf7,2024-04-01,Cybersecurity,AU,other,374,4,26998,202,70,0.5,True,0,False,False,False,True,Enterprise,0.5,0.5,2,2,1,2.0,2,1.0,18,1283.5,1,0,0,0,0,0.0,0.0,0
A-e51ec7,2024-04-01,FinTech,CA,partner,191,2,4975,30,25,0.5,False,1,False,False,False,False,Basic,0.5,0.0,1,2,5,0.4,2,0.333,24,3546.0,1,0,0,0,0,0.0,4.0,1
A-e5d6ab,2024-04-01,EdTech,US,partner,352,6,7981,96,35,0.5,False,1,False,False,False,False,Basic,0.333,0.167,4,2,4,0.5,2,0.5,19,3774.5,1,0,0,0,0,0.0,4.0,0
A-e61e98,2024-04-01,FinTech,US,partner,164,5,5065,147,40,0.6,True,1,False,False,False,False,Pro,0.0,0.8,41,0,2,0.0,0,0.0,0,0.0,0,0,1,0,0,24.0,5.0,0
A-e693b6,2024-04-01,FinTech,AU,event,312,5,17380,275,55,0.6,False,1,False,False,False,False,Enterprise,0.4,0.4,5,5,4,1.25,6,1.5,73,2322.0,1,0,0,0,0,0.0,3.0,0
A-e6afc1,2024-04-01,DevTools,US,ads,402,6,15086,222,68,0.833,True,1,False,False,False,False,Pro,0.167,0.5,5,4,6,0.667,4,0.667,52,3489.2,1,0,0,0,0,0.0,0.0,0
A-e7beab,2024-04-01,EdTech,DE,organic,164,4,7363,95,58,0.5,False,1,False,False,False,False,Enterprise,1.0,0.0,2,3,1,3.0,2,2.0,39,699.333,0,0,0,0,0,0.0,3.0,1
A-e83938,2024-04-01,DevTools,UK,other,132,1,3184,16,16,1.0,False,0,False,False,False,True,Enterprise,1.0,0.0,41,0,4,0.0,0,0.0,0,0.0,0,0,0,0,0,0.0,4.0,0
A-e888d1,2024-04-01,Cybersecurity,US,other,370,6,7394,172,54,0.667,True,3,False,False,False,False,Basic,0.333,0.167,45,0,4,0.0,0,0.0,0,0.0,0,0,1,1,1,46.0,3.0,0
A-e89151,2024-04-01,FinTech,UK,organic,200,4,9751,49,23,0.5,True,0,False,True,False,True,Enterprise,1.0,0.0,7,1,4,0.25,1,0.25,7,2716.0,1,1,0,0,0,54.0,5.0,0
A-e98302,2024-04-01,EdTech,US,ads,97,2,7648,52,34,0.0,False,0,False,False,False,False,Enterprise,0.5,0.5,14,2,0,0.0,2,0.0,17,2667.5,0,0,0,0,0,0.0,4.0,0
A-eafc6e,2024-04-01,DevTools,US,partner,270,2,8089,61,34,0.5,False,0,False,False,False,False,Enterprise,0.5,0.5,21,3,6,0.5,3,0.6,28,1930.0,1,0,0,0,0,0.0,4.0,0
A-eb2fdc,2024-04-01,DevTools,AU,organic,132,1,1519,31,31,1.0,True,0,False,False,False,False,Pro,0.0,1.0,13,2,2,1.0,2,1.0,26,2064.0,1,0,0,0,0,0.0,4.0,0
A-eb7c38,2024-04-01,DevTools,AU,organic,36,0,0,0,0,0.0,0,0,0,0,0,0,0,0.0,0.0,8,3,7,0.429,3,0.5,22,2877.0,0,1,0,0,0,25.0,4.0,0
A-eb7fac,2024-04-01,DevTools,US,organic,156,4,29388,162,136,0.5,True,0,False,False,False,False,Enterprise,0.5,0.5,19,2,3,0.667,2,0.667,18,3676.5,0,0,1,0,0,71.0,4.0,0
A-ed510f,2024-04-01,Cybersecurity,IN,partner,440,5,13272,210,42,0.2,True,1,False,False,False,False,Enterprise,0.4,0.4,23,1,3,0.333,1,0.333,10,5730.0,0,1,0,0,1,56.0,3.0,0
A-ee42db,2024-04-01,EdTech,DE,ads,342,8,2775,144,33,0.5,True,3,False,False,False,False,Basic,0.0,0.5,9,2,3,0.667,2,0.667,14,1183.0,0,0,1,0,0,53.0,3.0,0
A-ef84cf,2024-04-01,EdTech,US,partner,31,1,0,8,8,1.0,False,1,False,False,False,False,Enterprise,1.0,0.0,25,2,1,2.0,2,2.0,17,3455.0,1,1,0,0,0,59.0,4.0,0
A-f03140,2024-04-01,DevTools,IN,event,131,3,7209,81,27,0.333,True,0,False,False,False,False,Basic,0.333,0.333,0,1,6,0.167,1,0.167,9,1656.0,0,0,1,0,0,8.0,5.0,0
A-f17767,2024-04-01,DevTools,US,event,427,11,14617,163,39,0.636,False,0,False,False,False,True,Pro,0.182,0.636,4,3,9,0.333,3,0.333,28,3512.0,1,0,1,0,1,9.0,5.0,0
A-f19409,2024-04-01,DevTools,US,other,382,3,8399,101,44,0.0,False,0,False,False,False,False,Pro,0.333,0.667,4,2,4,0.5,2,0.5,23,4309.0,0,0,0,0,0,0.0,4.0,0
A-f19b24,2024-04-01,Cybersecurity,US,organic,447,1,1421,29,29,1.0,False,0,False,False,False,False,Pro,0.0,1.0,75,0,1,0.0,0,0.0,0,0.0,0,0,1,1,1,13.0,4.0,0
A-f1f639,2024-04-01,EdTech,US,ads,400,3,1128,12,5,1.0,False,0,False,False,False,True,Basic,0.333,0.0,154,0,0,0.0,0,0.0,0,0.0,0,0,0,0,0,0.0,5.0,1
A-f25509,2024-04-01,EdTech,US,other,10,0,0,0,0,0.0,0,0,0,0,0,0,0,0.0,0.0,7,3,3,1.0,2,1.0,23,3132.333,1,1,0,0,0,20.0,4.0,0
A-f44180,2024-04-01,Cybersecurity,UK,event,413,6,27661,139,89,0.333,True,0,False,False,False,False,Enterprise,1.0,0.0,5,2,3,0.667,2,0.5,24,1284.0,1,0,0,0,0,0.0,0.0,0
A-f446b6,2024-04-01,DevTools,DE,ads,325,4,5773,67,30,0.5,True,0,False,False,False,False,Basic,0.5,0.0,8,4,3,1.333,4,1.333,43,4984.0,1,0,0,0,0,0.0,4.0,0
A-f51f16,2024-04-01,HealthTech,US,partner,98,5,5511,99,60,0.4,True,0,False,True,False,True,Basic,0.2,0.4,3,1,3,0.333,2,0.667,17,2844.5,1,0,0,0,0,0.0,3.0,0
A-f5641b,2024-04-01,EdTech,US,other,2,0,0,0,0,0.0,0,0,0,0,0,0,0,0.0,0.0,6,4,1,4.0,4,4.0,48,2690.75,1,0,0,0,0,0.0,3.0,1
A-f6b2fb,2024-04-01,DevTools,AU,event,0,0,0,0,0,0.0,0,0,0,0,0,0,0,0.0,0.0,1,6,2,3.0,5,2.5,68,3074.429,1,0,1,1,0,36.0,5.0,0
A-f97b9a,2024-04-01,FinTech,US,event,267,3,3781,51,19,1.0,True,2,False,False,False,False,Enterprise,1.0,0.0,2,9,4,2.25,5,1.25,84,3248.667,1,0,0,0,0,0.0,4.0,0
A-fa3095,2024-04-01,FinTech,US,ads,211,4,31290,280,70,0.5,False,1,False,False,False,False,Enterprise,0.75,0.25,5,3,3,1.0,3,1.0,28,3161.667,1,0,0,0,0,0.0,5.0,0
A-faa28c,2024-04-01,HealthTech,US,organic,62,5,15089,257,65,0.4,True,2,False,False,False,True,Enterprise,0.4,0.4,9,4,10,0.4,4,0.444,51,5986.75,1,0,1,0,0,44.0,4.0,0
A-fd9422,2024-04-01,Cybersecurity,US,organic,0,0,0,0,0,0.0,0,0,0,0,0,0,0,0.0,0.0,17,1,3,0.333,1,0.333,16,9200.0,0,3,0,1,1,51.333,3.0,0
A-fdfc91,2024-04-01,Cybersecurity,US,ads,331,4,3074,116,29,0.5,False,0,False,False,False,False,Basic,0.0,0.25,39,0,6,0.0,0,0.0,0,0.0,0,0,1,0,1,53.0,4.0,0
A-fe79a5,2024-04-01,HealthTech,IN,ads,40,2,0,28,19,0.5,False,2,False,True,False,False,Basic,0.0,0.0,12,1,1,1.0,1,1.0,7,3136.0,0,0,0,0,0,0.0,5.0,0
A-ff3c73,2024-04-01,HealthTech,AU,other,431,5,2682,154,66,0.2,True,2,False,False,False,False,Basic,0.2,0.2,20,2,2,1.0,2,1.0,8,1402.0,1,0,0,0,0,0.0,3.0,0
A-ffdfd5,2024-04-01,EdTech,US,organic,0,0,0,0,0,0.0,0,0,0,0,0,0,0,0.0,0.0,19,2,2,1.0,2,1.0,18,1116.0,1,0,0,0,0,0.0,0.0,0
A-00bed1,2024-05-01,Cybersecurity,US,ads,169,2,2531,89,61,0.5,False,0,False,False,False,False,Basic,0.0,0.5,2,4,4,1.0,5,1.25,49,4038.8,1,0,1,0,1,28.0,4.0,0
A-00cac8,2024-05-01,HealthTech,AU,organic,229,4,905,44,19,0.25,True,1,False,False,False,False,Basic,0.25,0.25,2,2,4,0.5,2,0.5,26,2593.5,1,0,0,0,0,0.0,4.0,0
A-019782,2024-05-01,DevTools,FR,event,378,6,7548,83,17,0.167,True,1,False,False,False,False,Basic,0.333,0.333,10,2,7,0.286,2,0.286,24,4243.5,0,0,0,0,0,0.0,0.0,0
A-029f69,2024-05-01,Cybersecurity,CA,event,55,0,0,0,0,0.0,0,0,0,0,0,0,0,0.0,0.0,6,2,6,0.333,2,0.333,14,2172.0,0,1,0,0,1,35.0,3.0,0
A-02cd81,2024-05-01,HealthTech,IN,other,34,4,1672,176,44,0.25,True,2,False,False,False,False,Basic,0.0,0.25,7,4,7,0.571,4,0.5,44,2667.0,1,0,2,0,1,21.5,5.0,0
A-02fac6,2024-05-01,FinTech,US,event,391,3,6534,66,22,0.667,False,0,False,False,False,False,Pro,0.333,0.667,1,1,5,0.2,1,0.2,9,2097.0,0,0,1,0,1,34.0,5.0,0
A-034368,2024-05-01,EdTech,US,event,178,1,0,19,19,1.0,False,1,False,False,False,False,Basic,0.0,0.0,10,3,0,0.0,3,0.0,23,3172.333,1,0,0,0,0,0.0,5.0,0
A-038089,2024-05-01,DevTools,FR,other,134,0,0,0,0,0.0,0,0,0,0,0,0,0,0.0,0.0,11,2,0,0.0,2,0.0,23,3428.0,0,1,0,0,0,14.0,3.0,0
A-054577,2024-05-01,EdTech,UK,ads,3,0,0,0,0,0.0,0,0,0,0,0,0,0,0.0,0.0,13,5,8,0.625,5,0.625,54,2157.0,1,0,0,0,0,0.0,4.0,0
A-05d3b3,2024-05-01,DevTools,AU,ads,339,8,7761,163,55,0.375,True,2,False,False,False,False,Basic,0.25,0.25,19,2,6,0.333,2,0.333,27,3217.0,0,0,0,0,0,0.0,4.0,0
A-05f0e5,2024-05-01,FinTech,US,partner,363,6,17270,230,56,0.167,True,0,False,False,False,False,Basic,0.333,0.167,0,2,6,0.333,2,0.333,19,4410.5,0,0,0,0,0,0.0,4.0,0
A-068fc6,2024-05-01,EdTech,US,event,289,4,9345,140,35,0.5,False,1,False,False,False,True,Pro,0.25,0.5,2,4,5,0.8,5,1.25,44,2780.4,1,1,0,0,1,34.0,4.0,0
A-075038,2024-05-01,HealthTech,UK,ads,355,8,9809,261,103,0.5,True,2,False,False,False,False,Pro,0.0,0.75,18,1,5,0.2,1,0.167,10,2630.0,0,0,0,0,0,0.0,3.0,0
A-089363,2024-05-01,FinTech,AU,event,361,4,3843,88,40,0.75,True,1,False,False,False,False,Enterprise,0.5,0.25,23,1,8,0.125,1,0.125,14,7910.0,0,0,0,0,0,0.0,3.0,0
A-09540c,2024-05-01,Cybersecurity,CA,event,184,1,1273,67,67,0.0,True,0,True,True,False,False,Basic,0.0,0.0,11,2,1,2.0,2,2.0,24,2806.5,1,0,1,0,0,29.0,4.0,0
A-098560,2024-05-01,DevTools,UK,ads,193,5,3718,105,35,0.8,True,1,False,False,False,False,Pro,0.0,0.8,5,4,2,2.0,4,2.0,41,3097.25,1,0,0,0,0,0.0,3.0,1
A-0aaf6e,2024-05-01,FinTech,US,organic,0,0,0,0,0,0.0,0,0,0,0,0,0,0,0.0,0.0,28,1,6,0.167,1,0.167,13,754.0,1,0,0,0,0,0.0,4.0,0
A-0baac2,2024-05-01,FinTech,DE,organic,0,0,0,0,0,0.0,0,0,0,0,0,0,0,0.0,0.0,6,1,2,0.5,1,0.5,11,5819.0,0,0,1,0,1,58.0,4.0,0
A-0dbdc6,2024-05-01,Cybersecurity,DE,other,444,4,2610,120,30,0.5,False,1,False,False,False,False,Basic,0.0,0.5,64,0,2,0.0,0,0.0,0,0.0,0,0,0,0,0,0.0,4.0,0
A-0f3e88,2024-05-01,HealthTech,US,other,283,6,4426,94,24,0.667,True,0,False,False,False,False,Basic,0.167,0.167,4,2,6,0.333,2,0.333,14,3309.0,0,0,0,0,0,0.0,5.0,0
A-10b8da,2024-05-01,DevTools,US,partner,359,3,3649,54,23,0.333,True,1,False,False,False,False,Enterprise,0.667,0.0,1,1,2,0.5,1,0.333,16,1264.0,0,0,0,0,0,0.0,4.0,0
A-10b8f2,2024-05-01,HealthTech,DE,organic,476,10,28367,537,103,0.2,True,2,False,False,False,False,Basic,0.2,0.2,29,1,9,0.111,1,0.125,13,3666.0,0,0,0,0,0,0.0,3.0,0
A-13466a,2024-05-01,DevTools,AU,event,192,3,7998,107,65,0.667,True,1,False,False,False,False,Basic,0.333,0.0,26,1,2,0.5,1,0.333,2,384.0,1,0,0,0,0,0.0,5.0,0
A-151c9a,2024-05-01,FinTech,US,ads,460,3,7125,75,29,0.667,False,0,False,False,False,False,Pro,0.333,0.667,0,2,3,0.667,2,0.667,23,5693.0,0,0,0,0,0,0.0,0.0,0
A-157070,2024-05-01,FinTech,US,ads,174,5,11677,103,35,0.6,False,0,False,False,False,True,Basic,0.4,0.2,29,1,4,0.25,1,0.25,10,4970.0,1,0,0,0,0,0.0,4.0,0
A-158f4e,2024-05-01,FinTech,IN,other,425,9,27572,549,61,0.444,True,1,False,False,False,False,Pro,0.111,0.556,24,2,1,2.0,2,2.0,17,3463.0,0,1,0,0,0,24.0,5.0,0
A-1619f8,2024-05-01,DevTools,US,organic,0,0,0,0,0,0.0,0,0,0,0,0,0,0,0.0,0.0,8,1,3,0.333,1,0.25,8,4248.0,0,0,1,0,0,20.0,5.0,0
A-180abf,2024-05-01,DevTools,US,event,261,4,28608,256,64,0.25,True,1,False,True,False,False,Enterprise,0.5,0.25,31,0,5,0.0,0,0.0,0,0.0,0,0,0,0,0,0.0,3.0,1
A-186a44,2024-05-01,HealthTech,US,ads,268,3,1740,60,20,0.0,True,0,False,False,False,False,Basic,0.0,0.333,6,3,9,0.333,3,0.273,25,2922.667,1,0,1,0,0,53.0,3.0,0
A-1986ca,2024-05-01,HealthTech,IN,ads,457,3,7960,60,20,0.667,True,1,False,False,False,False,Enterprise,1.0,0.0,4,2,1,2.0,2,2.0,27,3342.5,1,1,0,0,0,50.0,3.0,0
A-19b2c8,2024-05-01,DevTools,IN,other,330,8,15715,175,33,0.5,True,0,False,False,False,False,Basic,0.375,0.25,24,1,6,0.167,1,0.143,8,1872.0,0,0,0,0,0,0.0,5.0,0
A-1b707d,2024-05-01,Cybersecurity,US,organic,292,4,7945,55,19,0.5,True,0,False,False,False,False,Enterprise,0.5,0.5,45,0,1,0.0,0,0.0,0,0.0,0,1,0,0,0,51.0,4.0,0
A-1b9609,2024-05-01,EdTech,IN,ads,202,6,3356,104,49,0.667,True,0,False,False,False,False,Basic,0.167,0.333,30,1,4,0.25,1,0.25,14,8008.0,1,1,0,0,1,62.0,3.0,0
A-1d5444,2024-05-01,Cybersecurity,US,partner,104,5,6600,120,24,0.4,True,0,False,False,False,False,Basic,0.2,0.0,6,5,4,1.25,6,1.5,53,3243.667,1,0,0,0,0,0.0,0.0,0
A-1e1b80,2024-05-01,FinTech,CA,other,232,7,35297,353,53,0.571,True,0,False,False,False,False,Basic,0.429,0.143,10,4,5,0.8,4,0.8,50,3985.5,1,0,1,0,0,34.0,3.0,0
A-1e50e0,2024-05-01,Cybersecurity,DE,other,435,3,8583,136,98,0.667,True,1,False,False,False,False,Enterprise,0.667,0.333,118,0,0,0.0,0,0.0,0,0.0,0,0,0,0,0,0.0,0.0,0
A-1e6fc3,2024-05-01,EdTech,FR,other,147,2,245,6,5,0.5,False,1,False,False,False,False,Basic,0.0,0.5,52,0,2,0.0,0,0.0,0,0.0,0,0,1,0,0,33.0,3.0,0
A-1f0636,2024-05-01,EdTech,AU,partner,121,4,20895,420,105,0.0,False,3,False,False,False,True,Pro,0.25,0.5,7,3,5,0.6,3,0.429,21,1962.333,0,1,0,0,0,60.0,4.0,0
A-1f0ac7,2024-05-01,HealthTech,UK,other,248,3,6598,82,34,0.667,True,0,False,False,False,False,Basic,0.333,0.333,28,1,1,1.0,1,1.0,11,6061.0,0,1,0,0,0,14.0,4.0,0
A-1f559b,2024-05-01,HealthTech,US,organic,240,5,8861,119,59,0.6,True,0,False,False,True,False,Basic,0.2,0.4,9,2,1,2.0,2,2.0,23,3202.0,1,0,0,0,0,0.0,4.0,0
A-1f7acb,2024-05-01,FinTech,UK,ads,269,3,15168,192,64,0.667,True,0,False,False,False,False,Basic,0.333,0.0,9,3,2,1.5,3,0.75,31,3884.333,1,0,0,0,0,0.0,5.0,0
A-202b67,2024-05-01,HealthTech,US,organic,40,1,539,11,11,1.0,False,0,False,False,False,False,Pro,0.0,1.0,86,0,1,0.0,0,0.0,0,0.0,0,0,1,0,0,35.0,5.0,0
A-20736a,2024-05-01,EdTech,IN,organic,46,0,0,0,0,0.0,0,0,0,0,0,0,0,0.0,0.0,0,5,4,1.25,3,0.75,43,2620.8,1,0,0,0,0,0.0,3.0,0
A-22d9d2,2024-05-01,DevTools,FR,event,40,3,2994,76,58,0.667,False,1,False,True,False,False,Basic,0.0,0.333,0,7,4,1.75,7,1.75,66,2795.0,1,1,0,0,0,31.0,4.0,0
A-2446e3,2024-05-01,EdTech,IN,organic,112,2,6696,54,27,1.0,True,0,False,False,False,False,Enterprise,0.5,0.5,14,1,6,0.167,1,0.2,10,4150.0,1,0,1,0,1,6.0,3.0,0
A-249769,2024-05-01,Cybersecurity,US,event,6,0,0,0,0,0.0,0,0,0,0,0,0,0,0.0,0.0,5,7,1,7.0,7,7.0,76,2328.286,1,0,0,0,0,0.0,0.0,0
A-271f46,2024-05-01,DevTools,US,event,447,4,1444,152,38,0.75,False,2,False,False,False,False,Basic,0.25,0.25,3,3,2,1.5,3,1.5,43,5185.0,1,0,0,0,0,0.0,4.0,0
A-296d7c,2024-05-01,DevTools,DE,other,175,2,475,25,19,0.5,False,0,False,False,False,False,Basic,0.0,0.0,23,1,4,0.25,1,0.333,14,6090.0,1,1,0,0,1,14.0,3.0,0
A-297a2d,2024-05-01,HealthTech,UK,event,362,3,8487,90,36,0.333,True,1,False,False,False,True,Basic,0.333,0.333,62,0,3,0.0,0,0.0,0,0.0,0,0,0,0,0,0.0,3.0,0
A-2b9d3e,2024-05-01,EdTech,US,partner,332,5,2105,46,18,0.2,True,1,False,False,False,True,Basic,0.4,0.2,4,3,6,0.5,3,0.5,26,3398.667,1,0,1,0,0,28.0,5.0,0
A-2bc93d,2024-05-01,HealthTech,US,event,414,8,27076,274,95,0.5,False,0,False,False,False,False,Enterprise,0.5,0.25,10,4,7,0.571,3,0.429,21,2081.25,1,0,0,0,0,0.0,4.0,0
A-2d4502,2024-05-01,FinTech,IN,event,2,1,392,8,8,0.0,False,0,False,False,False,False,Pro,0.0,1.0,6,1,7,0.143,1,0.143,13,1170.0,0,0,0,0,0,0.0,5.0,1
A-2e3bad,2024-05-01,FinTech,CA,other,262,5,19276,305,61,0.6,True,1,False,False,False,False,Enterprise,0.4,0.4,3,2,3,0.667,2,0.667,25,4166.0,1,0,0,0,0,0.0,3.0,0
A-2ebb4b,2024-05-01,HealthTech,US,ads,352,5,15723,229,65,0.6,False,2,False,False,False,False,Basic,0.2,0.2,29,1,5,0.2,1,0.167,13,2782.0,1,1,0,0,0,36.0,3.0,0
A-2edab2,2024-05-01,HealthTech,US,event,166,5,3145,85,17,0.6,True,0,False,False,False,False,Pro,0.0,0.6,1,4,5,0.8,4,0.8,55,6968.5,1,0,0,0,0,0.0,3.0,0
A-30b4ca,2024-05-01,EdTech,IN,organic,0,0,0,0,0,0.0,0,0,0,0,0,0,0,0.0,0.0,20,1,3,0.333,1,0.333,14,6034.0,1,0,0,0,0,0.0,4.0,0
A-313be3,2024-05-01,EdTech,US,partner,168,3,11656,141,47,0.0,True,1,False,False,False,False,Enterprise,0.667,0.333,2,4,5,0.8,4,0.8,32,1646.75,1,0,0,0,0,0.0,4.0,0
A-31ab9a,2024-05-01,FinTech,DE,organic,59,3,4459,91,73,0.667,False,0,False,False,False,False,Basic,0.333,0.333,4,1,2,0.5,1,0.5,13,182.0,1,0,0,0,0,0.0,4.0,0
A-32728c,2024-05-01,DevTools,US,event,484,6,3320,120,20,0.5,False,2,False,True,False,False,Pro,0.333,0.5,5,4,3,1.333,4,2.0,34,1625.25,1,0,0,0,0,0.0,4.0,0
A-328bd0,2024-05-01,HealthTech,AU,partner,351,9,9360,208,39,0.667,True,1,False,False,False,False,Basic,0.111,0.333,21,1,2,0.5,1,0.5,7,3759.0,1,0,2,0,0,43.5,3.0,0
A-32fb14,2024-05-01,DevTools,US,event,421,6,2926,180,47,0.333,True,1,False,False,False,False,Basic,0.0,0.0,11,3,4,0.75,3,0.75,42,5673.0,1,0,0,0,0,0.0,4.0,0
A-331424,2024-05-01,DevTools,US,organic,177,4,4587,44,11,0.25,True,1,False,False,False,False,Enterprise,0.5,0.25,34,0,3,0.0,0,0.0,0,0.0,0,0,0,0,0,0.0,4.0,0
A-337bc1,2024-05-01,Cybersecurity,US,organic,287,3,14405,95,34,0.667,False,0,False,False,False,False,Enterprise,0.667,0.333,5,2,3,0.667,2,0.667,26,5450.0,1,0,0,0,0,0.0,4.0,0
A-34d880,2024-05-01,Cybersecurity,AU,ads,20,2,10743,57,53,0.5,True,0,False,False,False,False,Enterprise,0.5,0.5,20,1,4,0.25,1,0.2,11,4444.0,0,0,0,0,0,0.0,3.0,0
A-35083d,2024-05-01,HealthTech,IN,partner,369,7,9614,154,34,0.429,True,2,False,True,False,False,Basic,0.429,0.143,0,3,6,0.5,3,0.429,36,3617.667,0,0,0,0,0,0.0,5.0,0
A-3793ee,2024-05-01,Cybersecurity,CA,organic,407,5,7203,245,49,0.6,False,2,False,False,False,False,Pro,0.4,0.6,54,0,2,0.0,0,0.0,0,0.0,0,0,0,0,0,0.0,4.0,0
A-37f969,2024-05-01,HealthTech,IN,partner,200,4,9879,141,51,0.75,True,0,False,False,False,False,Pro,0.25,0.5,17,1,1,1.0,1,1.0,4,804.0,1,1,0,0,1,5.0,4.0,0
A-3932db,2024-05-01,HealthTech,CA,other,210,3,1577,83,41,1.0,False,0,False,False,True,True,Basic,0.0,0.0,12,2,4,0.5,2,0.5,12,1029.0,0,0,0,0,0,0.0,5.0,0
A-39868b,2024-05-01,FinTech,AU,partner,45,1,1791,9,9,0.0,True,0,False,False,False,False,Enterprise,1.0,0.0,81,0,1,0.0,0,0.0,0,0.0,0,0,1,0,0,22.0,5.0,1
A-39b19f,2024-05-01,FinTech,US,partner,453,6,15558,192,55,0.667,True,0,False,False,False,False,Pro,0.167,0.833,51,0,5,0.0,0,0.0,0,0.0,0,0,0,0,0,0.0,4.0,0
A-3a5ad8,2024-05-01,HealthTech,US,organic,148,6,8970,78,31,0.5,False,2,False,False,False,False,Enterprise,0.5,0.167,12,1,4,0.25,1,0.25,10,340.0,0,0,0,0,0,0.0,4.0,0
A-3b37d9,2024-05-01,FinTech,US,event,460,5,14858,120,28,0.2,True,1,False,False,False,False,Enterprise,0.6,0.4,9,2,4,0.5,2,0.5,28,4796.0,0,0,0,0,0,0.0,4.0,0
A-3b5cd1,2024-05-01,FinTech,US,event,232,9,10542,151,31,0.778,True,1,False,False,False,False,Pro,0.222,0.556,17,2,5,0.4,2,0.4,25,4528.0,1,0,0,0,0,0.0,4.0,0
A-3be56b,2024-05-01,HealthTech,IN,event,188,5,9168,135,62,0.4,True,1,True,False,False,False,Pro,0.4,0.6,5,2,5,0.4,2,0.333,23,2631.5,1,0,1,0,0,60.0,4.0,0
A-3c1a3f,2024-05-01,DevTools,UK,event,249,7,9031,120,45,0.571,True,3,True,False,False,False,Basic,0.429,0.143,10,2,7,0.286,2,0.333,18,2965.5,0,0,1,0,0,19.0,3.0,0
A-3cc791,2024-05-01,EdTech,US,other,112,4,1498,59,25,0.5,True,2,False,False,False,False,Basic,0.25,0.0,49,0,7,0.0,0,0.0,0,0.0,0,0,1,0,0,71.0,5.0,0
A-3ce5b8,2024-05-01,FinTech,IN,ads,237,4,14203,247,189,0.5,False,0,False,False,False,False,Pro,0.25,0.75,23,1,5,0.2,1,0.2,10,2420.0,0,1,0,0,1,21.0,3.0,0
A-3d957b,2024-05-01,HealthTech,UK,other,27,0,0,0,0,0.0,0,0,0,0,0,0,0,0.0,0.0,21,1,1,1.0,1,1.0,7,987.0,0,0,2,0,0,39.5,3.0,1
A-40906c,2024-05-01,EdTech,US,ads,35,0,0,0,0,0.0,0,0,0,0,0,0,0,0.0,0.0,7,3,3,1.0,3,0.75,21,1454.0,0,0,0,0,0,0.0,0.0,0
A-40a557,2024-05-01,Cybersecurity,AU,partner,150,3,17313,87,55,0.333,False,0,False,False,False,False,Enterprise,1.0,0.0,8,2,3,0.667,2,0.5,22,4888.0,1,0,1,0,0,69.0,3.0,0
A-40de06,2024-05-01,Cybersecurity,US,event,359,8,18342,258,62,0.375,True,0,False,False,False,False,Pro,0.25,0.5,0,1,10,0.1,1,0.125,10,5510.0,0,0,1,0,1,55.0,4.0,0
A-417d2f,2024-05-01,Cybersecurity,IN,partner,302,7,17820,150,51,0.286,True,0,False,False,False,True,Basic,0.429,0.143,1,4,8,0.5,4,0.5,49,2509.25,1,0,1,0,0,52.0,5.0,0
A-425e76,2024-05-01,DevTools,UK,other,350,6,12515,155,71,0.667,True,0,False,False,False,False,Basic,0.333,0.333,7,4,1,4.0,4,2.0,35,2974.25,1,0,2,0,0,65.0,3.0,0
A-42b791,2024-05-01,FinTech,AU,event,0,0,0,0,0,0.0,0,0,0,0,0,0,0,0.0,0.0,20,1,2,0.5,1,0.5,10,660.0,0,0,0,0,0,0.0,3.0,0
A-432483,2024-05-01,Cybersecurity,US,ads,450,6,23265,139,60,0.5,True,1,False,False,False,False,Enterprise,0.5,0.333,26,1,6,0.167,1,0.167,13,5421.0,0,0,0,0,0,0.0,0.0,0
A-439b2f,2024-05-01,DevTools,US,ads,70,2,133,29,22,0.0,False,1,False,False,False,False,Basic,0.0,0.5,31,0,2,0.0,0,0.0,0,0.0,0,0,0,0,0,0.0,4.0,0
A-43a9e3,2024-05-01,FinTech,IN,other,258,7,9122,158,28,0.143,True,0,False,False,False,True,Basic,0.143,0.286,7,2,4,0.5,2,0.5,16,2396.0,1,0,0,0,0,0.0,4.0,0
A-4437e4,2024-05-01,Cybersecurity,US,event,228,6,4644,108,49,0.833,True,2,False,False,False,False,Basic,0.167,0.333,9,3,6,0.5,4,0.667,34,3098.5,1,0,0,0,0,0.0,3.0,0
A-45ce7a,2024-05-01,FinTech,US,ads,283,5,4728,88,22,0.8,True,1,False,False,False,True,Basic,0.2,0.4,21,3,4,0.75,3,0.75,38,3203.0,1,1,0,0,0,25.0,4.0,0
A-462d45,2024-05-01,Cybersecurity,US,partner,107,6,14717,251,89,0.5,True,1,False,False,True,True,Pro,0.167,0.5,8,4,3,1.333,3,1.0,38,1912.5,1,0,1,0,0,18.0,4.0,1
A-474ad4,2024-05-01,EdTech,US,organic,155,8,4532,136,53,0.375,True,1,False,False,False,False,Basic,0.0,0.5,20,2,2,1.0,2,1.0,13,1349.0,1,0,0,0,0,0.0,4.0,0
A-484819,2024-05-01,HealthTech,US,organic,435,4,11088,72,18,0.25,False,0,False,False,False,False,Enterprise,0.75,0.0,42,0,7,0.0,0,0.0,0,0.0,0,1,1,0,0,33.0,4.0,0
A-49b828,2024-05-01,FinTech,IN,ads,362,9,24511,205,49,0.556,False,1,False,False,False,False,Enterprise,0.444,0.333,0,3,2,1.5,3,3.0,29,3803.0,1,0,0,0,0,0.0,4.0,0
A-4a267b,2024-05-01,FinTech,US,other,0,0,0,0,0,0.0,0,0,0,0,0,0,0,0.0,0.0,5,2,6,0.333,2,0.333,16,2909.5,1,0,0,0,0,0.0,5.0,0
A-4a4c2d,2024-05-01,DevTools,US,event,365,9,28242,486,54,0.444,True,2,False,False,False,False,Basic,0.222,0.222,7,2,4,0.5,2,0.4,19,1190.5,0,0,0,0,0,0.0,4.0,0
A-4ae22a,2024-05-01,EdTech,US,other,0,0,0,0,0,0.0,0,0,0,0,0,0,0,0.0,0.0,19,1,2,0.5,1,1.0,8,3840.0,0,0,1,0,0,30.0,3.0,0
A-4c38bc,2024-05-01,HealthTech,UK,event,53,5,9216,180,36,0.8,True,1,False,False,False,False,Basic,0.2,0.0,0,1,5,0.2,1,0.2,12,3156.0,1,0,0,0,0,0.0,3.0,0
A-4c56c9,2024-05-01,FinTech,US,partner,133,0,0,0,0,0.0,0,0,0,0,0,0,0,0.0,0.0,5,3,7,0.429,3,0.429,32,4989.667,1,0,0,0,0,0.0,3.0,0
A-4c6f11,2024-05-01,FinTech,CA,organic,156,1,4776,24,24,1.0,False,0,False,False,False,False,Enterprise,1.0,0.0,19,1,3,0.333,1,0.333,13,507.0,0,0,0,0,0,0.0,5.0,0
A-4e0e85,2024-05-01,DevTools,US,organic,236,3,2388,32,20,0.667,False,1,False,False,False,False,Enterprise,0.667,0.333,38,0,4,0.0,0,0.0,0,0.0,0,0,0,0,0,0.0,0.0,0
A-4e631b,2024-05-01,FinTech,US,other,46,1,7960,40,40,1.0,True,0,False,False,False,False,Enterprise,1.0,0.0,0,5,6,0.833,5,0.833,52,2384.0,1,0,0,0,0,0.0,4.0,0
A-4e960a,2024-05-01,FinTech,US,other,105,5,18934,135,71,0.4,True,2,False,False,False,False,Enterprise,0.6,0.0,2,3,5,0.6,3,0.6,30,4348.667,1,0,0,0,0,0.0,3.0,0
A-4ef964,2024-05-01,HealthTech,US,organic,55,2,4216,34,17,0.0,True,0,False,False,False,False,Enterprise,0.5,0.5,13,3,2,1.5,3,1.5,23,2588.0,1,0,0,0,0,0.0,3.0,0
A-4f18f0,2024-05-01,DevTools,CA,other,10,2,1176,49,25,1.0,True,1,False,False,False,False,Enterprise,0.5,0.5,3,4,6,0.667,4,0.667,51,3175.75,1,0,1,0,0,56.0,4.0,1
A-503d5a,2024-05-01,FinTech,US,other,193,8,5460,171,50,0.75,True,3,False,False,False,False,Basic,0.375,0.125,5,3,4,0.75,3,0.75,30,4513.333,1,0,1,0,0,19.0,3.0,0
A-508199,2024-05-01,FinTech,AU,event,94,4,8436,84,27,0.25,True,0,False,False,False,False,Basic,0.5,0.0,67,0,2,0.0,0,0.0,0,0.0,0,0,2,0,1,52.0,3.0,0
A-50f3f7,2024-05-01,HealthTech,US,partner,131,3,10513,127,51,0.333,False,0,False,False,False,False,Basic,0.333,0.0,10,4,4,1.0,4,1.333,43,4621.5,1,0,0,0,0,0.0,5.0,0
A-51ec1b,2024-05-01,DevTools,US,ads,175,2,1602,18,11,0.5,False,0,True,True,False,False,Basic,0.5,0.0,48,0,3,0.0,0,0.0,0,0.0,0,0,0,0,0,0.0,5.0,0
A-5247b3,2024-05-01,FinTech,UK,partner,50,2,3184,32,16,1.0,False,1,False,False,False,False,Enterprise,0.5,0.5,6,1,4,0.25,1,0.25,9,5085.0,0,0,0,0,0,0.0,3.0,0
A-526d93,2024-05-01,HealthTech,FR,organic,17,2,18308,92,49,1.0,True,0,False,True,False,False,Enterprise,1.0,0.0,18,3,5,0.6,3,0.75,39,5159.667,1,1,1,0,1,63.0,4.0,0
A-52dd88,2024-05-01,Cybersecurity,US,ads,435,7,4839,164,26,0.429,True,1,False,False,False,False,Basic,0.0,0.429,0,2,2,1.0,2,1.0,16,2129.5,0,0,0,0,0,0.0,4.0,0
A-544d0a,2024-05-01,DevTools,US,organic,0,0,0,0,0,0.0,0,0,0,0,0,0,0,0.0,0.0,9,2,5,0.4,2,0.5,25,4480.5,0,1,0,1,1,50.0,3.0,0
A-54d94a,2024-05-01,Cybersecurity,IN,event,366,5,6239,213,55,0.6,True,1,False,False,True,False,Pro,0.2,0.6,8,2,4,0.5,2,0.4,18,2889.0,0,0,0,0,0,0.0,4.0,0
A-54ecc2,2024-05-01,Cybersecurity,US,partner,325,5,8431,83,34,0.6,True,1,False,False,False,False,Enterprise,0.6,0.2,1,1,7,0.143,1,0.143,9,5004.0,0,0,0,0,0,0.0,5.0,0
A-558c72,2024-05-01,FinTech,US,organic,335,5,6973,67,16,0.8,True,0,False,False,False,True,Enterprise,0.4,0.4,38,0,1,0.0,0,0.0,0,0.0,0,0,0,0,0,0.0,5.0,0
A-55f257,2024-05-01,FinTech,US,organic,132,6,6782,106,38,0.5,True,1,False,False,False,True,Pro,0.333,0.667,43,0,4,0.0,0,0.0,0,0.0,0,0,0,0,0,0.0,5.0,0
A-560d27,2024-05-01,DevTools,US,organic,0,0,0,0,0,0.0,0,0,0,0,0,0,0,0.0,0.0,3,3,2,1.5,3,1.5,31,2488.333,0,0,1,0,0,12.0,3.0,0
A-58b9ff,2024-05-01,DevTools,IN,partner,0,0,0,0,0,0.0,0,0,0,0,0,0,0,0.0,0.0,6,2,11,0.182,2,0.167,20,3505.0,0,0,0,0,0,0.0,4.0,0
A-59f724,2024-05-01,HealthTech,US,other,180,3,5260,43,22,0.667,False,1,False,False,False,False,Basic,0.333,0.333,17,2,4,0.5,2,0.667,24,4926.0,0,0,0,0,0,0.0,4.0,0
A-5a184f,2024-05-01,DevTools,DE,other,317,8,19980,229,74,0.5,False,1,False,False,False,False,Basic,0.375,0.25,0,2,6,0.333,2,0.25,20,2642.0,1,1,0,0,0,37.0,4.0,0
A-5a215a,2024-05-01,EdTech,FR,other,117,5,23229,435,87,0.6,True,2,False,False,False,True,Enterprise,0.4,0.4,8,2,4,0.5,2,0.5,26,4788.0,0,0,0,0,0,0.0,4.0,0
A-5a3eb9,2024-05-01,DevTools,CA,other,255,5,5842,148,65,0.0,False,0,False,False,True,False,Pro,0.0,0.6,3,3,7,0.429,3,0.429,22,1574.667,1,1,0,0,0,5.0,4.0,0
A-5b1bcd,2024-05-01,DevTools,US,organic,228,9,89936,657,73,0.444,False,1,False,False,False,False,Enterprise,0.667,0.111,13,3,5,0.6,3,0.429,39,4151.0,0,1,1,0,1,62.5,4.0,0
A-600734,2024-05-01,DevTools,US,organic,169,7,11687,203,29,0.571,True,0,False,False,False,True,Basic,0.143,0.429,3,2,7,0.286,2,0.25,12,768.0,1,0,1,0,0,67.0,4.0,0
A-659280,2024-05-01,FinTech,IN,event,166,6,15857,143,47,0.333,True,0,False,False,False,True,Enterprise,0.5,0.333,4,6,2,3.0,6,3.0,78,3654.875,1,0,1,0,0,2.0,4.0,0
A-65a46c,2024-05-01,HealthTech,US,event,179,4,18510,150,78,0.75,False,0,False,True,False,False,Basic,0.5,0.0,17,2,3,0.667,1,0.333,22,4260.0,1,1,1,0,1,44.0,5.0,0
A-65aeb5,2024-05-01,DevTools,US,partner,97,2,12708,72,63,1.0,True,0,False,False,False,False,Basic,0.5,0.0,4,5,7,0.714,6,0.857,70,4216.667,1,0,0,0,0,0.0,5.0,0
A-65c341,2024-05-01,FinTech,US,ads,127,3,23718,132,84,0.333,False,0,False,False,False,False,Enterprise,0.667,0.333,26,1,2,0.5,1,0.5,15,7995.0,0,0,0,0,0,0.0,4.0,0
A-67be94,2024-05-01,EdTech,US,organic,393,5,10308,192,62,0.6,True,0,False,False,False,False,Basic,0.2,0.0,52,0,3,0.0,0,0.0,0,0.0,0,0,0,0,0,0.0,5.0,1
A-684255,2024-05-01,FinTech,US,ads,17,1,608,32,32,0.0,False,0,False,False,False,False,Basic,0.0,0.0,4,4,6,0.667,5,0.833,44,1871.0,1,1,0,0,1,10.0,4.0,1
A-68f37c,2024-05-01,HealthTech,US,ads,291,10,30739,364,121,0.7,True,2,False,False,False,False,Basic,0.3,0.2,22,1,6,0.167,1,0.167,5,1760.0,0,1,0,0,0,18.0,4.0,1
A-692f18,2024-05-01,EdTech,US,other,34,2,6702,48,29,0.5,False,0,False,False,False,False,Enterprise,0.5,0.5,0,4,9,0.444,4,0.444,34,1621.0,1,0,0,0,0,0.0,0.0,0
A-69b156,2024-05-01,EdTech,US,other,162,3,7308,42,28,0.333,True,0,False,False,False,False,Enterprise,0.667,0.333,0,3,2,1.5,3,1.5,38,5005.0,1,0,1,0,0,33.0,4.0,0
A-69fad4,2024-05-01,FinTech,UK,ads,391,7,8721,112,35,0.571,True,1,False,False,False,False,Basic,0.429,0.143,37,0,2,0.0,0,0.0,0,0.0,0,0,0,0,0,0.0,4.0,0
A-6a4e2d,2024-05-01,EdTech,UK,partner,390,9,9214,222,56,0.444,True,1,True,False,False,False,Basic,0.222,0.222,0,3,6,0.5,3,0.429,22,3177.333,1,1,0,0,0,22.0,4.0,0
A-6c093d,2024-05-01,DevTools,US,partner,383,6,2791,111,62,0.333,True,1,False,False,False,False,Basic,0.167,0.333,20,3,8,0.375,3,0.3,38,3983.333,0,0,0,0,0,0.0,4.0,0
A-6da850,2024-05-01,FinTech,IN,organic,207,8,3951,127,34,0.625,True,2,True,False,False,False,Basic,0.25,0.25,6,5,4,1.25,4,1.0,48,2716.2,1,0,0,0,0,0.0,4.0,0
A-6dee43,2024-05-01,FinTech,UK,other,263,6,18854,116,80,0.333,True,0,False,True,False,False,Basic,0.333,0.167,20,2,3,0.667,2,0.5,14,2348.5,0,0,0,0,0,0.0,5.0,0
A-6e08f3,2024-05-01,Cybersecurity,US,event,429,4,6965,77,24,0.75,True,2,False,False,False,True,Enterprise,0.75,0.25,21,3,4,0.75,3,0.75,31,1506.333,0,0,0,0,0,0.0,3.0,0
A-6e7827,2024-05-01,DevTools,US,other,402,6,2872,58,35,0.667,True,0,False,False,False,False,Pro,0.167,0.667,33,0,5,0.0,0,0.0,0,0.0,0,0,0,0,0,0.0,0.0,0
A-6f50ae,2024-05-01,FinTech,US,partner,223,7,5225,133,19,0.429,True,2,False,False,True,False,Basic,0.286,0.143,4,5,5,1.0,4,0.8,60,3566.4,1,0,0,0,0,0.0,5.0,0
A-702032,2024-05-01,HealthTech,US,ads,211,1,5572,28,28,0.0,False,0,False,False,False,False,Enterprise,1.0,0.0,19,1,1,1.0,1,1.0,16,3184.0,1,0,0,0,0,0.0,3.0,0
A-712533,2024-05-01,EdTech,US,organic,275,6,5686,157,45,0.333,False,2,False,False,False,False,Basic,0.333,0.167,1,4,4,1.0,4,0.8,38,2537.0,1,0,0,0,0,0.0,3.0,0
A-712f1c,2024-05-01,DevTools,US,ads,137,7,31785,253,75,0.571,True,1,False,False,False,False,Enterprise,0.571,0.286,1,4,4,1.0,5,0.833,42,1928.8,1,0,1,0,0,43.0,4.0,0
A-71615e,2024-05-01,EdTech,US,organic,0,0,0,0,0,0.0,0,0,0,0,0,0,0,0.0,0.0,19,1,4,0.25,1,0.25,15,4020.0,0,0,0,0,0,0.0,4.0,0
A-716841,2024-05-01,FinTech,US,other,0,0,0,0,0,0.0,0,0,0,0,0,0,0,0.0,0.0,18,1,2,0.5,1,0.5,11,4939.0,0,1,1,0,0,4.0,4.0,0
A-726cfa,2024-05-01,DevTools,US,partner,305,11,13780,201,30,0.455,True,1,False,False,False,True,Pro,0.273,0.455,1,6,6,1.0,7,1.4,74,2822.714,0,0,0,0,0,0.0,4.0,0
A-72799b,2024-05-01,DevTools,FR,event,170,6,6366,134,34,0.5,True,1,True,False,False,True,Basic,0.333,0.167,1,4,3,1.333,4,1.333,33,2117.25,1,0,0,0,0,0.0,4.0,1
A-756192,2024-05-01,FinTech,IN,other,325,2,931,38,19,1.0,True,1,False,False,False,False,Pro,0.0,1.0,36,0,8,0.0,0,0.0,0,0.0,0,0,0,0,0,0.0,5.0,0
A-7641d3,2024-05-01,EdTech,US,partner,440,4,1744,103,76,1.0,True,2,False,False,False,False,Pro,0.25,0.5,4,2,1,2.0,2,2.0,24,6738.0,1,0,0,0,0,0.0,5.0,0
A-779e4e,2024-05-01,HealthTech,US,organic,485,6,24419,161,58,0.333,False,0,False,False,False,False,Enterprise,0.5,0.333,18,1,6,0.167,1,0.167,11,319.0,1,0,0,0,0,0.0,5.0,0
A-7920cc,2024-05-01,Cybersecurity,FR,ads,160,8,21471,338,54,0.5,False,2,False,False,False,True,Basic,0.25,0.125,21,1,6,0.167,1,0.2,10,3030.0,1,0,1,0,0,5.0,3.0,0
A-794a0b,2024-05-01,HealthTech,DE,organic,334,4,3279,104,35,0.5,True,1,False,False,False,False,Pro,0.0,0.75,10,1,2,0.5,1,0.5,10,5150.0,0,0,0,0,0,0.0,0.0,0
A-7988d1,2024-05-01,Cybersecurity,US,other,133,2,627,66,33,0.5,False,1,False,False,False,False,Basic,0.0,0.0,1,2,4,0.5,2,0.5,18,4681.0,1,0,0,0,0,0.0,5.0,0
A-798a3f,2024-05-01,DevTools,FR,other,195,4,3775,97,42,0.0,True,1,False,False,False,False,Basic,0.5,0.0,4,3,6,0.5,2,0.4,30,1846.667,0,0,0,0,0,0.0,3.0,0
A-7c4956,2024-05-01,DevTools,US,ads,361,6,1702,88,51,0.667,True,2,False,False,False,False,Basic,0.167,0.167,7,3,2,1.5,3,1.5,34,2845.333,1,0,0,0,0,0.0,0.0,0
A-7c5768,2024-05-01,HealthTech,UK,event,60,1,995,5,5,0.0,False,0,False,False,False,False,Enterprise,1.0,0.0,4,3,4,0.75,3,0.75,27,2679.0,1,1,0,0,1,62.0,5.0,0
A-7c83a1,2024-05-01,Cybersecurity,US,partner,0,0,0,0,0,0.0,0,0,0,0,0,0,0,0.0,0.0,0,3,2,1.5,3,1.5,26,2705.333,1,2,0,0,0,29.5,5.0,1
A-7d514c,2024-05-01,HealthTech,DE,organic,88,3,7089,68,34,1.0,False,1,False,False,False,True,Enterprise,0.667,0.0,1,3,3,1.0,3,1.0,30,2226.0,0,0,2,0,1,24.0,5.0,0
A-7df7a7,2024-05-01,DevTools,US,organic,459,10,18276,228,85,0.7,True,2,False,False,False,False,Enterprise,0.4,0.4,5,3,4,0.75,4,1.0,33,2054.25,1,0,1,1,0,26.0,3.0,0
A-7e0a10,2024-05-01,FinTech,US,ads,165,7,25438,322,46,0.857,True,0,False,False,False,True,Basic,0.286,0.286,3,2,4,0.5,2,0.5,13,2895.5,1,0,0,0,0,0.0,3.0,0
A-7f4db3,2024-05-01,FinTech,US,other,423,8,5092,97,39,0.5,True,1,False,False,False,False,Pro,0.25,0.625,2,4,6,0.667,4,0.667,34,2081.25,0,0,0,0,0,0.0,3.0,0
A-7f6b86,2024-05-01,HealthTech,US,partner,251,4,5951,194,59,0.25,True,1,False,False,False,False,Pro,0.0,0.75,4,1,5,0.2,1,0.2,12,5160.0,0,0,0,0,0,0.0,3.0,0
A-7f8241,2024-05-01,EdTech,US,organic,414,11,23274,400,60,0.455,True,1,False,False,False,False,Basic,0.273,0.364,8,3,9,0.333,3,0.333,20,1114.667,0,1,0,0,0,36.0,3.0,0
A-80eeb6,2024-05-01,Cybersecurity,UK,organic,358,9,43166,314,68,0.778,False,0,False,False,False,False,Enterprise,0.556,0.111,0,3,5,0.6,3,0.6,35,2948.667,1,0,0,0,0,0.0,3.0,0
A-812c5b,2024-05-01,DevTools,CA,organic,66,1,0,55,55,1.0,False,1,False,False,False,False,Pro,0.0,1.0,1,5,7,0.714,5,0.714,53,3506.0,1,0,0,0,0,0.0,4.0,1
A-8145a0,2024-05-01,Cybersecurity,AU,partner,372,9,14359,158,44,0.556,True,1,False,True,False,False,Enterprise,0.667,0.0,1,1,6,0.167,1,0.2,6,738.0,0,0,1,0,0,38.0,3.0,0
A-81edc3,2024-05-01,Cybersecurity,IN,ads,184,5,3460,47,18,0.8,True,1,False,False,False,False,Enterprise,0.6,0.4,0,5,5,1.0,6,1.2,61,3706.5,0,0,0,0,0,0.0,3.0,0
A-82861f,2024-05-01,DevTools,UK,organic,6,0,0,0,0,0.0,0,0,0,0,0,0,0,0.0,0.0,8,1,0,0.0,1,0.0,8,592.0,0,0,1,0,1,6.0,4.0,1
A-832ec2,2024-05-01,FinTech,UK,event,164,4,4104,61,25,0.75,True,1,False,False,False,False,Basic,0.25,0.0,22,2,8,0.25,2,0.286,18,4445.0,1,1,1,1,0,12.0,4.0,0
A-84ebe4,2024-05-01,FinTech,US,ads,416,8,11875,163,34,0.25,True,1,False,False,False,False,Enterprise,0.375,0.375,2,1,4,0.25,1,0.25,9,1548.0,1,0,0,0,0,0.0,4.0,0
A-855a48,2024-05-01,EdTech,US,partner,131,4,12531,99,40,0.25,True,0,False,False,False,False,Enterprise,0.5,0.25,21,1,3,0.333,1,0.25,9,1422.0,0,0,0,0,0,0.0,4.0,0
A-856b1e,2024-05-01,FinTech,US,partner,183,5,6321,129,36,1.0,True,0,False,False,False,False,Pro,0.0,1.0,2,3,1,3.0,3,3.0,38,5461.0,1,0,1,1,0,38.0,4.0,0
A-86902e,2024-05-01,HealthTech,IN,other,365,6,20197,231,61,0.5,True,2,False,True,False,False,Basic,0.333,0.167,9,2,5,0.4,2,0.4,23,4411.5,1,0,2,0,1,51.0,3.0,0
A-87aa7b,2024-05-01,HealthTech,US,organic,0,0,0,0,0,0.0,0,0,0,0,0,0,0,0.0,0.0,30,1,5,0.2,1,0.167,7,1267.0,0,0,1,0,0,1.0,4.0,0
A-883b7d,2024-05-01,Cybersecurity,IN,other,34,4,6028,142,53,0.75,True,0,False,False,False,False,Pro,0.0,0.75,22,1,5,0.2,1,0.2,10,5070.0,0,0,0,0,0,0.0,4.0,0
A-8adedc,2024-05-01,EdTech,US,event,80,5,20862,168,79,0.2,False,0,False,False,False,False,Enterprise,0.6,0.2,5,4,7,0.571,4,0.5,37,3504.0,0,0,0,0,0,0.0,4.0,0
A-8b25f2,2024-05-01,Cybersecurity,US,ads,74,2,294,26,20,0.5,False,1,False,False,False,False,Enterprise,0.5,0.5,7,3,7,0.429,3,0.5,19,1739.333,0,0,1,0,0,19.0,3.0,0
A-8e47ca,2024-05-01,HealthTech,US,organic,76,5,15023,107,31,0.6,True,0,False,False,False,True,Enterprise,0.6,0.2,9,2,2,1.0,2,1.0,22,3194.5,0,0,1,0,0,10.0,3.0,0
A-8ed5dd,2024-05-01,EdTech,UK,event,307,8,10894,106,46,0.375,True,0,False,True,False,False,Enterprise,0.375,0.375,10,4,4,1.0,4,1.0,43,3751.25,1,0,0,0,0,0.0,5.0,0
A-9123ac,2024-05-01,Cybersecurity,DE,organic,316,2,8529,51,42,0.5,False,0,False,False,False,False,Basic,0.5,0.0,28,1,4,0.25,1,0.25,6,2586.0,1,0,0,0,0,0.0,5.0,0
A-91e948,2024-05-01,EdTech,AU,partner,458,5,5576,205,41,0.8,False,1,False,False,False,False,Basic,0.0,0.4,5,3,2,1.5,3,1.0,21,1085.0,1,0,0,0,0,0.0,0.0,0
A-9208f0,2024-05-01,EdTech,US,organic,356,7,3511,136,49,0.571,True,2,False,False,False,False,Basic,0.286,0.286,5,2,4,0.5,2,0.667,30,3752.333,1,0,0,0,0,0.0,4.0,1
A-922109,2024-05-01,Cybersecurity,US,ads,96,3,3377,113,72,0.0,False,0,False,False,False,False,Pro,0.0,0.667,0,4,6,0.667,4,0.571,40,3520.0,0,1,0,0,0,49.0,3.0,0
A-9289f6,2024-05-01,EdTech,US,event,336,7,8192,180,81,0.429,False,1,False,False,False,False,Basic,0.286,0.286,4,3,3,1.0,3,1.0,26,1155.0,1,0,0,0,0,0.0,3.0,0
A-92a333,2024-05-01,FinTech,US,event,404,4,9215,65,33,0.25,False,0,False,False,False,False,Enterprise,0.5,0.25,12,2,3,0.667,2,0.667,23,3575.0,1,0,0,0,0,0.0,4.0,0
A-940b8b,2024-05-01,HealthTech,DE,organic,43,2,7544,56,32,0.0,True,0,True,True,False,False,Enterprise,0.5,0.5,5,3,3,1.0,3,1.0,32,3054.667,1,0,0,0,0,0.0,3.0,0
A-94c3cd,2024-05-01,FinTech,CA,other,224,1,0,32,32,0.0,False,1,False,False,False,False,Enterprise,1.0,0.0,10,1,2,0.5,1,0.5,9,2574.0,1,0,0,0,0,0.0,4.0,0
A-94d3da,2024-05-01,HealthTech,US,other,364,9,13735,369,41,0.444,True,4,False,False,False,False,Pro,0.111,0.556,16,4,5,0.8,4,0.8,43,4709.75,1,0,0,0,0,0.0,3.0,0
A-94f8c9,2024-05-01,HealthTech,US,other,33,3,3224,39,13,1.0,False,1,False,True,False,False,Enterprise,0.667,0.333,5,3,5,0.6,3,0.6,33,1635.0,1,0,1,0,1,22.0,5.0,1
A-95b24a,2024-05-01,FinTech,US,event,330,7,22450,280,47,0.286,True,0,False,False,False,False,Basic,0.286,0.286,6,4,3,1.333,4,1.333,37,2074.0,0,0,2,0,0,8.5,5.0,0
A-96bbc6,2024-05-01,Cybersecurity,US,organic,0,0,0,0,0,0.0,0,0,0,0,0,0,0,0.0,0.0,13,3,1,3.0,3,3.0,32,3691.0,1,0,0,0,0,0.0,3.0,0
A-96e141,2024-05-01,DevTools,UK,partner,263,3,2646,94,40,0.667,False,1,False,False,False,False,Pro,0.333,0.667,0,4,1,4.0,4,4.0,44,4757.75,1,1,1,0,0,46.5,5.0,0
A-970c97,2024-05-01,HealthTech,DE,other,61,2,5572,28,14,1.0,True,0,False,False,True,False,Enterprise,1.0,0.0,40,0,3,0.0,0,0.0,0,0.0,0,0,0,0,0,0.0,5.0,0
A-9779ad,2024-05-01,Cybersecurity,AU,event,33,1,7960,40,40,0.0,False,0,False,False,False,False,Enterprise,1.0,0.0,0,5,3,1.667,5,1.667,44,2655.0,0,0,0,0,0,0.0,4.0,0
A-977ca0,2024-05-01,HealthTech,IN,partner,436,12,25755,297,92,0.75,True,4,False,False,False,False,Pro,0.25,0.417,2,2,5,0.4,2,0.333,14,1502.0,1,0,0,0,0,0.0,4.0,0
A-98a59a,2024-05-01,FinTech,UK,partner,271,5,10360,280,56,0.6,True,0,False,False,False,True,Pro,0.0,0.6,29,1,4,0.25,1,0.25,13,3978.0,0,0,0,0,0,0.0,4.0,0
A-993085,2024-05-01,HealthTech,US,ads,335,8,33335,275,49,0.375,True,0,False,False,False,False,Enterprise,0.5,0.125,3,3,3,1.0,3,1.5,41,2573.75,1,0,2,0,0,59.0,4.0,0
A-9affe6,2024-05-01,Cybersecurity,US,other,406,6,6580,130,56,0.5,True,0,False,False,False,False,Basic,0.333,0.333,10,3,3,1.0,3,1.0,23,2794.333,0,0,1,0,0,60.0,3.0,0
A-9b9fe9,2024-05-01,EdTech,AU,other,216,5,2857,54,24,0.4,True,1,False,False,False,False,Pro,0.2,0.6,3,3,5,0.6,3,0.6,37,5085.0,1,0,0,0,0,0.0,4.0,0
A-9bfc9f,2024-05-01,DevTools,CA,ads,230,7,9805,371,53,0.571,True,2,False,False,True,True,Pro,0.0,0.714,12,2,4,0.5,2,0.5,21,478.5,1,0,2,0,0,31.0,3.0,0
A-9c18c4,2024-05-01,HealthTech,US,ads,279,7,13445,95,19,0.571,True,0,False,False,False,False,Enterprise,0.571,0.286,8,1,2,0.5,1,0.5,10,4560.0,1,1,0,0,0,56.0,5.0,0
A-9ee962,2024-05-01,HealthTech,US,ads,428,5,3136,82,30,0.4,True,2,False,False,False,False,Pro,0.0,0.6,2,3,3,1.0,3,1.0,30,2066.0,1,0,1,0,0,64.0,4.0,0
A-9f0b68,2024-05-01,EdTech,US,ads,3,0,0,0,0,0.0,0,0,0,0,0,0,0,0.0,0.0,8,1,8,0.125,1,0.125,7,1603.0,1,0,0,0,0,0.0,4.0,0
A-9f9299,2024-05-01,FinTech,US,organic,242,5,13580,140,28,0.6,True,0,False,False,False,False,Basic,0.4,0.2,3,4,1,4.0,3,3.0,30,2191.0,1,0,0,0,0,0.0,4.0,0
A-a0ca4e,2024-05-01,Cybersecurity,US,ads,54,1,2388,12,12,0.0,False,0,False,False,False,False,Enterprise,1.0,0.0,0,1,4,0.25,1,0.25,11,1056.0,0,0,0,0,0,0.0,5.0,0
A-a1b80b,2024-05-01,HealthTech,US,organic,156,4,17438,122,52,0.5,True,0,False,False,False,True,Enterprise,0.75,0.0,5,2,4,0.5,2,0.5,20,2396.0,0,0,0,0,0,0.0,4.0,0
A-a1bbb6,2024-05-01,DevTools,CA,organic,392,7,14402,98,28,0.714,True,0,False,False,False,False,Enterprise,0.571,0.429,12,2,2,1.0,2,1.0,26,461.5,1,0,0,0,0,0.0,4.0,0
A-a6d261,2024-05-01,FinTech,CA,other,154,7,28252,187,103,0.857,True,1,False,False,False,True,Enterprise,0.571,0.286,13,1,7,0.143,1,0.143,14,4298.0,1,0,1,0,0,1.0,5.0,0
A-a7bd4b,2024-05-01,Cybersecurity,US,ads,441,6,2016,104,48,0.333,True,2,False,False,False,False,Pro,0.167,0.5,12,2,4,0.5,2,0.5,24,4395.0,1,0,0,0,0,0.0,3.0,0
A-a865bd,2024-05-01,Cybersecurity,US,organic,225,3,10716,144,68,0.667,False,0,False,False,False,False,Basic,0.333,0.333,85,0,1,0.0,0,0.0,0,0.0,0,0,0,0,0,0.0,0.0,0
A-a8b49c,2024-05-01,Cybersecurity,UK,partner,208,8,3888,107,26,0.625,True,2,False,False,False,False,Pro,0.125,0.5,0,4,2,2.0,4,1.333,37,2642.5,1,0,0,0,0,0.0,4.0,0
A-a8d89d,2024-05-01,EdTech,US,ads,145,3,18356,104,78,0.667,True,0,False,True,False,False,Enterprise,0.667,0.0,3,2,5,0.4,2,0.4,26,4108.0,0,0,1,0,0,29.0,5.0,0
A-aa9511,2024-05-01,DevTools,US,other,204,6,32011,222,97,0.667,False,1,False,False,False,False,Enterprise,0.667,0.167,3,3,8,0.375,3,0.375,27,1829.333,1,0,0,0,0,0.0,4.0,0
A-ac14bb,2024-05-01,FinTech,US,partner,236,7,27214,222,71,0.571,True,1,False,False,False,False,Enterprise,0.429,0.286,5,2,4,0.5,2,0.5,12,2139.0,1,0,1,0,0,21.0,4.0,0
A-ac9111,2024-05-01,HealthTech,US,event,263,6,4235,181,56,0.5,True,1,False,False,False,False,Basic,0.167,0.333,13,5,5,1.0,4,0.8,53,2351.4,1,0,1,0,0,14.0,5.0,0
A-acb7f7,2024-05-01,EdTech,US,ads,116,6,21854,208,41,0.5,True,1,False,True,False,True,Enterprise,0.5,0.333,9,2,6,0.333,2,0.333,8,1516.0,1,0,0,0,0,0.0,3.0,0
A-ad3abd,2024-05-01,FinTech,US,event,425,5,12584,220,44,0.4,True,1,False,False,False,False,Basic,0.2,0.2,30,1,3,0.333,1,0.333,10,1890.0,0,0,0,0,0,0.0,3.0,0
A-ad64c6,2024-05-01,DevTools,UK,event,68,1,2388,12,12,1.0,True,0,False,False,False,False,Enterprise,1.0,0.0,29,1,0,0.0,1,0.0,7,3934.0,1,1,0,0,0,4.0,4.0,0
A-ae052e,2024-05-01,FinTech,CA,other,233,2,1911,78,39,1.0,False,1,False,False,False,True,Pro,0.0,1.0,5,2,2,1.0,2,1.0,30,3033.0,1,0,0,0,0,0.0,3.0,0
A-af0cd2,2024-05-01,Cybersecurity,IN,other,484,7,4085,144,30,0.429,True,1,False,False,False,False,Basic,0.0,0.429,13,1,5,0.2,1,0.167,11,3553.0,0,1,0,0,1,69.0,4.0,0
A-afa505,2024-05-01,DevTools,US,partner,126,2,3430,140,70,0.5,True,1,False,False,False,False,Pro,0.0,1.0,4,2,2,1.0,2,1.0,22,1728.0,0,0,0,0,0,0.0,3.0,0
A-b11cd0,2024-05-01,DevTools,US,ads,467,5,3532,140,36,0.8,False,2,False,False,False,False,Basic,0.0,0.4,21,1,4,0.25,1,0.25,14,1022.0,1,0,0,0,0,0.0,5.0,0
A-b20d99,2024-05-01,HealthTech,IN,other,217,3,5006,74,34,0.333,True,0,False,False,False,False,Basic,0.333,0.0,3,1,3,0.333,1,0.333,9,117.0,1,0,0,0,0,0.0,4.0,0
A-b2225d,2024-05-01,FinTech,US,ads,54,1,0,47,47,0.0,True,1,True,False,False,False,Enterprise,1.0,0.0,9,4,7,0.571,3,0.429,35,3501.75,1,1,0,0,0,24.0,3.0,1
A-b30291,2024-05-01,HealthTech,US,event,26,2,190,10,5,1.0,False,0,False,False,False,False,Basic,0.0,0.0,18,1,5,0.2,1,0.2,7,364.0,0,0,0,0,0,0.0,4.0,0
A-b3fe05,2024-05-01,Cybersecurity,CA,partner,0,0,0,0,0,0.0,0,0,0,0,0,0,0,0.0,0.0,26,1,3,0.333,1,0.333,14,5516.0,0,0,0,0,0,0.0,3.0,0
A-b44e3e,2024-05-01,Cybersecurity,UK,ads,79,3,19641,159,79,0.0,False,0,False,True,False,True,Pro,0.333,0.667,22,2,3,0.667,2,0.667,22,4470.5,1,0,0,0,0,0.0,4.0,0
A-b7724f,2024-05-01,HealthTech,UK,organic,400,1,627,33,33,1.0,False,0,False,False,False,False,Basic,0.0,0.0,62,0,4,0.0,0,0.0,0,0.0,0,0,0,0,0,0.0,3.0,0
A-b7ef83,2024-05-01,Cybersecurity,UK,partner,0,0,0,0,0,0.0,0,0,0,0,0,0,0,0.0,0.0,2,6,8,0.75,5,0.625,56,3172.333,1,0,0,0,0,0.0,4.0,0
A-b9eed8,2024-05-01,Cybersecurity,US,organic,68,1,2985,15,15,0.0,True,0,False,False,False,False,Enterprise,1.0,0.0,3,5,4,1.25,5,1.25,44,2200.0,1,0,0,0,0,0.0,3.0,0
A-b9f5b1,2024-05-01,Cybersecurity,US,other,463,2,0,57,42,0.5,True,2,False,False,False,False,Enterprise,1.0,0.0,9,1,0,0.0,1,0.0,10,5750.0,0,0,0,0,0,0.0,3.0,0
A-ba6516,2024-05-01,FinTech,US,ads,185,6,8235,190,55,0.667,True,1,True,False,False,False,Basic,0.167,0.333,27,3,5,0.6,2,0.4,23,1470.0,1,0,1,0,0,24.0,3.0,0
A-bad8c1,2024-05-01,FinTech,AU,organic,427,6,5984,186,60,0.833,False,2,False,False,False,True,Basic,0.333,0.333,28,1,6,0.167,1,0.167,12,5412.0,0,1,0,0,0,27.0,4.0,0
A-bb2f49,2024-05-01,Cybersecurity,US,other,339,6,15900,158,68,0.667,False,1,False,False,False,False,Pro,0.333,0.667,12,3,7,0.429,3,0.375,32,2023.667,1,0,1,0,0,18.0,4.0,0
A-bb3bd4,2024-05-01,HealthTech,US,ads,95,1,4577,23,23,0.0,False,0,False,True,False,False,Enterprise,1.0,0.0,11,2,5,0.4,2,0.4,27,3054.0,1,0,1,0,1,41.0,4.0,1
A-bbe56f,2024-05-01,HealthTech,US,ads,440,4,5607,84,21,0.25,False,1,False,False,False,False,Basic,0.25,0.25,24,1,1,1.0,1,1.0,8,1064.0,0,0,0,0,0,0.0,0.0,0
A-bcf664,2024-05-01,DevTools,US,other,348,8,8956,197,59,0.625,False,2,False,False,False,False,Basic,0.25,0.125,5,1,4,0.25,1,0.25,12,2112.0,0,0,0,0,0,0.0,5.0,0
A-bece89,2024-05-01,Cybersecurity,IN,event,152,4,12214,106,28,0.5,True,0,False,False,False,False,Enterprise,0.5,0.25,10,2,0,0.0,2,0.0,19,3736.0,1,0,2,0,1,39.5,3.0,0
A-c16b88,2024-05-01,HealthTech,US,event,151,2,0,50,27,0.0,False,2,False,False,False,False,Pro,0.0,1.0,12,3,3,1.0,3,1.0,22,1651.333,0,1,0,0,0,56.0,3.0,0
A-c1dfe1,2024-05-01,DevTools,DE,ads,268,5,11963,137,33,0.8,True,0,True,False,False,True,Basic,0.4,0.0,5,3,4,0.75,3,0.6,33,4179.333,1,0,0,0,0,0.0,4.0,0
A-c222ab,2024-05-01,Cybersecurity,US,other,0,0,0,0,0,0.0,0,0,0,0,0,0,0,0.0,0.0,8,2,2,1.0,2,1.0,20,3764.0,1,0,0,0,0,0.0,0.0,0
A-c45b23,2024-05-01,FinTech,UK,partner,145,4,968,32,12,0.75,False,0,False,False,False,False,Basic,0.0,0.5,3,3,8,0.375,2,0.25,28,3401.333,1,1,0,0,0,61.0,4.0,0
A-c4ea60,2024-05-01,FinTech,DE,other,419,3,1254,124,58,0.333,True,1,False,False,False,False,Basic,0.0,0.0,30,2,1,2.0,1,1.0,25,3112.5,0,1,0,0,0,47.0,3.0,0
A-c608c8,2024-05-01,DevTools,DE,ads,370,5,6201,99,58,0.6,True,0,False,False,False,True,Pro,0.4,0.6,2,2,3,0.667,2,0.667,20,5478.5,1,0,0,0,0,0.0,3.0,0
A-c62e55,2024-05-01,EdTech,US,partner,448,6,6761,149,56,0.167,True,0,False,True,False,False,Pro,0.0,0.667,37,0,6,0.0,0,0.0,0,0.0,0,0,2,0,1,18.0,5.0,0
A-c7e58b,2024-05-01,HealthTech,IN,other,311,3,3440,20,10,0.667,True,0,False,False,False,False,Enterprise,0.667,0.0,0,2,1,2.0,2,2.0,15,2077.5,1,0,0,0,0,0.0,4.0,0
A-c7ffc2,2024-05-01,Cybersecurity,US,partner,460,8,28071,369,132,0.5,True,0,False,False,False,False,Basic,0.375,0.25,7,4,4,1.0,4,1.0,37,2788.0,1,0,1,0,0,65.0,3.0,0
A-c9bb3e,2024-05-01,EdTech,US,ads,38,2,7742,158,123,0.0,False,0,False,False,False,False,Pro,0.0,1.0,10,2,3,0.667,2,0.667,21,4368.0,1,0,0,0,0,0.0,4.0,0
A-cab532,2024-05-01,DevTools,FR,organic,394,7,12038,180,58,0.571,True,1,True,False,False,False,Enterprise,0.571,0.286,2,6,8,0.75,6,0.75,65,2850.429,1,0,1,0,0,32.0,4.0,0
A-cb5333,2024-05-01,DevTools,US,ads,36,2,7403,77,44,0.5,False,0,False,False,False,False,Basic,0.5,0.0,18,1,3,0.333,1,0.333,9,5184.0,0,0,0,0,0,0.0,3.0,0
A-cb6cc6,2024-05-01,DevTools,US,ads,394,4,1150,53,14,0.5,True,1,False,False,False,False,Basic,0.25,0.25,8,1,5,0.2,1,0.2,9,4662.0,0,0,1,0,0,18.0,4.0,0
A-cbbe12,2024-05-01,Cybersecurity,DE,partner,406,3,1960,120,40,0.667,False,2,False,False,False,False,Pro,0.0,1.0,8,1,1,1.0,1,1.0,10,870.0,0,0,2,0,0,46.0,3.0,0
A-cc102e,2024-05-01,HealthTech,US,partner,16,0,0,0,0,0.0,0,0,0,0,0,0,0,0.0,0.0,12,3,6,0.5,3,0.5,25,2278.0,1,1,0,0,0,1.0,3.0,0
A-cc98bc,2024-05-01,DevTools,US,ads,343,7,17353,249,57,0.571,True,1,False,False,False,False,Basic,0.429,0.143,58,0,3,0.0,0,0.0,0,0.0,0,0,0,0,0,0.0,4.0,0
A-ccabf0,2024-05-01,HealthTech,IN,organic,177,6,21759,141,59,0.5,False,0,False,False,False,False,Enterprise,0.667,0.333,0,1,5,0.2,1,0.2,10,1230.0,1,1,0,0,0,43.0,4.0,1
A-ccb686,2024-05-01,DevTools,US,other,100,4,3234,112,52,0.25,True,2,False,False,False,True,Pro,0.25,0.75,5,9,4,2.25,8,2.0,108,4712.444,1,0,0,0,0,0.0,4.0,0
A-cdf020,2024-05-01,DevTools,AU,organic,259,5,10212,161,45,0.6,True,1,False,False,False,False,Pro,0.2,0.6,23,2,3,0.667,2,0.667,16,2798.0,0,1,0,0,1,35.0,4.0,0
A-ce66f8,2024-05-01,EdTech,CA,event,252,1,551,29,29,1.0,False,0,False,False,False,False,Basic,0.0,0.0,30,1,3,0.333,1,0.25,16,7008.0,0,0,0,0,0,0.0,3.0,0
A-cea1f0,2024-05-01,FinTech,US,event,24,0,0,0,0,0.0,0,0,0,0,0,0,0,0.0,0.0,6,4,4,1.0,3,0.75,40,3728.5,1,0,0,0,0,0.0,4.0,0
A-d49cc5,2024-05-01,Cybersecurity,FR,event,225,2,3400,100,50,0.0,False,0,False,False,False,False,Basic,0.0,0.5,11,1,2,0.5,1,0.5,11,2563.0,1,1,0,0,0,7.0,4.0,0
A-d4ac0e,2024-05-01,DevTools,UK,ads,11,0,0,0,0,0.0,0,0,0,0,0,0,0,0.0,0.0,18,2,8,0.25,2,0.25,17,2867.0,0,0,0,0,0,0.0,4.0,0
A-d5a319,2024-05-01,FinTech,US,other,363,7,15577,163,70,0.286,True,2,False,False,False,False,Basic,0.143,0.286,10,1,1,1.0,1,1.0,8,592.0,1,0,0,0,0,0.0,0.0,0
A-d77f4c,2024-05-01,DevTools,US,partner,219,7,24354,197,94,0.571,True,1,False,True,False,False,Enterprise,0.429,0.286,15,4,6,0.667,4,0.667,40,2826.5,1,0,0,0,0,0.0,5.0,0
A-d792a6,2024-05-01,DevTools,US,organic,464,12,9318,154,37,0.417,True,3,False,False,False,False,Basic,0.333,0.333,5,3,5,0.6,4,0.8,29,2261.0,1,0,1,0,1,45.0,4.0,0
A-d922bf,2024-05-01,HealthTech,US,ads,236,3,12338,67,32,0.333,False,1,False,False,False,False,Enterprise,0.667,0.0,17,2,5,0.4,2,0.4,19,2329.0,1,0,1,0,0,2.0,3.0,0
A-dbc825,2024-05-01,EdTech,FR,partner,115,6,13566,114,19,0.0,True,0,False,False,False,False,Enterprise,0.5,0.333,3,3,3,1.0,3,1.0,27,1596.0,0,1,1,0,0,55.0,3.0,0
A-dcc2f0,2024-05-01,FinTech,UK,organic,284,8,11727,142,25,0.625,False,1,False,False,False,True,Enterprise,0.5,0.25,7,3,9,0.333,3,0.3,31,3370.667,1,0,0,0,0,0.0,4.0,0
A-dcc3f1,2024-05-01,HealthTech,US,event,126,3,2898,93,51,1.0,False,1,False,False,False,False,Basic,0.333,0.333,12,1,1,1.0,1,1.0,10,780.0,1,1,1,0,1,42.0,4.0,0
A-de58ca,2024-05-01,HealthTech,DE,organic,384,8,15721,354,105,0.375,True,2,False,False,False,False,Pro,0.25,0.5,0,2,2,1.0,2,1.0,25,1653.0,1,0,0,0,0,0.0,3.0,0
A-dec005,2024-05-01,HealthTech,US,partner,201,4,10348,94,31,0.5,True,2,False,False,False,False,Enterprise,0.5,0.25,2,4,3,1.333,4,1.333,35,3826.0,1,0,0,0,0,0.0,3.0,0
A-df10db,2024-05-01,DevTools,US,other,330,5,1178,32,14,0.6,True,0,False,False,False,False,Basic,0.2,0.2,60,0,2,0.0,0,0.0,0,0.0,0,0,0,0,0,0.0,3.0,1
A-df1e44,2024-05-01,Cybersecurity,UK,organic,68,2,588,51,39,0.5,True,1,False,False,False,False,Enterprise,0.5,0.5,27,1,2,0.5,1,0.5,11,1947.0,0,0,0,0,0,0.0,5.0,0
A-dfbd31,2024-05-01,DevTools,UK,partner,149,5,3885,83,24,0.8,True,2,False,False,False,False,Enterprise,0.4,0.4,23,2,5,0.4,2,0.4,18,4810.0,0,0,1,0,0,13.0,4.0,0
A-e1462e,2024-05-01,FinTech,UK,partner,416,4,9491,87,29,0.5,True,1,False,False,False,False,Enterprise,0.5,0.25,2,4,3,1.333,4,0.8,40,1692.0,1,0,0,0,0,0.0,4.0,0
A-e19ff6,2024-05-01,Cybersecurity,UK,partner,278,4,1266,68,38,0.25,True,1,False,False,False,False,Basic,0.25,0.25,62,0,3,0.0,0,0.0,0,0.0,0,0,0,0,0,0.0,5.0,0
A-e1b9cd,2024-05-01,DevTools,US,event,430,10,31602,498,100,0.4,True,0,False,False,True,False,Basic,0.2,0.4,5,3,12,0.25,3,0.25,33,3024.333,1,0,0,0,0,0.0,3.0,0
A-e2cd1b,2024-05-01,DevTools,US,other,87,2,1571,59,44,0.5,False,0,False,False,False,False,Basic,0.0,0.5,11,1,7,0.143,1,0.167,7,1743.0,1,0,0,0,0,0.0,4.0,0
A-e36807,2024-05-01,EdTech,AU,other,0,0,0,0,0,0.0,0,0,0,0,0,0,0,0.0,0.0,4,3,1,3.0,3,3.0,37,4970.0,1,0,0,0,0,0.0,0.0,0
A-e3bd71,2024-05-01,Cybersecurity,US,partner,403,7,31434,255,69,0.857,True,1,False,False,True,True,Enterprise,0.714,0.143,5,1,4,0.25,1,0.25,13,390.0,0,0,0,0,0,0.0,3.0,0
A-e40f45,2024-05-01,HealthTech,US,organic,13,0,0,0,0,0.0,0,0,0,0,0,0,0,0.0,0.0,10,2,4,0.5,2,0.5,25,5550.0,0,0,1,0,0,21.0,5.0,0
A-e43bf7,2024-05-01,Cybersecurity,AU,other,404,4,26998,202,70,0.5,True,0,False,False,False,True,Enterprise,0.5,0.5,10,1,2,0.5,1,0.5,8,2040.0,0,1,0,1,1,18.0,5.0,0
A-e51ec7,2024-05-01,FinTech,CA,partner,221,4,5569,36,25,0.25,True,1,False,True,False,False,Enterprise,0.5,0.25,24,1,5,0.2,1,0.2,13,6071.0,1,0,0,0,0,0.0,4.0,0
A-e5d6ab,2024-05-01,EdTech,US,partner,382,6,7981,96,35,0.5,False,1,False,False,False,False,Basic,0.333,0.167,24,1,3,0.333,1,0.333,6,2112.0,1,0,0,0,0,0.0,4.0,1
A-e61e98,2024-05-01,FinTech,US,partner,194,5,5065,147,40,0.6,True,1,False,False,False,False,Pro,0.0,0.8,11,1,1,1.0,1,1.0,14,6062.0,1,0,1,0,0,24.0,5.0,0
A-e693b6,2024-05-01,FinTech,AU,event,342,5,17380,275,55,0.6,False,1,False,False,False,False,Enterprise,0.4,0.4,8,3,5,0.6,3,0.5,39,4839.0,0,0,0,0,0,0.0,3.0,0
A-e6afc1,2024-05-01,DevTools,US,ads,432,6,15086,222,68,0.833,True,1,False,False,False,False,Pro,0.167,0.5,9,1,6,0.167,1,0.167,13,2444.0,0,0,0,0,0,0.0,0.0,0
A-e7beab,2024-05-01,EdTech,DE,organic,194,4,7363,95,58,0.5,False,1,False,False,False,False,Enterprise,1.0,0.0,2,1,4,0.25,1,0.333,10,4330.0,0,0,0,0,0,0.0,3.0,0
A-e83938,2024-05-01,DevTools,UK,other,162,2,3184,29,16,1.0,False,1,False,False,False,True,Enterprise,1.0,0.0,4,2,4,0.5,2,0.4,19,3890.5,1,0,0,0,0,0.0,4.0,0
A-e888d1,2024-05-01,Cybersecurity,US,other,400,6,7394,172,54,0.667,True,3,False,False,False,False,Basic,0.333,0.167,9,2,2,1.0,2,1.0,20,2792.0,0,0,1,1,1,46.0,3.0,0
A-e89151,2024-05-01,FinTech,UK,organic,230,6,11307,93,24,0.667,True,0,False,False,False,True,Enterprise,0.667,0.167,37,0,4,0.0,0,0.0,0,0.0,0,1,0,0,0,54.0,5.0,0
A-e98302,2024-05-01,EdTech,US,ads,127,2,7648,52,34,0.0,False,0,False,False,False,False,Enterprise,0.5,0.5,0,4,2,2.0,3,1.5,41,3593.75,1,0,0,0,0,0.0,4.0,0
A-eafc6e,2024-05-01,DevTools,US,partner,300,2,8089,61,34,0.5,False,0,False,False,False,False,Enterprise,0.5,0.5,8,1,6,0.167,1,0.2,12,1992.0,0,0,0,0,0,0.0,4.0,0
A-eb2fdc,2024-05-01,DevTools,AU,organic,162,2,2108,62,31,1.0,True,0,False,False,False,False,Basic,0.0,0.5,5,2,2,1.0,2,1.0,12,2170.0,1,0,0,0,0,0.0,4.0,1
A-eb7c38,2024-05-01,DevTools,AU,organic,66,3,2109,124,102,0.333,True,1,False,True,False,False,Basic,0.333,0.0,9,3,4,0.75,3,0.5,28,256.333,0,0,1,0,0,25.0,4.0,0
A-eb7fac,2024-05-01,DevTools,US,organic,186,4,29388,162,136,0.5,True,0,False,False,False,False,Enterprise,0.5,0.5,26,1,4,0.25,1,0.2,6,1662.0,1,1,0,0,1,37.0,4.0,0
A-ed510f,2024-05-01,Cybersecurity,IN,partner,470,7,29988,294,42,0.143,True,1,False,False,False,False,Enterprise,0.571,0.286,13,3,3,1.0,3,1.0,25,2891.333,0,0,1,0,1,56.0,3.0,0
A-ee42db,2024-05-01,EdTech,DE,ads,372,8,2775,144,33,0.5,True,3,False,False,False,False,Basic,0.0,0.5,8,2,3,0.667,2,0.667,14,1088.5,0,0,1,0,0,53.0,3.0,0
A-ef84cf,2024-05-01,EdTech,US,partner,61,1,0,8,8,1.0,False,1,False,False,False,False,Enterprise,1.0,0.0,2,1,2,0.5,1,0.5,9,783.0,0,0,1,0,0,59.0,4.0,0
A-f03140,2024-05-01,DevTools,IN,event,161,3,7209,81,27,0.333,True,0,False,False,False,False,Basic,0.333,0.333,4,3,3,1.0,4,1.333,39,1618.5,1,0,1,0,0,8.0,5.0,0
A-f17767,2024-05-01,DevTools,US,event,457,11,14617,163,39,0.636,False,0,False,False,False,False,Pro,0.182,0.636,5,3,6,0.5,3,0.429,30,2016.333,1,0,0,0,0,0.0,5.0,0
A-f19409,2024-05-01,DevTools,US,other,412,5,17486,164,44,0.4,True,0,False,False,False,False,Pro,0.4,0.6,11,4,2,2.0,3,1.5,49,2154.25,1,0,0,0,0,0.0,4.0,0
A-f19b24,2024-05-01,Cybersecurity,US,organic,477,1,1421,29,29,1.0,False,0,False,False,False,False,Pro,0.0,1.0,105,0,0,0.0,0,0.0,0,0.0,0,0,0,0,0,0.0,4.0,0
A-f1f639,2024-05-01,EdTech,US,ads,430,3,1128,12,5,1.0,False,0,False,False,False,False,Basic,0.333,0.0,184,0,0,0.0,0,0.0,0,0.0,0,1,0,0,1,21.0,4.0,0
A-f44180,2024-05-01,Cybersecurity,UK,event,443,6,27661,139,89,0.333,True,0,False,False,False,False,Enterprise,1.0,0.0,5,2,5,0.4,2,0.4,18,2041.0,0,2,0,0,1,46.5,5.0,0
A-f446b6,2024-05-01,DevTools,DE,ads,355,6,8465,125,53,0.5,True,0,False,False,False,False,Basic,0.333,0.167,38,0,5,0.0,0,0.0,0,0.0,0,0,0,0,0,0.0,4.0,0
A-f51f16,2024-05-01,HealthTech,US,partner,128,6,5511,101,60,0.5,True,1,False,False,False,True,Basic,0.333,0.333,6,2,2,1.0,2,0.667,20,2210.0,1,0,0,0,0,0.0,3.0,0
A-f5641b,2024-05-01,EdTech,US,other,32,1,6169,31,31,1.0,False,0,True,True,False,False,Enterprise,1.0,0.0,6,2,4,0.5,2,0.5,18,4215.5,1,0,0,0,0,0.0,3.0,0
A-f6b2fb,2024-05-01,DevTools,AU,event,8,0,0,0,0,0.0,0,0,0,0,0,0,0,0.0,0.0,3,1,8,0.125,1,0.143,6,2574.0,0,0,0,0,0,0.0,5.0,0
A-f97b9a,2024-05-01,FinTech,US,event,297,4,9751,81,30,0.75,True,2,False,False,False,False,Enterprise,1.0,0.0,3,4,11,0.364,4,0.571,38,4245.0,0,0,0,0,0,0.0,4.0,0
A-fa2041,2024-05-01,HealthTech,US,organic,0,0,0,0,0,0.0,0,0,0,0,0,0,0,0.0,0.0,4,2,5,0.4,3,0.6,30,3004.667,1,0,1,0,0,16.0,3.0,0
A-fa3095,2024-05-01,FinTech,US,ads,241,4,31290,280,70,0.5,False,1,False,False,False,False,Enterprise,0.75,0.25,35,0,4,0.0,0,0.0,0,0.0,0,0,0,0,0,0.0,5.0,0
A-faa28c,2024-05-01,HealthTech,US,organic,92,5,15089,257,65,0.4,True,2,False,False,False,True,Enterprise,0.4,0.4,14,4,11,0.364,3,0.273,44,3959.0,1,0,0,0,0,0.0,4.0,1
A-fd9422,2024-05-01,Cybersecurity,US,organic,27,0,0,0,0,0.0,0,0,0,0,0,0,0,0.0,0.0,9,5,2,2.5,4,2.0,41,2535.8,0,0,3,1,1,51.333,3.0,0
A-fdfc91,2024-05-01,Cybersecurity,US,ads,361,4,3074,116,29,0.5,False,0,False,False,False,False,Basic,0.0,0.25,7,2,3,0.667,2,0.667,22,2086.0,1,0,1,0,1,53.0,4.0,0
A-fe79a5,2024-05-01,HealthTech,IN,ads,70,3,0,37,19,0.667,False,3,False,True,False,True,Basic,0.333,0.0,26,1,1,1.0,1,1.0,11,5511.0,0,0,0,0,0,0.0,5.0,0
A-ff3c73,2024-05-01,HealthTech,AU,other,461,5,2682,154,66,0.2,True,2,False,False,False,False,Basic,0.2,0.2,50,0,3,0.0,0,0.0,0,0.0,0,0,0,0,0,0.0,3.0,1
A-ff79f2,2024-05-01,DevTools,US,ads,6,0,0,0,0,0.0,0,0,0,0,0,0,0,0.0,0.0,11,2,1,2.0,2,2.0,20,4236.0,0,0,0,0,0,0.0,4.0,0
A-ffdfd5,2024-05-01,EdTech,US,organic,18,1,539,11,11,0.0,False,0,False,False,False,False,Pro,0.0,1.0,14,2,2,1.0,2,1.0,16,3354.5,1,0,0,0,0,0.0,0.0,0
A-00bed1,2024-06-01,Cybersecurity,US,ads,200,4,17854,166,61,0.5,False,0,False,True,False,False,Enterprise,0.5,0.25,22,1,6,0.167,1,0.143,6,2022.0,1,1,1,0,1,27.5,4.0,0
A-00cac8,2024-06-01,HealthTech,AU,organic,260,4,905,44,19,0.25,True,1,False,False,False,False,Basic,0.25,0.25,12,3,3,1.0,3,1.0,44,3079.0,1,0,0,0,0,0.0,4.0,0
A-0158bb,2024-06-01,FinTech,DE,partner,10,1,0,25,25,1.0,False,1,False,False,False,False,Basic,0.0,0.0,67,0,3,0.0,0,0.0,0,0.0,0,0,0,0,0,0.0,3.0,0
A-019782,2024-06-01,DevTools,FR,event,409,7,8087,94,17,0.286,True,1,False,False,False,False,Pro,0.286,0.429,9,1,5,0.2,1,0.2,14,4396.0,1,0,0,0,0,0.0,0.0,0
A-029f69,2024-06-01,Cybersecurity,CA,event,86,2,6050,50,26,0.0,True,0,False,False,False,False,Enterprise,0.5,0.5,9,4,6,0.667,4,0.667,50,2664.2,1,0,1,0,1,35.0,3.0,1
A-02cd81,2024-06-01,HealthTech,IN,other,65,8,23496,352,44,0.375,True,2,False,False,False,False,Basic,0.25,0.375,8,3,8,0.375,3,0.333,27,3473.667,0,0,1,0,0,37.0,5.0,0
A-02fac6,2024-06-01,FinTech,US,event,422,6,15080,170,59,0.667,True,0,False,False,False,False,Pro,0.333,0.667,10,2,3,0.667,2,0.667,23,2982.0,0,1,0,0,0,16.0,3.0,0
A-034368,2024-06-01,EdTech,US,event,209,1,0,19,19,1.0,False,1,False,False,False,False,Basic,0.0,0.0,41,0,3,0.0,0,0.0,0,0.0,0,1,0,0,0,24.0,3.0,0
A-038089,2024-06-01,DevTools,FR,other,165,0,0,0,0,0.0,0,0,0,0,0,0,0,0.0,0.0,16,1,2,0.5,1,0.5,13,4251.0,1,1,1,0,0,27.5,3.0,0
A-054577,2024-06-01,EdTech,UK,ads,34,3,2744,56,29,0.333,False,0,False,False,False,False,Pro,0.0,1.0,2,3,9,0.333,4,0.444,43,3005.75,1,0,0,0,0,0.0,4.0,0
A-05d3b3,2024-06-01,DevTools,AU,ads,370,8,7761,163,55,0.375,True,2,False,False,False,False,Basic,0.25,0.25,4,4,5,0.8,3,0.6,39,3721.0,1,1,0,0,0,39.0,4.0,0
A-05f0e5,2024-06-01,FinTech,US,partner,394,7,18838,262,56,0.286,True,0,False,False,False,False,Basic,0.286,0.286,3,2,3,0.667,2,0.667,22,3328.0,0,0,0,0,0,0.0,4.0,0
A-068fc6,2024-06-01,EdTech,US,event,320,4,9345,140,35,0.5,False,1,False,False,False,True,Pro,0.25,0.5,14,1,6,0.167,1,0.143,8,3104.0,0,0,1,0,1,34.0,4.0,0
A-075038,2024-06-01,HealthTech,UK,ads,386,9,10512,298,103,0.444,True,2,False,False,False,False,Pro,0.0,0.667,0,2,3,0.667,2,0.667,19,2919.5,1,0,0,0,0,0.0,3.0,0
A-089363,2024-06-01,FinTech,AU,event,392,4,3843,88,40,0.75,True,1,False,False,False,False,Enterprise,0.5,0.25,3,2,3,0.667,2,0.667,21,4544.5,1,0,0,0,0,0.0,3.0,0
A-09540c,2024-06-01,Cybersecurity,CA,event,215,2,14606,134,67,0.5,True,0,False,False,True,True,Basic,0.5,0.0,42,0,2,0.0,0,0.0,0,0.0,0,0,0,0,0,0.0,4.0,0
A-098560,2024-06-01,DevTools,UK,ads,224,5,3718,105,35,0.8,True,1,False,False,False,False,Pro,0.0,0.8,10,1,6,0.167,1,0.167,12,648.0,1,0,0,0,0,0.0,3.0,0
A-0aaf6e,2024-06-01,FinTech,US,organic,21,0,0,0,0,0.0,0,0,0,0,0,0,0,0.0,0.0,0,2,5,0.4,2,0.4,20,5763.0,1,0,0,0,0,0.0,4.0,0
A-0baac2,2024-06-01,FinTech,DE,organic,2,0,0,0,0,0.0,0,0,0,0,0,0,0,0.0,0.0,12,2,2,1.0,2,1.0,16,3652.0,1,0,1,0,1,58.0,4.0,0
A-0dbdc6,2024-06-01,Cybersecurity,DE,other,475,5,12560,170,50,0.6,False,1,False,False,False,False,Basic,0.2,0.4,10,1,0,0.0,1,0.0,10,4150.0,0,0,0,0,0,0.0,4.0,0
A-0e966d,2024-06-01,FinTech,IN,ads,0,0,0,0,0,0.0,0,0,0,0,0,0,0,0.0,0.0,4,5,3,1.667,5,1.25,48,3195.4,0,0,0,0,0,0.0,4.0,0
A-0f3e88,2024-06-01,HealthTech,US,other,314,6,4426,94,24,0.667,True,0,False,False,False,False,Basic,0.167,0.167,4,2,4,0.5,2,0.5,17,2278.5,0,0,0,0,0,0.0,5.0,0
A-10b8da,2024-06-01,DevTools,US,partner,390,4,4335,68,23,0.25,True,1,False,False,False,False,Enterprise,0.5,0.25,32,0,1,0.0,0,0.0,0,0.0,0,0,0,0,0,0.0,4.0,0
A-10b8f2,2024-06-01,HealthTech,DE,organic,507,10,28367,537,103,0.2,True,2,False,False,False,False,Basic,0.2,0.2,60,0,4,0.0,0,0.0,0,0.0,0,0,0,0,0,0.0,3.0,1
A-13466a,2024-06-01,DevTools,AU,event,223,4,12376,129,65,0.5,True,1,False,False,False,False,Basic,0.5,0.0,57,0,1,0.0,0,0.0,0,0.0,0,0,0,0,0,0.0,5.0,0
A-151c9a,2024-06-01,FinTech,US,ads,491,3,7125,75,29,0.667,False,0,False,False,False,False,Pro,0.333,0.667,7,1,4,0.25,1,0.25,8,344.0,1,2,0,0,0,31.0,3.0,0
A-157070,2024-06-01,FinTech,US,ads,205,6,12190,130,35,0.5,False,0,False,False,False,False,Basic,0.333,0.167,1,5,3,1.667,6,2.0,70,3576.333,0,0,0,0,0,0.0,4.0,0
A-158f4e,2024-06-01,FinTech,IN,other,456,9,27572,549,61,0.444,True,1,False,False,False,False,Pro,0.111,0.556,30,1,3,0.333,1,0.333,10,700.0,0,0,1,0,0,24.0,5.0,0
A-1619f8,2024-06-01,DevTools,US,organic,12,0,0,0,0,0.0,0,0,0,0,0,0,0,0.0,0.0,2,1,3,0.333,1,0.25,13,6760.0,0,0,0,0,0,0.0,5.0,1
A-180abf,2024-06-01,DevTools,US,event,292,4,28608,256,64,0.25,True,1,False,False,False,True,Enterprise,0.5,0.25,21,3,2,1.5,3,1.5,29,2526.333,1,0,0,0,0,0.0,3.0,0
A-186a44,2024-06-01,HealthTech,US,ads,299,4,1740,80,20,0.25,True,1,False,False,False,False,Basic,0.0,0.5,3,2,11,0.182,2,0.182,28,1507.0,0,0,1,0,0,53.0,3.0,0
A-1986ca,2024-06-01,HealthTech,IN,ads,488,4,14129,91,31,0.75,True,1,False,True,False,False,Enterprise,1.0,0.0,23,1,2,0.5,2,1.0,17,1590.5,0,0,1,0,0,50.0,3.0,0
A-19b2c8,2024-06-01,DevTools,IN,other,361,9,16695,195,33,0.556,True,0,False,False,False,False,Basic,0.333,0.333,0,3,4,0.75,3,0.6,31,3529.333,1,0,0,0,0,0.0,5.0,0
A-1b707d,2024-06-01,Cybersecurity,US,organic,323,5,8097,63,19,0.4,True,0,False,False,False,False,Enterprise,0.4,0.4,76,0,1,0.0,0,0.0,0,0.0,0,0,1,0,0,51.0,4.0,0
A-1b9609,2024-06-01,EdTech,IN,ads,233,6,3356,104,49,0.667,True,0,False,False,False,False,Basic,0.167,0.333,18,1,4,0.25,1,0.25,7,2457.0,0,0,1,0,1,62.0,3.0,0
A-1d5444,2024-06-01,Cybersecurity,US,partner,135,7,19535,185,41,0.571,True,0,False,True,False,False,Basic,0.429,0.0,11,3,7,0.429,4,0.5,45,3367.25,1,1,0,0,0,55.0,4.0,1
A-1e1b80,2024-06-01,FinTech,CA,other,263,7,35297,353,53,0.571,True,0,False,False,False,False,Basic,0.429,0.143,24,1,5,0.2,1,0.167,12,2496.0,0,1,1,0,1,38.5,3.0,0
A-1e50e0,2024-06-01,Cybersecurity,DE,other,466,4,9514,155,98,0.75,True,1,False,False,False,False,Enterprise,0.5,0.5,149,0,0,0.0,0,0.0,0,0.0,0,0,0,0,0,0.0,0.0,0
A-1e6fc3,2024-06-01,EdTech,FR,other,178,2,245,6,5,0.5,False,1,False,False,False,False,Basic,0.0,0.5,1,1,1,1.0,1,1.0,13,1313.0,0,0,1,0,0,33.0,3.0,0
A-1f0636,2024-06-01,EdTech,AU,partner,152,5,41790,525,105,0.0,False,3,False,True,False,False,Enterprise,0.4,0.4,2,4,6,0.667,4,0.571,43,2683.75,0,0,1,0,0,60.0,4.0,0
A-1f0ac7,2024-06-01,HealthTech,UK,other,279,4,7491,129,47,0.5,True,0,False,False,False,False,Basic,0.25,0.25,10,1,2,0.5,1,0.5,11,1771.0,1,0,1,0,0,14.0,4.0,0
A-1f559b,2024-06-01,HealthTech,US,organic,271,5,8861,119,59,0.6,True,0,False,False,False,False,Basic,0.2,0.4,29,1,2,0.5,1,0.5,11,495.0,0,0,0,0,0,0.0,4.0,0
A-1f7acb,2024-06-01,FinTech,UK,ads,300,3,15168,192,64,0.667,True,0,False,False,False,False,Basic,0.333,0.0,13,2,5,0.4,2,0.4,14,2489.0,1,1,0,0,0,8.0,4.0,0
A-202b67,2024-06-01,HealthTech,US,organic,71,3,4067,83,61,1.0,True,0,False,False,False,False,Pro,0.0,1.0,0,2,0,0.0,2,0.0,22,2840.0,1,0,0,0,0,0.0,5.0,0
A-20736a,2024-06-01,EdTech,IN,organic,77,1,2450,50,50,0.0,False,0,False,False,False,False,Pro,0.0,1.0,12,3,6,0.5,3,0.75,28,1815.667,1,0,0,0,0,0.0,3.0,0
A-22d9d2,2024-06-01,DevTools,FR,event,71,3,2994,76,58,0.667,False,1,False,False,False,True,Basic,0.0,0.333,1,4,8,0.5,4,0.444,44,3593.75,1,0,1,0,0,31.0,4.0,0
A-2446e3,2024-06-01,EdTech,IN,organic,143,2,6696,54,27,1.0,True,0,False,False,False,False,Enterprise,0.5,0.5,10,4,2,2.0,3,1.5,46,5858.0,1,1,0,0,0,72.0,5.0,0
A-249769,2024-06-01,Cybersecurity,US,event,37,0,0,0,0,0.0,0,0,0,0,0,0,0,0.0,0.0,10,2,8,0.25,2,0.25,19,1805.0,1,0,0,0,0,0.0,0.0,1
A-271f46,2024-06-01,DevTools,US,event,478,5,9006,190,38,0.6,False,2,False,False,False,False,Basic,0.4,0.2,34,0,3,0.0,0,0.0,0,0.0,0,0,0,0,0,0.0,4.0,0
A-296d7c,2024-06-01,DevTools,DE,other,206,2,475,25,19,0.5,False,0,False,False,False,False,Basic,0.0,0.0,13,2,1,2.0,2,2.0,20,3453.0,1,0,1,0,1,14.0,3.0,0
A-297a2d,2024-06-01,HealthTech,UK,event,393,3,8487,90,36,0.333,True,1,False,False,False,True,Basic,0.333,0.333,14,1,0,0.0,1,0.0,12,4740.0,0,1,0,0,0,55.0,3.0,0
A-2b9d3e,2024-06-01,EdTech,US,partner,363,5,2105,46,18,0.2,True,1,False,False,False,True,Basic,0.4,0.2,35,0,6,0.0,0,0.0,0,0.0,0,0,1,0,0,28.0,5.0,0
A-2bc93d,2024-06-01,HealthTech,US,event,445,8,27076,274,95,0.5,False,0,False,False,False,False,Enterprise,0.5,0.25,1,3,5,0.6,3,0.75,38,4597.0,1,0,0,0,0,0.0,4.0,0
A-2d1036,2024-06-01,FinTech,US,ads,0,0,0,0,0,0.0,0,0,0,0,0,0,0,0.0,0.0,1,5,5,1.0,5,1.0,53,1920.2,1,0,0,0,0,0.0,4.0,0
A-2d4502,2024-06-01,FinTech,IN,event,33,1,392,8,8,0.0,False,0,False,False,False,False,Pro,0.0,1.0,37,0,6,0.0,0,0.0,0,0.0,0,1,0,0,1,2.0,5.0,0
A-2e3bad,2024-06-01,FinTech,CA,other,293,5,19276,305,61,0.6,True,1,False,False,False,False,Enterprise,0.4,0.4,34,0,3,0.0,0,0.0,0,0.0,0,0,0,0,0,0.0,3.0,0
A-2ebb4b,2024-06-01,HealthTech,US,ads,383,7,18511,311,65,0.571,False,2,False,True,False,False,Basic,0.143,0.286,15,4,4,1.0,3,0.6,41,4594.25,1,0,1,0,0,36.0,3.0,0
A-2edab2,2024-06-01,HealthTech,US,event,197,5,3145,85,17,0.6,True,0,False,False,False,False,Pro,0.0,0.6,1,5,4,1.25,4,1.0,52,3434.2,1,0,0,0,0,0.0,3.0,1
A-30b4ca,2024-06-01,EdTech,IN,organic,12,3,51342,258,86,0.333,True,0,False,False,False,False,Enterprise,1.0,0.0,4,4,3,1.333,4,1.333,38,3527.5,1,1,0,0,0,52.0,4.0,0
A-313be3,2024-06-01,EdTech,US,partner,199,3,11656,141,47,0.0,True,1,False,False,False,False,Enterprise,0.667,0.333,8,1,5,0.2,1,0.167,11,2794.0,0,0,0,0,0,0.0,4.0,0
A-31ab9a,2024-06-01,FinTech,DE,organic,90,3,4459,91,73,0.667,False,0,False,False,False,False,Basic,0.333,0.333,21,2,2,1.0,2,1.0,10,1176.0,1,0,0,0,0,0.0,4.0,0
A-32728c,2024-06-01,DevTools,US,event,515,7,3700,140,20,0.429,False,2,False,False,False,True,Pro,0.286,0.429,8,1,5,0.2,1,0.2,12,252.0,0,0,0,0,0,0.0,4.0,1
A-328bd0,2024-06-01,HealthTech,AU,partner,382,10,11173,245,39,0.6,True,1,False,True,False,False,Basic,0.1,0.4,3,1,2,0.5,1,0.5,18,1260.0,1,0,1,0,0,47.0,3.0,0
A-32fb14,2024-06-01,DevTools,US,event,452,6,2926,180,47,0.333,True,1,False,False,False,False,Basic,0.0,0.0,7,1,4,0.25,2,0.5,12,1520.0,1,1,0,0,1,17.0,4.0,0
A-331424,2024-06-01,DevTools,US,organic,208,4,4587,44,11,0.25,True,1,False,False,False,False,Enterprise,0.5,0.25,30,1,2,0.5,1,0.5,8,4552.0,0,0,0,0,0,0.0,4.0,0
A-337bc1,2024-06-01,Cybersecurity,US,organic,318,3,14405,95,34,0.667,False,0,False,False,False,False,Enterprise,0.667,0.333,18,1,3,0.333,1,0.333,7,469.0,0,1,0,1,0,53.0,5.0,0
A-342303,2024-06-01,EdTech,US,other,77,1,323,17,17,1.0,False,0,False,False,False,False,Basic,0.0,0.0,16,1,0,0.0,1,0.0,15,2760.0,1,0,1,0,0,10.0,4.0,0
A-34d880,2024-06-01,Cybersecurity,AU,ads,51,2,10743,57,53,0.5,True,0,False,False,False,False,Enterprise,0.5,0.5,13,2,4,0.5,2,0.5,14,1183.0,1,0,0,0,0,0.0,3.0,0
A-35083d,2024-06-01,HealthTech,IN,partner,400,9,14326,192,34,0.444,True,2,False,False,False,True,Enterprise,0.444,0.222,6,2,3,0.667,2,0.667,24,6040.0,1,0,0,0,0,0.0,5.0,0
A-354f12,2024-06-01,FinTech,US,ads,34,1,6766,34,34,0.0,False,0,True,False,False,False,Enterprise,1.0,0.0,167,0,0,0.0,0,0.0,0,0.0,0,0,0,0,0,0.0,4.0,0
A-3793ee,2024-06-01,Cybersecurity,CA,organic,438,5,7203,245,49,0.6,False,2,False,False,False,False,Pro,0.4,0.6,13,2,1,2.0,2,2.0,17,1083.0,1,0,0,0,0,0.0,4.0,0
A-37f969,2024-06-01,HealthTech,IN,partner,231,5,15849,171,51,0.8,True,0,False,False,False,False,Enterprise,0.4,0.4,24,2,2,1.0,2,1.0,9,1825.5,0,0,1,0,1,5.0,4.0,1
A-3932db,2024-06-01,HealthTech,CA,other,241,3,1577,83,41,1.0,False,0,False,False,False,False,Basic,0.0,0.0,18,2,5,0.4,2,0.4,19,4539.0,0,0,0,0,0,0.0,5.0,0
A-39868b,2024-06-01,FinTech,AU,partner,76,1,1791,9,9,0.0,True,0,False,False,False,False,Enterprise,1.0,0.0,17,3,0,0.0,3,0.0,39,4311.333,1,0,1,0,0,22.0,5.0,0
A-39b19f,2024-06-01,FinTech,US,partner,484,8,20990,260,55,0.75,True,0,False,True,False,False,Pro,0.25,0.75,9,1,1,1.0,1,1.0,7,1491.0,0,0,0,0,0,0.0,4.0,0
A-3a5ad8,2024-06-01,HealthTech,US,organic,179,8,11216,182,95,0.625,False,2,False,False,False,False,Basic,0.375,0.25,0,2,2,1.0,2,1.0,15,1344.0,1,0,0,0,0,0.0,4.0,0
A-3b37d9,2024-06-01,FinTech,US,event,491,6,14858,143,28,0.333,True,2,False,False,False,False,Enterprise,0.667,0.333,23,2,4,0.5,2,0.5,19,471.5,1,0,0,0,0,0.0,4.0,0
A-3b5cd1,2024-06-01,FinTech,US,event,263,9,10542,151,31,0.778,True,1,False,False,False,False,Pro,0.222,0.556,7,4,3,1.333,2,0.667,39,3405.0,1,0,0,0,0,0.0,4.0,0
A-3be56b,2024-06-01,HealthTech,IN,event,219,7,9301,167,62,0.429,True,2,False,True,True,False,Pro,0.286,0.429,8,5,6,0.833,5,0.714,47,3818.8,1,0,0,0,0,0.0,4.0,1
A-3c1a3f,2024-06-01,DevTools,UK,event,280,8,9962,139,45,0.5,True,3,False,False,True,False,Basic,0.375,0.25,41,0,4,0.0,0,0.0,0,0.0,0,0,1,0,0,19.0,3.0,0
A-3cc791,2024-06-01,EdTech,US,other,143,6,6464,93,25,0.667,True,2,False,False,False,False,Basic,0.333,0.167,4,3,3,1.0,3,1.5,33,4151.0,1,0,0,0,0,0.0,5.0,0
A-3ce5b8,2024-06-01,FinTech,IN,ads,268,5,14906,284,189,0.4,False,0,False,False,False,False,Pro,0.2,0.6,15,2,5,0.4,2,0.333,22,5142.5,0,1,1,0,1,33.5,4.0,0
A-3d957b,2024-06-01,HealthTech,UK,other,58,0,0,0,0,0.0,0,0,0,0,0,0,0,0.0,0.0,18,1,1,1.0,1,1.0,14,5782.0,0,0,1,0,0,53.0,3.0,0
A-3f9cc0,2024-06-01,HealthTech,US,event,0,0,0,0,0,0.0,0,0,0,0,0,0,0,0.0,0.0,2,2,2,1.0,2,1.0,31,9106.0,0,0,1,1,1,12.0,5.0,0
A-40906c,2024-06-01,EdTech,US,ads,66,1,0,92,92,1.0,False,1,False,False,False,False,Basic,0.0,0.0,10,7,4,1.75,7,1.4,67,4377.571,1,1,0,0,0,6.0,3.0,0
A-40a557,2024-06-01,Cybersecurity,AU,partner,181,3,17313,87,55,0.333,False,0,False,False,False,False,Enterprise,1.0,0.0,9,2,5,0.4,2,0.4,18,2963.5,1,0,0,0,0,0.0,3.0,0
A-40de06,2024-06-01,Cybersecurity,US,event,390,9,19714,286,62,0.444,True,0,False,False,False,False,Pro,0.222,0.556,7,4,5,0.8,4,1.0,45,2872.0,0,0,0,0,0,0.0,4.0,0
A-417d2f,2024-06-01,Cybersecurity,IN,partner,333,7,17820,150,51,0.286,True,0,False,False,False,False,Basic,0.429,0.143,0,3,6,0.5,3,0.429,28,3705.0,0,0,0,0,0,0.0,5.0,0
A-425e76,2024-06-01,DevTools,UK,other,381,8,13294,196,71,0.75,True,0,False,False,False,False,Basic,0.25,0.25,16,1,5,0.2,1,0.2,9,414.0,1,1,1,0,0,41.5,3.0,0
A-432483,2024-06-01,Cybersecurity,US,ads,481,7,23657,147,60,0.571,True,1,False,False,False,False,Enterprise,0.429,0.429,7,3,6,0.5,3,0.5,32,4301.333,1,0,0,0,0,0.0,0.0,0
A-439b2f,2024-06-01,DevTools,US,ads,101,4,446,36,22,0.25,True,1,False,False,False,False,Basic,0.25,0.25,22,1,2,0.5,1,0.5,7,1939.0,1,0,0,0,0,0.0,4.0,0
A-43a9e3,2024-06-01,FinTech,IN,other,289,7,9122,158,28,0.143,True,0,False,False,False,True,Basic,0.143,0.286,38,0,3,0.0,0,0.0,0,0.0,0,0,0,0,0,0.0,4.0,0
A-4437e4,2024-06-01,Cybersecurity,US,event,259,7,5241,111,49,0.857,True,2,False,True,False,False,Basic,0.286,0.286,16,3,7,0.429,3,0.375,23,1681.667,1,0,0,0,0,0.0,3.0,1
A-44dc83,2024-06-01,EdTech,FR,other,20,0,0,0,0,0.0,0,0,0,0,0,0,0,0.0,0.0,7,2,1,2.0,2,2.0,22,3297.5,1,0,0,0,0,0.0,5.0,0
A-45ce7a,2024-06-01,FinTech,US,ads,314,5,4728,88,22,0.8,True,1,False,False,False,False,Basic,0.2,0.4,0,3,5,0.6,3,0.5,44,1495.667,0,0,1,0,0,25.0,4.0,0
A-462d45,2024-06-01,Cybersecurity,US,partner,138,8,16187,281,89,0.5,True,1,True,False,False,False,Pro,0.125,0.625,6,3,6,0.5,3,0.6,22,2754.667,0,0,0,0,0,0.0,4.0,0
A-474ad4,2024-06-01,EdTech,US,organic,186,8,4532,136,53,0.375,True,1,False,False,False,False,Basic,0.0,0.5,15,5,3,1.667,4,1.333,53,3097.8,1,1,0,0,0,18.0,5.0,0
A-484819,2024-06-01,HealthTech,US,organic,466,6,16604,116,26,0.167,True,0,False,True,False,False,Enterprise,0.667,0.0,73,0,3,0.0,0,0.0,0,0.0,0,0,1,0,0,6.0,4.0,0
A-49b828,2024-06-01,FinTech,IN,ads,393,9,24511,205,49,0.556,False,1,False,False,False,False,Enterprise,0.444,0.333,2,4,3,1.333,4,1.333,42,2305.0,1,0,0,0,0,0.0,4.0,0
A-4a267b,2024-06-01,FinTech,US,other,27,1,5771,29,29,1.0,False,0,False,False,False,False,Enterprise,1.0,0.0,7,1,5,0.2,1,0.2,4,868.0,0,1,0,0,1,52.0,5.0,1
A-4a4c2d,2024-06-01,DevTools,US,event,396,9,28242,486,54,0.444,True,2,False,False,False,False,Basic,0.222,0.222,38,0,4,0.0,0,0.0,0,0.0,0,1,0,0,0,54.0,4.0,0
A-4ae22a,2024-06-01,EdTech,US,other,23,1,5572,28,28,0.0,True,0,False,False,False,False,Enterprise,1.0,0.0,20,1,3,0.333,1,0.5,12,6564.0,0,0,1,0,0,30.0,3.0,0
A-4c38bc,2024-06-01,HealthTech,UK,event,84,8,14508,288,36,0.75,True,1,False,False,False,False,Basic,0.125,0.375,1,5,3,1.667,4,1.333,37,2320.8,1,0,0,0,0,0.0,3.0,0
A-4c56c9,2024-06-01,FinTech,US,partner,164,2,2758,22,13,0.5,True,0,False,False,False,False,Basic,0.5,0.0,0,2,6,0.333,2,0.286,18,3527.0,0,0,0,0,0,0.0,3.0,0
A-4c6f11,2024-06-01,FinTech,CA,organic,187,3,6465,75,27,0.333,True,0,True,False,False,False,Basic,0.333,0.333,25,1,3,0.333,1,0.333,14,4438.0,0,0,0,0,0,0.0,5.0,1
A-4e0e85,2024-06-01,DevTools,US,organic,267,3,2388,32,20,0.667,False,1,False,False,False,False,Enterprise,0.667,0.333,27,1,2,0.5,1,0.5,9,657.0,0,1,0,0,0,50.0,4.0,0
A-4e631b,2024-06-01,FinTech,US,other,77,2,12338,62,40,0.5,True,0,False,True,False,False,Enterprise,1.0,0.0,6,2,9,0.222,2,0.2,21,3738.0,0,0,0,0,0,0.0,4.0,0
A-4e960a,2024-06-01,FinTech,US,other,136,6,19694,175,71,0.333,True,2,False,False,False,False,Basic,0.5,0.0,33,0,4,0.0,0,0.0,0,0.0,0,0,0,0,0,0.0,3.0,0
A-4ef964,2024-06-01,HealthTech,US,organic,86,2,4216,34,17,0.0,True,0,False,False,False,False,Enterprise,0.5,0.5,5,3,4,0.75,3,0.75,30,1588.333,1,0,0,0,0,0.0,3.0,1
A-4f18f0,2024-06-01,DevTools,CA,other,41,3,5952,73,25,1.0,True,1,False,False,False,False,Enterprise,0.667,0.333,6,2,5,0.4,2,0.333,12,1398.0,0,0,1,0,0,56.0,4.0,0
A-503d5a,2024-06-01,FinTech,US,other,224,8,5460,171,50,0.75,True,3,False,False,False,False,Basic,0.375,0.125,20,2,4,0.5,2,0.5,15,4032.0,1,1,1,0,0,41.5,3.0,0
A-508199,2024-06-01,FinTech,AU,event,125,4,8436,84,27,0.25,True,0,False,False,False,False,Basic,0.5,0.0,26,1,0,0.0,1,0.0,9,1134.0,0,0,2,0,1,52.0,3.0,0
A-50f3f7,2024-06-01,HealthTech,US,partner,162,7,13551,251,51,0.286,True,2,True,False,False,False,Pro,0.143,0.571,12,2,6,0.333,2,0.4,19,3790.0,0,0,0,0,0,0.0,5.0,0
A-51ec1b,2024-06-01,DevTools,US,ads,206,2,1602,18,11,0.5,False,0,False,False,True,True,Basic,0.5,0.0,24,3,1,3.0,2,2.0,32,2997.333,1,0,0,0,0,0.0,5.0,0
A-5247b3,2024-06-01,FinTech,UK,partner,81,3,3811,65,33,0.667,True,1,False,False,False,False,Basic,0.333,0.333,4,1,2,0.5,1,0.5,7,336.0,0,0,0,0,0,0.0,3.0,0
A-526d93,2024-06-01,HealthTech,FR,organic,48,2,18308,92,49,1.0,True,0,False,False,False,True,Enterprise,1.0,0.0,0,2,7,0.286,2,0.333,14,1533.5,0,0,1,0,0,63.0,4.0,0
A-52dd88,2024-06-01,Cybersecurity,US,ads,466,7,4839,164,26,0.429,True,1,False,False,False,False,Basic,0.0,0.429,23,2,3,0.667,2,0.667,26,1333.0,1,0,0,0,0,0.0,4.0,0
A-53f4e3,2024-06-01,Cybersecurity,UK,event,0,0,0,0,0,0.0,0,0,0,0,0,0,0,0.0,0.0,6,2,2,1.0,2,1.0,17,4204.0,0,1,0,0,0,50.0,3.0,0
A-544d0a,2024-06-01,DevTools,US,organic,30,1,2107,43,43,1.0,True,0,False,False,False,False,Pro,0.0,1.0,40,0,4,0.0,0,0.0,0,0.0,0,0,1,1,1,50.0,3.0,0
A-54d94a,2024-06-01,Cybersecurity,IN,event,397,5,6239,213,55,0.6,True,1,False,False,False,False,Pro,0.2,0.6,18,2,5,0.4,2,0.4,28,5354.0,0,1,0,0,0,71.0,4.0,0
A-54ecc2,2024-06-01,Cybersecurity,US,partner,356,5,8431,83,34,0.6,True,1,False,False,False,False,Enterprise,0.6,0.2,32,0,4,0.0,0,0.0,0,0.0,0,0,0,0,0,0.0,5.0,0
A-558c72,2024-06-01,FinTech,US,organic,366,5,6973,67,16,0.8,True,0,False,False,False,True,Enterprise,0.4,0.4,29,1,1,1.0,1,1.0,5,1055.0,0,1,0,0,1,71.0,4.0,0
A-55f257,2024-06-01,FinTech,US,organic,163,6,6782,106,38,0.5,True,1,False,False,False,False,Pro,0.333,0.667,3,1,2,0.5,2,1.0,17,3668.0,0,0,0,0,0,0.0,5.0,0
A-560d27,2024-06-01,DevTools,US,organic,27,2,15256,94,71,0.5,True,0,False,False,False,False,Enterprise,0.5,0.5,5,4,3,1.333,4,1.0,35,2571.0,1,0,0,0,0,0.0,3.0,0
A-56962b,2024-06-01,EdTech,UK,partner,53,1,0,163,163,1.0,True,1,False,False,False,False,Pro,0.0,1.0,23,1,0,0.0,1,0.0,6,1182.0,0,0,0,0,0,0.0,3.0,0
A-58b9ff,2024-06-01,DevTools,IN,partner,1,0,0,0,0,0.0,0,0,0,0,0,0,0,0.0,0.0,10,2,6,0.333,2,0.333,22,6362.0,1,0,0,0,0,0.0,4.0,0
A-59f724,2024-06-01,HealthTech,US,other,211,5,6485,68,22,0.8,False,1,False,False,False,False,Pro,0.2,0.6,7,4,3,1.333,5,1.667,50,3485.4,1,0,0,0,0,0.0,4.0,0
A-5a184f,2024-06-01,DevTools,DE,other,348,8,19980,229,74,0.5,False,1,False,False,False,False,Basic,0.375,0.25,25,2,6,0.333,2,0.286,19,4156.5,0,0,1,0,0,37.0,4.0,0
A-5a215a,2024-06-01,EdTech,FR,other,148,7,57855,609,87,0.571,True,2,False,False,False,False,Enterprise,0.571,0.286,7,4,4,1.0,4,1.0,36,4299.0,1,0,0,0,0,0.0,4.0,0
A-5a3eb9,2024-06-01,DevTools,CA,other,286,6,9424,166,65,0.0,False,0,False,False,True,False,Pro,0.167,0.5,15,2,7,0.286,2,0.333,18,1330.0,1,0,1,0,0,5.0,4.0,1
A-5a92e7,2024-06-01,HealthTech,US,ads,0,0,0,0,0,0.0,0,0,0,0,0,0,0,0.0,0.0,4,3,4,0.75,3,0.75,40,1612.0,1,0,0,0,0,0.0,5.0,1
A-5b1bcd,2024-06-01,DevTools,US,organic,259,9,89936,657,73,0.444,False,1,False,False,False,False,Enterprise,0.667,0.111,6,2,4,0.5,2,0.5,26,4348.5,0,0,2,0,1,62.5,4.0,0
A-600734,2024-06-01,DevTools,US,organic,200,7,11687,203,29,0.571,True,0,False,False,False,False,Basic,0.143,0.429,0,4,6,0.667,4,0.667,53,2058.75,1,0,1,0,0,67.0,4.0,0
A-659280,2024-06-01,FinTech,IN,event,197,7,16104,156,47,0.429,True,0,False,False,False,False,Enterprise,0.429,0.286,12,2,7,0.286,2,0.25,21,2386.5,1,0,1,0,0,2.0,4.0,0
A-65a46c,2024-06-01,HealthTech,US,event,210,5,20323,187,78,0.8,False,0,False,False,False,True,Basic,0.4,0.2,2,2,4,0.5,2,0.667,17,2192.5,0,0,2,0,1,44.0,5.0,0
A-65aeb5,2024-06-01,DevTools,US,partner,128,4,13149,90,63,1.0,True,1,True,False,False,False,Enterprise,0.5,0.25,13,1,8,0.125,1,0.111,11,1650.0,0,0,0,0,0,0.0,5.0,0
A-65c341,2024-06-01,FinTech,US,ads,158,3,23718,132,84,0.333,False,0,False,False,False,False,Enterprise,0.667,0.333,6,4,2,2.0,4,2.0,40,3341.75,1,1,0,0,0,2.0,4.0,0
A-67be94,2024-06-01,EdTech,US,organic,424,5,10308,192,62,0.6,True,0,False,False,False,False,Basic,0.2,0.0,12,3,2,1.5,3,1.5,27,1509.0,0,1,0,0,0,14.0,5.0,1
A-684255,2024-06-01,FinTech,US,ads,48,2,1735,55,32,0.0,False,0,False,True,False,False,Basic,0.0,0.5,3,2,4,0.5,2,0.333,16,2937.5,1,0,1,0,1,10.0,4.0,0
A-68f37c,2024-06-01,HealthTech,US,ads,322,10,30739,364,121,0.7,True,2,False,False,False,False,Basic,0.3,0.2,2,4,4,1.0,4,1.0,48,4169.0,1,0,1,0,0,18.0,4.0,1
A-692f18,2024-06-01,EdTech,US,other,65,3,6996,54,29,0.333,False,0,False,False,False,False,Pro,0.333,0.667,17,2,9,0.222,2,0.222,21,3672.0,1,0,0,0,0,0.0,0.0,0
A-69b156,2024-06-01,EdTech,US,other,193,3,7308,42,28,0.333,True,0,False,False,False,False,Enterprise,0.667,0.333,3,3,5,0.6,3,0.6,27,1357.0,1,0,0,0,0,0.0,4.0,0
A-69fad4,2024-06-01,FinTech,UK,ads,422,7,8721,112,35,0.571,True,1,False,False,False,False,Basic,0.429,0.143,68,0,1,0.0,0,0.0,0,0.0,0,0,0,0,0,0.0,4.0,1
A-6a4e2d,2024-06-01,EdTech,UK,partner,421,9,9214,222,56,0.444,True,1,False,False,True,False,Basic,0.222,0.222,11,4,7,0.571,4,0.571,44,4026.0,1,0,1,0,0,22.0,4.0,0
A-6c093d,2024-06-01,DevTools,US,partner,414,7,3076,126,62,0.429,True,1,False,True,False,False,Basic,0.143,0.286,22,1,8,0.125,1,0.1,9,5175.0,0,1,0,0,0,36.0,5.0,0
A-6da850,2024-06-01,FinTech,IN,organic,238,8,3951,127,34,0.625,True,2,False,False,True,False,Basic,0.25,0.25,37,0,6,0.0,0,0.0,0,0.0,0,0,0,0,0,0.0,4.0,0
A-6dee43,2024-06-01,FinTech,UK,other,294,8,19638,186,80,0.375,True,1,False,False,False,True,Basic,0.375,0.25,3,1,4,0.25,2,0.5,16,3174.0,1,0,0,0,0,0.0,5.0,0
A-6e08f3,2024-06-01,Cybersecurity,US,event,460,5,10945,97,24,0.8,True,2,False,False,False,False,Enterprise,0.8,0.2,16,1,4,0.25,1,0.2,11,792.0,0,0,0,0,0,0.0,3.0,0
A-6e7827,2024-06-01,DevTools,US,other,433,6,2872,58,35,0.667,True,0,False,False,False,False,Pro,0.167,0.667,21,1,3,0.333,1,0.333,14,3052.0,0,0,0,0,0,0.0,0.0,0
A-6f50ae,2024-06-01,FinTech,US,partner,254,8,6156,152,19,0.5,True,2,False,False,True,False,Basic,0.25,0.25,15,3,5,0.6,3,0.5,26,1958.0,1,0,0,0,0,0.0,5.0,0
A-702032,2024-06-01,HealthTech,US,ads,242,1,5572,28,28,0.0,False,0,False,False,False,False,Enterprise,1.0,0.0,8,2,2,1.0,2,1.0,31,4005.0,1,0,0,0,0,0.0,3.0,1
A-712533,2024-06-01,EdTech,US,organic,306,6,5686,157,45,0.333,False,2,False,False,False,False,Basic,0.333,0.167,17,2,7,0.286,2,0.286,15,2664.0,0,1,0,0,0,40.0,5.0,0
A-712f1c,2024-06-01,DevTools,US,ads,168,9,33970,308,75,0.556,True,1,False,True,False,False,Enterprise,0.444,0.333,21,1,6,0.167,1,0.111,9,612.0,0,0,0,0,0,0.0,4.0,0
A-71615e,2024-06-01,EdTech,US,organic,14,0,0,0,0,0.0,0,0,0,0,0,0,0,0.0,0.0,25,1,4,0.25,1,0.2,15,4665.0,0,0,0,0,0,0.0,4.0,0
A-716841,2024-06-01,FinTech,US,other,26,3,5264,251,161,0.333,False,1,False,False,False,False,Basic,0.333,0.333,14,1,2,0.5,1,0.5,10,690.0,1,0,1,0,0,4.0,4.0,0
A-726cfa,2024-06-01,DevTools,US,partner,336,12,14319,212,30,0.417,True,1,False,False,False,False,Pro,0.25,0.5,2,5,11,0.455,5,0.455,47,2574.8,1,0,0,0,0,0.0,4.0,0
A-72799b,2024-06-01,DevTools,FR,event,201,7,10346,154,34,0.571,True,1,False,False,True,True,Basic,0.429,0.143,4,4,5,0.8,4,0.8,54,3666.0,1,0,0,0,0,0.0,4.0,0
A-756192,2024-06-01,FinTech,IN,other,356,2,931,38,19,1.0,True,1,False,False,False,False,Pro,0.0,1.0,7,3,4,0.75,3,0.75,21,2987.667,1,0,0,0,0,0.0,5.0,0
A-7641d3,2024-06-01,EdTech,US,partner,471,7,7705,142,76,1.0,True,2,False,False,False,False,Enterprise,0.429,0.429,10,2,3,0.667,2,0.667,18,2581.0,0,0,0,0,0,0.0,5.0,1
A-779e4e,2024-06-01,HealthTech,US,organic,516,6,24419,161,58,0.333,False,0,False,False,False,False,Enterprise,0.5,0.333,8,1,4,0.25,1,0.25,11,1100.0,0,0,0,0,0,0.0,5.0,0
A-7920cc,2024-06-01,Cybersecurity,FR,ads,191,8,21471,338,54,0.5,False,2,False,False,False,False,Basic,0.25,0.125,13,2,1,2.0,2,2.0,13,960.0,1,0,1,0,0,5.0,3.0,0
A-794a0b,2024-06-01,HealthTech,DE,organic,365,4,3279,104,35,0.5,True,1,False,False,False,False,Pro,0.0,0.75,4,4,1,4.0,4,4.0,41,1829.5,0,0,0,0,0,0.0,0.0,0
A-7988d1,2024-06-01,Cybersecurity,US,other,164,3,1254,99,33,0.333,False,1,False,False,False,False,Basic,0.0,0.0,18,2,6,0.333,2,0.333,15,1850.0,1,0,0,0,0,0.0,5.0,1
A-798a3f,2024-06-01,DevTools,FR,other,226,5,6163,109,42,0.2,True,1,False,False,False,False,Enterprise,0.6,0.0,23,1,6,0.167,1,0.2,9,297.0,1,1,0,0,0,10.0,5.0,0
A-7a0d69,2024-06-01,DevTools,DE,ads,0,0,0,0,0,0.0,0,0,0,0,0,0,0,0.0,0.0,4,5,3,1.667,4,1.0,55,4757.2,1,0,1,0,0,22.0,5.0,0
A-7c4956,2024-06-01,DevTools,US,ads,392,6,1702,88,51,0.667,True,2,False,False,False,False,Basic,0.167,0.167,14,3,4,0.75,3,0.6,27,848.0,1,0,0,0,0,0.0,0.0,0
A-7c5768,2024-06-01,HealthTech,UK,event,91,2,1147,13,8,0.5,True,0,False,False,False,False,Basic,0.5,0.0,7,2,6,0.333,2,0.333,12,2002.0,1,0,1,0,1,62.0,5.0,0
A-7c83a1,2024-06-01,Cybersecurity,US,partner,26,3,5328,72,48,0.333,False,0,False,False,False,False,Pro,0.333,0.667,8,3,4,0.75,3,0.75,33,3578.0,0,0,2,0,0,29.5,5.0,0
A-7d514c,2024-06-01,HealthTech,DE,organic,119,3,7089,68,34,1.0,False,1,False,False,False,False,Enterprise,0.667,0.0,2,5,3,1.667,5,1.667,49,2719.0,1,0,2,0,1,24.0,5.0,0
A-7da956,2024-06-01,Cybersecurity,US,event,0,0,0,0,0,0.0,0,0,0,0,0,0,0,0.0,0.0,8,1,2,0.5,2,1.0,33,3138.0,1,0,1,0,0,35.0,5.0,0
A-7df7a7,2024-06-01,DevTools,US,organic,490,12,21062,242,85,0.667,True,2,True,False,False,False,Enterprise,0.5,0.333,11,3,4,0.75,3,0.6,36,2757.333,1,0,1,1,0,26.0,3.0,0
A-7e0a10,2024-06-01,FinTech,US,ads,196,7,25438,322,46,0.857,True,0,False,False,False,False,Basic,0.286,0.286,28,2,4,0.5,2,0.5,26,6332.0,1,0,0,0,0,0.0,3.0,0
A-7f4db3,2024-06-01,FinTech,US,other,454,8,5092,97,39,0.5,True,1,False,False,False,False,Pro,0.25,0.625,2,4,6,0.667,4,0.571,31,3079.5,1,1,0,0,0,8.0,4.0,0
A-7f6b86,2024-06-01,HealthTech,US,partner,282,5,6806,239,59,0.2,True,1,False,True,False,False,Pro,0.0,0.6,3,1,4,0.25,1,0.25,6,2778.0,0,0,0,0,0,0.0,3.0,0
A-7f8241,2024-06-01,EdTech,US,organic,445,11,23274,400,60,0.455,True,1,False,False,False,False,Basic,0.273,0.364,12,3,7,0.429,3,0.375,28,3577.333,1,0,1,0,0,36.0,3.0,0
A-80eeb6,2024-06-01,Cybersecurity,UK,organic,389,10,60877,403,89,0.8,False,0,False,False,False,False,Enterprise,0.6,0.1,4,3,5,0.6,3,0.6,38,794.333,1,0,0,0,0,0.0,3.0,0
A-812c5b,2024-06-01,DevTools,CA,organic,97,2,6370,185,130,1.0,False,1,False,False,False,False,Pro,0.0,1.0,13,7,7,1.0,6,0.75,62,2911.571,1,0,0,0,0,0.0,4.0,0
A-8145a0,2024-06-01,Cybersecurity,AU,partner,403,9,14359,158,44,0.556,True,1,False,False,False,True,Enterprise,0.667,0.0,4,2,5,0.4,2,0.5,25,3517.5,0,0,0,0,0,0.0,3.0,0
A-81edc3,2024-06-01,Cybersecurity,IN,ads,215,5,3460,47,18,0.8,True,1,False,False,False,False,Enterprise,0.6,0.4,13,3,7,0.429,3,0.333,23,2024.667,1,1,0,0,0,60.0,5.0,0
A-82861f,2024-06-01,DevTools,UK,organic,37,3,12422,128,46,0.667,False,0,False,False,False,False,Pro,0.333,0.667,6,2,1,2.0,2,2.0,18,1582.0,0,0,1,0,1,6.0,4.0,0
A-832ec2,2024-06-01,FinTech,UK,event,195,5,4332,73,25,0.8,True,1,False,True,False,False,Basic,0.2,0.0,2,2,6,0.333,2,0.333,17,3245.0,1,0,1,1,0,4.0,4.0,0
A-84ebe4,2024-06-01,FinTech,US,ads,447,8,11875,163,34,0.25,True,1,False,False,False,False,Enterprise,0.375,0.375,2,2,3,0.667,2,0.667,16,2726.0,1,0,0,0,0,0.0,4.0,0
A-855a48,2024-06-01,EdTech,US,partner,162,6,18170,140,40,0.333,True,0,False,False,False,False,Enterprise,0.5,0.167,5,1,4,0.25,1,0.25,9,2520.0,0,0,0,0,0,0.0,4.0,0
A-856b1e,2024-06-01,FinTech,US,partner,214,5,6321,129,36,1.0,True,0,False,False,False,False,Pro,0.0,1.0,33,0,3,0.0,0,0.0,0,0.0,0,0,0,0,0,0.0,4.0,0
A-86902e,2024-06-01,HealthTech,IN,other,396,7,21863,265,61,0.571,True,2,False,False,False,True,Basic,0.286,0.286,2,2,3,0.667,2,0.5,23,2418.0,1,1,2,0,1,44.333,3.0,0
A-87aa7b,2024-06-01,HealthTech,US,organic,16,2,2499,51,27,0.5,True,0,False,False,False,False,Pro,0.0,1.0,10,3,2,1.5,3,1.5,37,4763.667,0,0,1,0,0,1.0,4.0,1
A-883b7d,2024-06-01,Cybersecurity,IN,other,65,6,11003,217,53,0.667,True,1,False,False,False,False,Pro,0.333,0.5,7,5,3,1.667,5,1.667,53,3343.8,1,1,0,1,0,15.0,3.0,0
A-8adedc,2024-06-01,EdTech,US,event,111,9,21033,224,79,0.111,False,2,False,False,False,False,Enterprise,0.556,0.111,25,1,7,0.143,1,0.125,10,1110.0,1,0,0,0,0,0.0,4.0,0
A-8ae05d,2024-06-01,FinTech,IN,other,56,1,1634,86,86,0.0,True,0,False,False,False,False,Basic,0.0,0.0,12,1,1,1.0,1,1.0,17,6188.0,0,0,0,0,0,0.0,4.0,0
A-8ae3fc,2024-06-01,DevTools,CA,ads,0,0,0,0,0,0.0,0,0,0,0,0,0,0,0.0,0.0,16,2,3,0.667,2,0.667,16,4026.0,1,0,2,0,1,30.5,4.0,0
A-8b25f2,2024-06-01,Cybersecurity,US,ads,105,5,3062,58,20,0.8,False,1,False,False,False,False,Enterprise,0.4,0.4,17,1,4,0.25,1,0.25,15,180.0,0,0,0,0,0,0.0,3.0,0
A-8e47ca,2024-06-01,HealthTech,US,organic,107,6,19003,127,31,0.667,True,0,False,False,False,True,Enterprise,0.667,0.167,10,2,4,0.5,2,0.5,26,3851.5,1,0,0,0,0,0.0,3.0,1
A-8ed5dd,2024-06-01,EdTech,UK,event,338,8,10894,106,46,0.375,True,0,False,False,False,True,Enterprise,0.375,0.375,18,1,6,0.167,1,0.167,12,1788.0,1,1,0,0,0,51.0,3.0,0
A-9123ac,2024-06-01,Cybersecurity,DE,organic,347,4,8738,77,42,0.75,False,1,True,False,False,False,Basic,0.5,0.0,26,1,3,0.333,1,0.333,13,3549.0,0,0,0,0,0,0.0,5.0,0
A-91e948,2024-06-01,EdTech,AU,partner,489,5,5576,205,41,0.8,False,1,False,False,False,False,Basic,0.0,0.4,7,2,5,0.4,2,0.4,27,4188.5,1,0,0,0,0,0.0,0.0,0
A-9208f0,2024-06-01,EdTech,US,organic,387,7,3511,136,49,0.571,True,2,False,False,False,False,Basic,0.286,0.286,9,3,4,0.75,4,1.333,45,3984.0,1,0,0,0,0,0.0,4.0,0
A-922109,2024-06-01,Cybersecurity,US,ads,127,3,3377,113,72,0.0,False,0,False,False,False,False,Pro,0.0,0.667,4,4,5,0.8,4,0.8,46,1809.75,1,0,1,0,0,49.0,3.0,0
A-9289f6,2024-06-01,EdTech,US,event,367,7,8192,180,81,0.429,False,1,False,False,False,False,Basic,0.286,0.286,4,2,3,0.667,2,0.667,14,3143.5,1,0,0,0,0,0.0,3.0,0
A-92a333,2024-06-01,FinTech,US,event,435,4,9215,65,33,0.25,False,0,False,False,False,False,Enterprise,0.5,0.25,43,0,5,0.0,0,0.0,0,0.0,0,0,0,0,0,0.0,4.0,0
A-940b8b,2024-06-01,HealthTech,DE,organic,74,3,8608,112,56,0.333,True,0,False,False,True,True,Basic,0.333,0.333,8,1,5,0.2,1,0.2,11,4367.0,0,0,0,0,0,0.0,3.0,0
A-94c3cd,2024-06-01,FinTech,CA,other,255,1,0,32,32,0.0,False,1,False,False,False,False,Enterprise,1.0,0.0,18,1,2,0.5,1,0.5,9,1107.0,0,0,0,0,0,0.0,4.0,0
A-94d3da,2024-06-01,HealthTech,US,other,395,9,13735,369,41,0.444,True,4,False,False,False,False,Pro,0.111,0.556,47,0,6,0.0,0,0.0,0,0.0,0,0,0,0,0,0.0,3.0,0
A-94f8c9,2024-06-01,HealthTech,US,other,64,3,3224,39,13,1.0,False,1,False,False,False,True,Enterprise,0.667,0.333,1,3,5,0.6,3,0.6,19,1634.0,0,0,0,0,0,0.0,5.0,0
A-95b24a,2024-06-01,FinTech,US,event,361,7,22450,280,47,0.286,True,0,False,False,False,False,Basic,0.286,0.286,11,1,5,0.2,1,0.2,16,5232.0,0,0,1,0,0,8.0,5.0,0
A-96bbc6,2024-06-01,Cybersecurity,US,organic,25,2,3822,78,39,0.5,False,0,False,True,False,False,Pro,0.0,1.0,5,1,3,0.333,1,0.333,3,315.0,1,0,0,0,0,0.0,3.0,1
A-96e141,2024-06-01,DevTools,UK,partner,294,4,5432,108,40,0.75,False,1,False,False,False,False,Enterprise,0.5,0.5,10,3,4,0.75,3,0.75,31,2489.0,1,0,2,0,0,46.5,5.0,0
A-970c97,2024-06-01,HealthTech,DE,other,92,2,5572,28,14,1.0,True,0,False,False,True,False,Enterprise,1.0,0.0,15,2,1,2.0,3,3.0,30,2892.667,0,0,0,0,0,0.0,5.0,0
A-9779ad,2024-06-01,Cybersecurity,AU,event,64,2,15920,80,40,0.5,False,0,False,False,False,False,Enterprise,1.0,0.0,17,1,6,0.167,1,0.167,10,1770.0,1,0,0,0,0,0.0,4.0,0
A-977ca0,2024-06-01,HealthTech,IN,partner,467,12,25755,297,92,0.75,True,4,False,False,False,False,Pro,0.25,0.417,13,3,4,0.75,2,0.4,39,1694.333,1,0,0,0,0,0.0,4.0,0
A-98a59a,2024-06-01,FinTech,UK,partner,302,6,11424,336,56,0.667,True,0,False,False,False,False,Basic,0.0,0.5,17,3,4,0.75,3,0.75,32,2959.333,1,0,0,0,0,0.0,4.0,0
A-993085,2024-06-01,HealthTech,US,ads,366,9,33335,306,49,0.444,True,1,False,False,False,False,Enterprise,0.556,0.111,1,3,4,0.75,3,0.75,30,3151.667,0,0,1,0,0,50.0,4.0,0
A-9affe6,2024-06-01,Cybersecurity,US,other,437,6,6580,130,56,0.5,True,0,False,False,False,False,Basic,0.333,0.333,41,0,4,0.0,0,0.0,0,0.0,0,0,0,0,0,0.0,3.0,0
A-9b9fe9,2024-06-01,EdTech,AU,other,247,6,2857,59,24,0.5,True,2,False,False,False,False,Pro,0.167,0.667,9,2,6,0.333,3,0.429,34,1692.0,1,0,0,0,0,0.0,4.0,0
A-9badbd,2024-06-01,Cybersecurity,DE,ads,0,0,0,0,0,0.0,0,0,0,0,0,0,0,0.0,0.0,15,2,7,0.286,2,0.286,24,3338.0,0,0,0,0,0,0.0,5.0,0
A-9bfc9f,2024-06-01,DevTools,CA,ads,261,7,9805,371,53,0.571,True,2,False,False,True,True,Pro,0.0,0.714,16,1,4,0.25,1,0.25,6,1584.0,0,0,0,0,0,0.0,3.0,0
A-9c18c4,2024-06-01,HealthTech,US,ads,310,7,13445,95,19,0.571,True,0,False,False,False,False,Enterprise,0.571,0.286,0,3,2,1.5,3,1.5,28,3694.0,1,0,1,0,0,56.0,5.0,0
A-9ee962,2024-06-01,HealthTech,US,ads,459,7,3478,100,30,0.429,True,2,False,False,False,False,Basic,0.0,0.429,5,5,5,1.0,6,1.2,77,3231.333,1,1,0,0,0,39.0,4.0,0
A-9f0b68,2024-06-01,EdTech,US,ads,34,1,418,22,22,0.0,True,0,False,False,False,False,Basic,0.0,0.0,0,5,6,0.833,5,0.833,50,2530.5,1,1,0,0,1,4.0,3.0,0
A-9f9299,2024-06-01,FinTech,US,organic,273,5,13580,140,28,0.6,True,0,False,False,False,False,Basic,0.4,0.2,7,2,4,0.5,2,0.667,24,6036.0,0,0,0,0,0,0.0,4.0,0
A-a0ca4e,2024-06-01,Cybersecurity,US,ads,85,3,2806,34,12,0.0,True,0,False,False,False,False,Basic,0.333,0.0,8,2,3,0.667,2,0.667,24,4362.5,0,0,0,0,0,0.0,5.0,0
A-a1b80b,2024-06-01,HealthTech,US,organic,187,5,17438,144,52,0.6,True,1,False,False,False,True,Enterprise,0.8,0.0,13,3,3,1.0,2,0.667,31,2629.667,1,0,0,0,0,0.0,4.0,0
A-a1bbb6,2024-06-01,DevTools,CA,organic,423,7,14402,98,28,0.714,True,0,False,False,False,False,Enterprise,0.571,0.429,28,1,3,0.333,1,0.333,12,4752.0,0,0,0,0,0,0.0,4.0,0
A-a45270,2024-06-01,HealthTech,US,ads,0,0,0,0,0,0.0,0,0,0,0,0,0,0,0.0,0.0,2,5,7,0.714,5,0.714,72,2680.333,1,0,0,0,0,0.0,4.0,0
A-a6d261,2024-06-01,FinTech,CA,other,185,8,30043,196,103,0.75,True,1,False,False,False,False,Enterprise,0.625,0.25,9,2,4,0.5,3,1.0,36,3153.333,1,0,0,0,0,0.0,5.0,0
A-a7bd4b,2024-06-01,Cybersecurity,US,ads,472,8,4760,160,51,0.375,True,2,False,True,False,False,Pro,0.125,0.625,43,0,4,0.0,0,0.0,0,0.0,0,0,0,0,0,0.0,3.0,0
A-a865bd,2024-06-01,Cybersecurity,US,organic,256,4,18278,182,68,0.5,True,0,False,False,False,False,Enterprise,0.5,0.25,116,0,0,0.0,0,0.0,0,0.0,0,0,0,0,0,0.0,0.0,0
A-a8b49c,2024-06-01,Cybersecurity,UK,partner,239,8,3888,107,26,0.625,True,2,False,False,False,False,Pro,0.125,0.5,12,2,5,0.4,2,0.333,25,4524.0,0,0,0,0,0,0.0,4.0,1
A-a8d89d,2024-06-01,EdTech,US,ads,176,3,18356,104,78,0.667,True,0,False,False,False,True,Enterprise,0.667,0.0,13,2,4,0.5,2,0.5,17,4232.5,1,0,1,0,0,29.0,5.0,0
A-aa9511,2024-06-01,DevTools,US,other,235,6,32011,222,97,0.667,False,1,False,False,False,False,Enterprise,0.667,0.167,25,1,6,0.167,1,0.167,10,1650.0,0,0,0,0,0,0.0,4.0,0
A-ac14bb,2024-06-01,FinTech,US,partner,267,7,27214,222,71,0.571,True,1,False,False,False,False,Enterprise,0.429,0.286,26,1,4,0.25,1,0.25,9,747.0,0,0,1,0,0,21.0,4.0,0
A-ac9111,2024-06-01,HealthTech,US,event,294,6,4235,181,56,0.5,True,1,False,False,False,False,Basic,0.167,0.333,0,5,7,0.714,4,0.667,47,2135.0,1,1,0,0,1,40.0,5.0,1
A-acb7f7,2024-06-01,EdTech,US,ads,147,6,21854,208,41,0.5,True,1,False,False,False,True,Enterprise,0.5,0.333,24,1,6,0.167,1,0.167,5,1465.0,0,0,0,0,0,0.0,3.0,0
A-ad3abd,2024-06-01,FinTech,US,event,456,5,12584,220,44,0.4,True,1,False,False,False,False,Basic,0.2,0.2,22,3,2,1.5,2,1.0,37,5956.333,1,0,0,0,0,0.0,3.0,0
A-ad64c6,2024-06-01,DevTools,UK,event,99,1,2388,12,12,1.0,True,0,False,False,False,False,Enterprise,1.0,0.0,13,1,1,1.0,1,1.0,9,1080.0,0,0,1,0,0,4.0,4.0,0
A-ae052e,2024-06-01,FinTech,CA,other,264,2,1911,78,39,1.0,False,1,False,False,False,True,Pro,0.0,1.0,5,2,3,0.667,2,0.667,18,3223.0,1,0,0,0,0,0.0,3.0,0
A-af0cd2,2024-06-01,Cybersecurity,IN,other,515,8,5016,163,30,0.5,True,1,False,False,False,False,Basic,0.0,0.5,16,3,3,1.0,3,1.0,35,3194.0,0,0,1,0,1,69.0,4.0,0
A-afa505,2024-06-01,DevTools,US,partner,157,3,17360,210,70,0.667,True,1,False,False,False,False,Pro,0.333,0.667,1,2,2,1.0,2,1.0,18,2371.0,1,0,0,0,0,0.0,3.0,0
A-b11cd0,2024-06-01,DevTools,US,ads,498,5,3532,140,36,0.8,False,2,False,False,False,False,Basic,0.0,0.4,20,3,2,1.5,3,1.5,23,2344.333,1,0,0,0,0,0.0,5.0,0
A-b20d99,2024-06-01,HealthTech,IN,other,248,3,5006,74,34,0.333,True,0,False,False,False,False,Basic,0.333,0.0,3,4,3,1.333,4,1.333,33,2468.0,0,0,0,0,0,0.0,4.0,0
A-b2225d,2024-06-01,FinTech,US,ads,85,4,10246,188,47,0.0,True,2,False,False,True,False,Enterprise,0.75,0.0,7,3,7,0.429,3,0.429,25,1858.333,1,0,1,0,0,24.0,3.0,1
A-b30291,2024-06-01,HealthTech,US,event,57,3,285,15,5,0.667,False,0,False,False,False,False,Basic,0.0,0.0,10,2,3,0.667,2,0.667,22,5005.0,0,0,0,0,0,0.0,4.0,0
A-b3fe05,2024-06-01,Cybersecurity,CA,partner,4,0,0,0,0,0.0,0,0,0,0,0,0,0,0.0,0.0,13,1,3,0.333,1,0.333,8,3104.0,1,0,0,0,0,0.0,3.0,0
A-b44e3e,2024-06-01,Cybersecurity,UK,ads,110,4,27601,199,79,0.0,False,0,False,False,False,True,Enterprise,0.5,0.5,24,2,3,0.667,2,0.667,17,1714.5,0,0,0,0,0,0.0,4.0,0
A-b7724f,2024-06-01,HealthTech,UK,organic,431,1,627,33,33,1.0,False,0,False,False,False,False,Basic,0.0,0.0,18,3,0,0.0,3,0.0,27,930.0,0,0,0,0,0,0.0,3.0,0
A-b7b7b7,2024-06-01,FinTech,US,event,0,0,0,0,0,0.0,0,0,0,0,0,0,0,0.0,0.0,0,5,4,1.25,5,1.25,47,1927.0,1,1,0,0,0,9.0,5.0,0
A-b7ef83,2024-06-01,Cybersecurity,UK,partner,3,0,0,0,0,0.0,0,0,0,0,0,0,0,0.0,0.0,3,3,9,0.333,3,0.375,28,3745.0,1,0,0,0,0,0.0,4.0,1
A-b9eed8,2024-06-01,Cybersecurity,US,organic,99,2,3573,27,15,0.0,True,0,True,False,False,False,Enterprise,0.5,0.5,9,6,6,1.0,5,0.714,53,2400.0,1,0,0,0,0,0.0,3.0,0
A-b9f5b1,2024-06-01,Cybersecurity,US,other,494,3,0,96,42,0.333,True,3,False,False,False,False,Enterprise,1.0,0.0,23,1,1,1.0,1,1.0,10,1170.0,0,0,0,0,0,0.0,3.0,0
A-ba6516,2024-06-01,FinTech,US,ads,216,8,13608,244,55,0.5,True,2,False,False,True,False,Basic,0.25,0.25,22,1,5,0.2,1,0.25,12,6876.0,0,0,1,0,0,24.0,3.0,0
A-bad8c1,2024-06-01,FinTech,AU,organic,458,6,5984,186,60,0.833,False,2,False,False,False,False,Basic,0.333,0.333,21,1,3,0.333,1,0.333,14,7084.0,0,0,1,0,0,27.0,4.0,0
A-bb1eaa,2024-06-01,Cybersecurity,US,organic,0,0,0,0,0,0.0,0,0,0,0,0,0,0,0.0,0.0,7,1,1,1.0,1,1.0,13,5551.0,0,1,0,0,1,1.0,4.0,0
A-bb2f49,2024-06-01,Cybersecurity,US,other,370,6,15900,158,68,0.667,False,1,False,False,False,False,Pro,0.333,0.667,17,2,6,0.333,2,0.333,23,3394.5,0,0,1,0,0,18.0,4.0,0
A-bb3bd4,2024-06-01,HealthTech,US,ads,126,2,5704,46,23,0.0,False,0,False,False,False,True,Enterprise,0.5,0.5,9,1,4,0.25,1,0.25,10,3350.0,1,0,0,0,0,0.0,4.0,1
A-bbe56f,2024-06-01,HealthTech,US,ads,471,4,5607,84,21,0.25,False,1,False,False,False,False,Basic,0.25,0.25,14,1,2,0.5,1,0.5,9,171.0,1,0,0,0,0,0.0,0.0,0
A-bc4d48,2024-06-01,EdTech,US,ads,0,0,0,0,0,0.0,0,0,0,0,0,0,0,0.0,0.0,12,4,2,2.0,5,5.0,57,3765.4,1,0,0,0,0,0.0,3.0,0
A-bcf664,2024-06-01,DevTools,US,other,379,8,8956,197,59,0.625,False,2,False,False,False,False,Basic,0.25,0.125,4,2,1,2.0,2,2.0,16,2071.5,1,0,0,0,0,0.0,5.0,0
A-bcf87c,2024-06-01,FinTech,US,event,0,0,0,0,0,0.0,0,0,0,0,0,0,0,0.0,0.0,6,3,6,0.5,3,0.429,29,1663.0,1,0,0,0,0,0.0,3.0,0
A-bece89,2024-06-01,Cybersecurity,IN,event,183,5,17388,132,28,0.4,True,0,False,True,False,False,Enterprise,0.6,0.2,41,0,2,0.0,0,0.0,0,0.0,0,1,0,1,0,26.0,4.0,0
A-c16b88,2024-06-01,HealthTech,US,event,182,2,0,50,27,0.0,False,2,False,False,False,False,Pro,0.0,1.0,43,0,4,0.0,0,0.0,0,0.0,0,0,1,0,0,56.0,3.0,1
A-c1dfe1,2024-06-01,DevTools,DE,ads,299,5,11963,137,33,0.8,True,0,False,False,True,False,Basic,0.4,0.0,14,1,5,0.2,1,0.167,6,1122.0,0,0,0,0,0,0.0,4.0,1
A-c222ab,2024-06-01,Cybersecurity,US,other,22,0,0,0,0,0.0,0,0,0,0,0,0,0,0.0,0.0,18,2,3,0.667,2,0.667,16,3906.0,1,0,0,0,0,0.0,0.0,1
A-c45b23,2024-06-01,FinTech,UK,partner,176,5,2759,41,12,0.6,True,0,False,False,False,False,Basic,0.2,0.4,1,2,9,0.222,2,0.25,30,4950.0,1,1,1,0,0,34.0,3.0,0
A-c4ea60,2024-06-01,FinTech,DE,other,450,3,1254,124,58,0.333,True,1,False,False,False,False,Basic,0.0,0.0,1,1,2,0.5,1,1.0,10,5710.0,0,1,1,0,1,33.5,4.0,0
A-c608c8,2024-06-01,DevTools,DE,ads,401,5,6201,99,58,0.6,True,0,False,False,False,True,Pro,0.4,0.6,20,2,4,0.5,2,0.5,18,4136.0,0,0,0,0,0,0.0,3.0,1
A-c62e55,2024-06-01,EdTech,US,partner,479,7,9746,164,56,0.286,True,0,False,False,False,True,Pro,0.143,0.571,14,1,4,0.25,1,0.25,13,7423.0,1,0,1,0,1,15.0,5.0,0
A-c7e58b,2024-06-01,HealthTech,IN,other,342,3,3440,20,10,0.667,True,0,False,False,False,False,Enterprise,0.667,0.0,31,0,3,0.0,0,0.0,0,0.0,0,0,0,0,0,0.0,4.0,0
A-c7ffc2,2024-06-01,Cybersecurity,US,partner,491,8,28071,369,132,0.5,True,0,False,False,False,False,Basic,0.375,0.25,1,5,6,0.833,5,0.833,58,3852.6,1,0,0,0,0,0.0,3.0,0
A-c9bb3e,2024-06-01,EdTech,US,ads,69,2,7742,158,123,0.0,False,0,False,False,False,False,Pro,0.0,1.0,11,2,2,1.0,2,1.0,18,2163.0,0,0,0,0,0,0.0,4.0,0
A-cab532,2024-06-01,DevTools,FR,organic,425,9,12577,211,58,0.556,True,2,False,True,True,False,Enterprise,0.444,0.333,22,2,10,0.2,2,0.2,21,2803.5,1,0,1,0,0,32.0,4.0,0
A-cb5333,2024-06-01,DevTools,US,ads,67,4,7403,161,51,0.5,False,2,False,False,False,False,Basic,0.25,0.25,0,7,2,3.5,6,3.0,68,3941.857,1,0,0,0,0,0.0,3.0,0
A-cb6cc6,2024-06-01,DevTools,US,ads,425,5,1150,66,14,0.4,True,2,False,False,False,False,Basic,0.4,0.2,11,2,3,0.667,1,0.25,22,3655.0,0,0,1,0,0,18.0,4.0,0
A-cbbe12,2024-06-01,Cybersecurity,DE,partner,437,4,2720,160,40,0.75,True,2,True,False,False,False,Pro,0.0,0.75,39,0,2,0.0,0,0.0,0,0.0,0,0,1,0,0,53.0,3.0,0
A-cc102e,2024-06-01,HealthTech,US,partner,47,3,2552,68,42,0.333,False,0,False,False,False,False,Basic,0.0,0.333,17,2,4,0.5,2,0.5,19,2704.5,1,0,1,0,0,1.0,3.0,0
A-cc8c8f,2024-06-01,DevTools,US,ads,0,0,0,0,0,0.0,0,0,0,0,0,0,0,0.0,0.0,13,1,2,0.5,1,0.333,4,800.0,0,0,0,0,0,0.0,4.0,0
A-cc98bc,2024-06-01,DevTools,US,ads,374,8,19999,303,57,0.5,True,1,False,True,False,False,Basic,0.375,0.25,2,1,1,1.0,1,1.0,16,3824.0,1,0,0,0,0,0.0,4.0,0
A-ccabf0,2024-06-01,HealthTech,IN,organic,208,7,22082,158,59,0.429,True,0,False,False,False,False,Enterprise,0.571,0.286,25,2,5,0.4,2,0.4,21,3286.5,0,0,1,0,0,43.0,4.0,0
A-ccb686,2024-06-01,DevTools,US,other,131,5,3424,122,52,0.2,True,2,False,False,False,True,Pro,0.2,0.6,10,3,10,0.3,3,0.333,34,3373.333,1,0,0,0,0,0.0,4.0,1
A-ccc747,2024-06-01,HealthTech,FR,event,141,1,0,16,16,1.0,True,1,False,True,False,False,Enterprise,1.0,0.0,13,2,1,2.0,2,2.0,17,2517.5,0,0,0,0,0,0.0,4.0,0
A-cd458b,2024-06-01,DevTools,US,other,0,0,0,0,0,0.0,0,0,0,0,0,0,0,0.0,0.0,11,2,5,0.4,2,0.4,18,4698.0,1,0,1,0,1,50.0,5.0,0
A-cdf020,2024-06-01,DevTools,AU,organic,290,5,10212,161,45,0.6,True,1,False,False,False,False,Pro,0.2,0.6,6,2,4,0.5,2,0.5,24,2147.0,0,0,1,0,1,35.0,4.0,0
A-ce66f8,2024-06-01,EdTech,CA,event,283,3,1653,87,29,0.333,False,0,False,False,False,False,Basic,0.0,0.0,4,4,3,1.333,4,1.333,44,2945.0,0,1,0,0,1,37.0,3.0,0
A-cea1f0,2024-06-01,FinTech,US,event,55,1,475,25,25,0.0,True,0,True,False,False,False,Basic,0.0,0.0,10,2,5,0.4,2,0.333,21,2663.5,1,1,0,0,0,57.0,4.0,0
A-d42431,2024-06-01,FinTech,FR,ads,0,0,0,0,0,0.0,0,0,0,0,0,0,0,0.0,0.0,2,3,2,1.5,3,1.5,23,3675.333,0,0,0,0,0,0.0,3.0,1
A-d49cc5,2024-06-01,Cybersecurity,FR,event,256,3,5850,150,50,0.333,False,0,False,False,False,False,Pro,0.0,0.667,9,1,3,0.333,1,0.333,13,5278.0,0,1,1,0,1,6.0,5.0,0
A-d4ac0e,2024-06-01,DevTools,UK,ads,42,4,2449,217,156,0.5,True,1,False,False,False,False,Basic,0.0,0.5,3,5,4,1.25,5,1.25,47,2556.0,1,0,0,0,0,0.0,4.0,0
A-d5a319,2024-06-01,FinTech,US,other,394,7,15577,163,70,0.286,True,2,False,False,False,False,Basic,0.143,0.286,25,1,1,1.0,1,1.0,9,5238.0,0,0,0,0,0,0.0,0.0,0
A-d77f4c,2024-06-01,DevTools,US,partner,250,8,26941,210,94,0.5,True,1,False,False,False,True,Enterprise,0.5,0.25,18,1,6,0.167,1,0.167,6,1218.0,0,0,0,0,0,0.0,5.0,0
A-d792a6,2024-06-01,DevTools,US,organic,495,12,9318,154,37,0.417,True,3,False,False,False,False,Basic,0.333,0.333,30,1,7,0.143,1,0.125,6,2220.0,0,0,0,0,0,0.0,4.0,0
A-d922bf,2024-06-01,HealthTech,US,ads,267,3,12338,67,32,0.333,False,1,False,False,False,False,Enterprise,0.667,0.0,21,1,4,0.25,1,0.25,5,2630.0,0,0,0,0,0,0.0,3.0,0
A-dbc825,2024-06-01,EdTech,FR,partner,146,8,14858,152,19,0.25,True,0,False,False,False,False,Enterprise,0.375,0.375,14,3,5,0.6,3,0.6,30,1939.0,1,0,2,0,0,55.0,3.0,0
A-dcc2f0,2024-06-01,FinTech,UK,organic,315,8,11727,142,25,0.625,False,1,False,False,False,True,Enterprise,0.5,0.25,7,5,6,0.833,5,0.714,57,4071.6,1,1,0,0,1,52.0,4.0,0
A-dcc3f1,2024-06-01,HealthTech,US,event,157,4,3392,119,51,0.75,False,1,False,False,False,False,Basic,0.25,0.25,23,2,2,1.0,2,1.0,28,4718.0,0,0,2,0,1,42.0,4.0,0
A-de58ca,2024-06-01,HealthTech,DE,organic,415,8,15721,354,105,0.375,True,2,False,False,False,False,Pro,0.25,0.5,0,2,3,0.667,2,0.667,16,3709.0,0,0,0,0,0,0.0,3.0,0
A-dec005,2024-06-01,HealthTech,US,partner,232,4,10348,94,31,0.5,True,2,False,False,False,False,Enterprise,0.5,0.25,8,2,6,0.333,2,0.333,18,2460.0,0,0,0,0,0,0.0,3.0,0
A-df10db,2024-06-01,DevTools,US,other,361,7,9019,91,33,0.571,True,0,False,False,False,False,Basic,0.286,0.286,3,3,0,0.0,3,0.0,36,6062.0,0,0,0,0,0,0.0,3.0,0
A-df1e44,2024-06-01,Cybersecurity,UK,organic,99,3,3675,114,63,0.667,True,1,False,True,False,False,Pro,0.333,0.667,7,2,2,1.0,2,1.0,16,3335.0,0,0,0,0,0,0.0,5.0,0
A-dfbd31,2024-06-01,DevTools,UK,partner,180,5,3885,83,24,0.8,True,2,False,False,False,False,Enterprise,0.4,0.4,54,0,4,0.0,0,0.0,0,0.0,0,0,1,0,0,13.0,4.0,0
A-e1462e,2024-06-01,FinTech,UK,partner,447,4,9491,87,29,0.5,True,1,False,False,False,False,Enterprise,0.5,0.25,28,1,5,0.2,1,0.2,10,2440.0,0,0,0,0,0,0.0,4.0,0
A-e19ff6,2024-06-01,Cybersecurity,UK,partner,309,5,1285,69,38,0.4,True,1,False,False,False,False,Basic,0.2,0.2,1,3,0,0.0,3,0.0,42,3934.667,0,0,0,0,0,0.0,5.0,1
A-e1b9cd,2024-06-01,DevTools,US,event,461,11,32362,538,100,0.455,True,0,False,False,False,False,Basic,0.182,0.364,4,2,7,0.286,2,0.25,27,1894.0,0,0,0,0,0,0.0,3.0,0
A-e2cd1b,2024-06-01,DevTools,US,other,118,3,4556,74,44,0.333,False,0,False,False,False,False,Basic,0.333,0.333,4,3,3,1.0,3,1.0,34,2745.333,0,0,0,0,0,0.0,4.0,0
A-e36807,2024-06-01,EdTech,AU,other,15,1,1539,81,81,1.0,True,0,False,False,False,False,Basic,0.0,0.0,0,5,3,1.667,5,1.667,47,3482.8,1,1,0,0,0,69.0,4.0,0
A-e3bd71,2024-06-01,Cybersecurity,US,partner,434,7,31434,255,69,0.857,True,1,False,False,True,True,Enterprise,0.714,0.143,14,3,4,0.75,2,0.5,37,5250.667,1,0,0,0,0,0.0,3.0,0
A-e40f45,2024-06-01,HealthTech,US,organic,44,3,6848,92,44,0.667,False,0,False,True,False,False,Basic,0.333,0.333,21,2,4,0.5,2,0.5,22,2515.0,1,0,0,0,0,0.0,5.0,0
A-e43bf7,2024-06-01,Cybersecurity,AU,other,435,4,26998,202,70,0.5,True,0,False,False,False,False,Enterprise,0.5,0.5,5,3,3,1.0,3,1.0,39,1665.0,1,0,1,1,1,18.0,5.0,0
A-e51ec7,2024-06-01,FinTech,CA,partner,252,4,5569,36,25,0.25,True,1,False,False,False,True,Enterprise,0.5,0.25,11,4,3,1.333,4,1.333,37,4164.5,1,0,0,0,0,0.0,4.0,0
A-e5d6ab,2024-06-01,EdTech,US,partner,413,6,7981,96,35,0.5,False,1,False,False,False,False,Basic,0.333,0.167,26,3,3,1.0,2,0.667,27,2425.0,1,0,0,0,0,0.0,4.0,0
A-e61e98,2024-06-01,FinTech,US,partner,225,6,5996,166,40,0.5,True,1,False,True,False,False,Pro,0.0,0.833,2,2,1,2.0,2,2.0,16,1732.0,0,0,0,0,0,0.0,5.0,0
A-e693b6,2024-06-01,FinTech,AU,event,373,7,21120,385,55,0.571,True,1,False,False,False,False,Pro,0.286,0.429,5,8,7,1.143,6,0.75,80,2598.125,1,0,0,0,0,0.0,3.0,0
A-e6afc1,2024-06-01,DevTools,US,ads,463,7,15135,223,68,0.714,True,1,False,False,False,False,Pro,0.143,0.571,20,2,5,0.4,2,0.4,18,556.0,1,0,0,0,0,0.0,0.0,0
A-e7a1e2,2024-06-01,Cybersecurity,US,event,0,0,0,0,0,0.0,0,0,0,0,0,0,0,0.0,0.0,1,4,6,0.667,4,0.667,35,2982.25,1,0,1,0,0,45.0,4.0,0
A-e7beab,2024-06-01,EdTech,DE,organic,225,4,7363,95,58,0.5,False,1,False,False,False,False,Enterprise,1.0,0.0,21,2,3,0.667,3,1.5,30,1986.667,0,0,0,0,0,0.0,3.0,0
A-e83938,2024-06-01,DevTools,UK,other,193,2,3184,29,16,1.0,False,1,False,False,False,False,Enterprise,1.0,0.0,35,0,2,0.0,0,0.0,0,0.0,0,1,0,0,0,41.0,4.0,0
A-e888d1,2024-06-01,Cybersecurity,US,other,431,7,8080,186,54,0.571,True,3,False,False,False,False,Basic,0.286,0.286,9,5,2,2.5,5,2.5,48,3833.8,1,0,0,0,0,0.0,3.0,0
A-e89151,2024-06-01,FinTech,UK,organic,261,7,11459,101,24,0.714,True,0,False,True,False,True,Enterprise,0.571,0.143,22,3,1,3.0,2,2.0,41,4557.0,1,0,1,0,0,54.0,5.0,0
A-e98302,2024-06-01,EdTech,US,ads,158,2,7648,52,34,0.0,False,0,False,False,False,False,Enterprise,0.5,0.5,20,1,6,0.167,1,0.2,7,3038.0,1,0,0,0,0,0.0,4.0,0
A-eafc6e,2024-06-01,DevTools,US,partner,331,2,8089,61,34,0.5,False,0,False,False,False,False,Enterprise,0.5,0.5,39,0,4,0.0,0,0.0,0,0.0,0,0,0,0,0,0.0,4.0,0
A-eb2fdc,2024-06-01,DevTools,AU,organic,193,6,15414,216,47,0.5,True,0,False,False,False,False,Pro,0.167,0.5,3,1,4,0.25,1,0.25,9,2394.0,0,0,0,0,0,0.0,4.0,0
A-eb7c38,2024-06-01,DevTools,AU,organic,97,4,20019,214,102,0.5,True,1,False,False,False,True,Basic,0.5,0.0,16,2,6,0.333,2,0.333,21,2628.0,0,1,1,0,0,30.5,5.0,0
A-eb7fac,2024-06-01,DevTools,US,organic,217,5,33896,254,136,0.6,True,0,False,False,False,False,Pro,0.4,0.6,12,3,3,1.0,3,1.0,35,4406.0,0,0,1,0,1,37.0,4.0,0
A-ed510f,2024-06-01,Cybersecurity,IN,partner,501,8,32046,336,42,0.125,True,1,False,True,False,False,Enterprise,0.5,0.375,6,2,4,0.5,2,0.5,15,1655.0,1,0,1,0,1,56.0,3.0,0
A-ee42db,2024-06-01,EdTech,DE,ads,403,8,2775,144,33,0.5,True,3,False,False,False,False,Basic,0.0,0.5,9,3,4,0.75,2,0.5,25,1388.0,1,0,0,0,0,0.0,3.0,0
A-ef84cf,2024-06-01,EdTech,US,partner,92,2,6766,42,34,0.5,False,1,False,False,False,False,Enterprise,1.0,0.0,24,1,3,0.333,1,0.333,11,6347.0,0,0,1,0,0,59.0,4.0,0
A-f03140,2024-06-01,DevTools,IN,event,192,5,9094,136,28,0.4,True,0,False,False,False,False,Basic,0.2,0.4,0,3,3,1.0,3,0.75,30,1058.0,1,0,0,0,0,0.0,5.0,0
A-f17767,2024-06-01,DevTools,US,event,488,11,14617,163,39,0.636,False,0,False,False,False,False,Pro,0.182,0.636,0,5,5,1.0,5,0.833,56,4487.6,1,0,0,0,0,0.0,5.0,0
A-f19409,2024-06-01,DevTools,US,other,443,5,17486,164,44,0.4,True,0,False,False,False,False,Pro,0.4,0.6,3,2,6,0.333,2,0.4,24,4417.0,1,0,0,0,0,0.0,4.0,0
A-f19b24,2024-06-01,Cybersecurity,US,organic,508,1,1421,29,29,1.0,False,0,False,False,False,False,Pro,0.0,1.0,12,1,0,0.0,1,0.0,11,5511.0,1,0,0,0,0,0.0,4.0,0
A-f1f639,2024-06-01,EdTech,US,ads,461,3,1128,12,5,1.0,False,0,False,False,False,False,Basic,0.333,0.0,0,1,0,0.0,1,0.0,12,804.0,0,1,1,0,1,31.0,5.0,0
A-f25509,2024-06-01,EdTech,US,other,71,1,6368,32,32,1.0,False,0,False,False,False,False,Enterprise,1.0,0.0,14,1,3,0.333,1,0.5,12,7200.0,0,2,1,0,0,30.0,5.0,1
A-f44180,2024-06-01,Cybersecurity,UK,event,474,6,27661,139,89,0.333,True,0,False,False,False,False,Enterprise,1.0,0.0,20,1,4,0.25,1,0.25,7,1288.0,0,0,2,0,1,46.5,5.0,0
A-f446b6,2024-06-01,DevTools,DE,ads,386,6,8465,125,53,0.5,True,0,False,False,False,False,Basic,0.333,0.167,5,4,4,1.0,4,1.0,30,2701.25,1,1,0,0,0,1.0,5.0,0
A-f51f16,2024-06-01,HealthTech,US,partner,159,7,13272,140,60,0.429,True,1,False,False,False,True,Enterprise,0.429,0.286,37,0,3,0.0,0,0.0,0,0.0,0,0,0,0,0,0.0,3.0,0
A-f5641b,2024-06-01,EdTech,US,other,63,2,12338,62,31,0.5,False,0,False,False,True,True,Enterprise,1.0,0.0,14,1,6,0.167,1,0.167,9,3492.0,0,0,0,0,0,0.0,3.0,1
A-f6b2fb,2024-06-01,DevTools,AU,event,39,1,1127,23,23,1.0,False,0,True,False,False,False,Pro,0.0,1.0,25,2,5,0.4,2,0.4,20,2720.0,1,0,0,0,0,0.0,5.0,0
A-f97b9a,2024-06-01,FinTech,US,event,328,4,9751,81,30,0.75,True,2,False,False,False,False,Enterprise,1.0,0.0,4,4,11,0.364,4,0.5,48,2250.75,0,0,0,0,0,0.0,4.0,0
A-fa2041,2024-06-01,HealthTech,US,organic,3,0,0,0,0,0.0,0,0,0,0,0,0,0,0.0,0.0,8,3,6,0.5,2,0.286,27,1533.333,1,0,1,0,0,16.0,3.0,0
A-fa3095,2024-06-01,FinTech,US,ads,272,5,32620,350,70,0.4,False,1,False,False,False,False,Enterprise,0.6,0.2,5,1,3,0.333,1,0.333,12,4452.0,0,0,0,0,0,0.0,5.0,0
A-faa28c,2024-06-01,HealthTech,US,organic,123,6,15089,305,65,0.5,True,3,False,True,False,False,Enterprise,0.5,0.333,20,1,7,0.143,1,0.167,9,1665.0,0,1,0,1,1,41.0,5.0,0
A-fd9422,2024-06-01,Cybersecurity,US,organic,58,2,11542,116,58,0.0,False,1,False,True,False,False,Enterprise,0.5,0.5,11,2,6,0.333,2,0.4,20,2565.0,1,0,3,1,1,51.333,3.0,0
A-fdfc91,2024-06-01,Cybersecurity,US,ads,392,6,4495,174,29,0.667,False,1,False,False,False,False,Basic,0.0,0.5,1,5,2,2.5,5,2.5,49,3092.8,1,0,0,0,0,0.0,4.0,0
A-fe79a5,2024-06-01,HealthTech,IN,ads,101,4,1791,46,19,0.75,False,3,False,False,False,True,Basic,0.5,0.0,28,1,2,0.5,1,0.5,10,1010.0,0,0,0,0,0,0.0,5.0,0
A-ff3c73,2024-06-01,HealthTech,AU,other,492,5,2682,154,66,0.2,True,2,False,False,False,False,Basic,0.2,0.2,12,2,2,1.0,2,1.0,19,4756.5,1,0,0,0,0,0.0,3.0,0
A-ff79f2,2024-06-01,DevTools,US,ads,37,1,228,12,12,0.0,False,0,False,False,False,False,Basic,0.0,0.0,2,2,2,1.0,2,1.0,14,973.0,0,0,0,0,0,0.0,4.0,0
A-ffc04f,2024-06-01,EdTech,US,ads,0,0,0,0,0,0.0,0,0,0,0,0,0,0,0.0,0.0,2,6,9,0.667,6,0.75,51,3114.167,0,1,0,0,0,29.0,4.0,0
A-ffdfd5,2024-06-01,EdTech,US,organic,49,1,539,11,11,0.0,False,0,False,False,False,False,Pro,0.0,1.0,10,3,4,0.75,3,0.75,38,5279.667,1,0,0,0,0,0.0,0.0,0
A-00bed1,2024-07-01,Cybersecurity,US,ads,230,4,17854,166,61,0.5,False,0,False,False,False,True,Enterprise,0.5,0.25,12,1,5,0.2,1,0.167,8,2440.0,1,0,1,0,0,27.0,4.0,0
A-00cac8,2024-07-01,HealthTech,AU,organic,290,4,905,44,19,0.25,True,1,False,False,False,False,Basic,0.25,0.25,8,3,5,0.6,3,0.6,25,2005.0,1,0,0,0,0,0.0,4.0,0
A-0158bb,2024-07-01,FinTech,DE,partner,40,3,836,69,35,0.667,True,1,False,False,False,False,Basic,0.0,0.0,27,1,0,0.0,1,0.0,7,2324.0,0,0,0,0,0,0.0,3.0,0
A-016043,2024-07-01,EdTech,CA,organic,0,0,0,0,0,0.0,0,0,0,0,0,0,0,0.0,0.0,7,3,5,0.6,3,0.6,36,4391.0,1,0,1,0,0,12.0,4.0,0
A-019782,2024-07-01,DevTools,FR,event,439,8,8353,108,17,0.25,True,1,False,False,False,False,Basic,0.25,0.375,8,1,3,0.333,2,0.667,22,5674.0,1,0,0,0,0,0.0,0.0,0
A-029f69,2024-07-01,Cybersecurity,CA,event,116,2,6050,50,26,0.0,True,0,False,False,False,False,Enterprise,0.5,0.5,2,1,6,0.167,1,0.167,5,1165.0,0,0,1,0,1,35.0,3.0,0
A-02cd81,2024-07-01,HealthTech,IN,other,95,9,25652,396,44,0.333,True,2,False,False,False,False,Pro,0.222,0.444,8,1,7,0.143,1,0.143,10,2640.0,0,0,0,0,0,0.0,5.0,0
A-02fac6,2024-07-01,FinTech,US,event,452,6,15080,170,59,0.667,True,0,False,False,False,False,Pro,0.333,0.667,9,1,3,0.333,1,0.333,12,4140.0,1,0,1,0,0,16.0,3.0,0
A-034368,2024-07-01,EdTech,US,event,239,2,494,45,26,1.0,False,1,False,False,False,False,Basic,0.0,0.0,71,0,3,0.0,0,0.0,0,0.0,0,0,1,0,0,24.0,3.0,0
A-038089,2024-07-01,DevTools,FR,other,195,1,245,5,5,0.0,False,0,False,False,False,False,Pro,0.0,1.0,46,0,3,0.0,0,0.0,0,0.0,0,0,2,0,0,27.5,3.0,0
A-054577,2024-07-01,EdTech,UK,ads,64,5,5105,125,35,0.6,False,0,False,False,False,False,Pro,0.0,0.8,0,1,8,0.125,1,0.111,7,3990.0,0,0,0,0,0,0.0,4.0,0
A-05d3b3,2024-07-01,DevTools,AU,ads,400,8,7761,163,55,0.375,True,2,False,False,False,False,Basic,0.25,0.25,7,3,6,0.5,3,0.6,25,722.0,0,0,1,0,0,39.0,4.0,0
A-05f0e5,2024-07-01,FinTech,US,partner,424,8,37146,354,92,0.375,True,0,False,True,False,False,Basic,0.375,0.25,1,3,3,1.0,2,0.5,34,5015.667,1,1,0,0,0,13.0,4.0,0
A-068fc6,2024-07-01,EdTech,US,event,350,4,9345,140,35,0.5,False,1,False,False,False,False,Pro,0.25,0.5,21,2,5,0.4,2,0.333,28,1218.0,1,0,1,0,1,34.0,4.0,0
A-075038,2024-07-01,HealthTech,UK,ads,416,9,10512,298,103,0.444,True,2,False,False,False,False,Pro,0.0,0.667,5,3,2,1.5,3,1.5,25,427.0,1,0,0,0,0,0.0,3.0,0
A-089363,2024-07-01,FinTech,AU,event,422,8,3900,129,40,0.625,True,4,False,True,False,False,Basic,0.25,0.375,0,5,3,1.667,5,1.667,51,2651.8,1,0,0,0,0,0.0,3.0,0
A-08e34e,2024-07-01,EdTech,US,event,4,1,686,14,14,0.0,False,0,False,False,False,False,Pro,0.0,1.0,22,2,1,2.0,2,2.0,20,4517.0,1,0,0,0,0,0.0,3.0,1
A-09540c,2024-07-01,Cybersecurity,CA,event,245,2,14606,134,67,0.5,True,0,False,False,True,True,Basic,0.5,0.0,72,0,2,0.0,0,0.0,0,0.0,0,0,0,0,0,0.0,4.0,0
A-098560,2024-07-01,DevTools,UK,ads,254,5,3718,105,35,0.8,True,1,False,False,False,False,Pro,0.0,0.8,40,0,5,0.0,0,0.0,0,0.0,0,0,0,0,0,0.0,3.0,0
A-0aaf6e,2024-07-01,FinTech,US,organic,51,1,1813,37,37,1.0,True,0,False,False,False,False,Pro,0.0,1.0,19,3,2,1.5,3,1.5,23,4135.0,1,1,0,0,0,54.0,3.0,0
A-0baac2,2024-07-01,FinTech,DE,organic,32,1,5771,29,29,0.0,False,0,False,False,False,False,Enterprise,1.0,0.0,15,2,3,0.667,2,0.667,20,2920.0,0,2,0,0,0,51.5,3.0,1
A-0cc442,2024-07-01,EdTech,US,organic,0,0,0,0,0,0.0,0,0,0,0,0,0,0,0.0,0.0,4,4,7,0.571,4,0.667,34,2968.5,1,0,1,0,1,58.0,3.0,1
A-0dbdc6,2024-07-01,Cybersecurity,DE,other,505,5,12560,170,50,0.6,False,1,False,False,False,False,Basic,0.2,0.4,9,2,1,2.0,2,2.0,15,2684.5,1,0,0,0,0,0.0,4.0,0
A-0e966d,2024-07-01,FinTech,IN,ads,6,1,4577,23,23,0.0,False,0,False,False,False,False,Enterprise,1.0,0.0,3,2,6,0.333,2,0.286,22,2807.5,0,0,0,0,0,0.0,4.0,0
A-0f3e88,2024-07-01,HealthTech,US,other,344,7,4749,111,24,0.714,True,0,False,False,False,False,Basic,0.143,0.143,13,3,4,0.75,3,0.75,31,2243.667,1,0,0,0,0,0.0,5.0,0
A-10b8da,2024-07-01,DevTools,US,partner,420,4,4335,68,23,0.25,True,1,False,False,False,False,Enterprise,0.5,0.25,16,2,1,2.0,2,2.0,8,1814.0,1,0,0,0,0,0.0,4.0,0
A-10b8f2,2024-07-01,HealthTech,DE,organic,537,10,28367,537,103,0.2,True,2,False,False,False,False,Basic,0.2,0.2,19,1,1,1.0,1,1.0,15,6525.0,0,0,0,0,0,0.0,3.0,0
A-13466a,2024-07-01,DevTools,AU,event,253,4,12376,129,65,0.5,True,1,False,False,False,False,Basic,0.5,0.0,4,2,1,2.0,2,2.0,22,4215.0,1,0,0,0,0,0.0,5.0,0
A-151c9a,2024-07-01,FinTech,US,ads,521,5,14250,150,52,0.6,True,0,False,False,False,False,Pro,0.4,0.6,37,0,3,0.0,0,0.0,0,0.0,0,1,1,0,0,31.0,3.0,0
A-157070,2024-07-01,FinTech,US,ads,235,6,12190,130,35,0.5,False,0,False,False,False,False,Basic,0.333,0.167,24,3,5,0.6,3,0.429,28,2203.0,0,0,0,0,0,0.0,4.0,0
A-158f4e,2024-07-01,FinTech,IN,other,486,9,27572,549,61,0.444,True,1,False,False,False,False,Pro,0.111,0.556,18,3,3,1.0,2,0.667,27,3052.667,0,0,1,0,0,24.0,5.0,0
A-1619f8,2024-07-01,DevTools,US,organic,42,2,10945,84,55,0.5,True,1,False,False,False,False,Enterprise,0.5,0.5,32,0,2,0.0,0,0.0,0,0.0,0,0,0,0,0,0.0,5.0,1
A-180abf,2024-07-01,DevTools,US,event,322,4,28608,256,64,0.25,True,1,False,False,False,True,Enterprise,0.5,0.25,3,3,3,1.0,3,1.0,37,5171.0,1,0,0,0,0,0.0,3.0,0
A-186a44,2024-07-01,HealthTech,US,ads,329,4,1740,80,20,0.25,True,1,False,False,False,False,Basic,0.0,0.5,8,3,5,0.6,2,0.4,28,3285.333,1,2,0,0,0,35.0,3.0,0
A-1986ca,2024-07-01,HealthTech,IN,ads,518,4,14129,91,31,0.75,True,1,False,False,False,True,Enterprise,1.0,0.0,17,1,3,0.333,1,0.25,9,4887.0,0,0,1,0,0,50.0,3.0,0
A-19b2c8,2024-07-01,DevTools,IN,other,391,9,16695,195,33,0.556,True,0,False,False,False,False,Basic,0.333,0.333,2,2,3,0.667,2,0.667,20,4680.5,0,0,0,0,0,0.0,5.0,0
A-1b707d,2024-07-01,Cybersecurity,US,organic,353,5,8097,63,19,0.4,True,0,False,False,False,False,Enterprise,0.4,0.4,1,1,0,0.0,1,0.0,12,6516.0,0,0,1,0,0,51.0,4.0,0
A-1b9609,2024-07-01,EdTech,IN,ads,263,7,10321,139,49,0.571,True,0,False,False,False,False,Basic,0.286,0.286,10,5,1,5.0,4,4.0,48,2519.4,1,0,1,0,1,62.0,3.0,0
A-1d5444,2024-07-01,Cybersecurity,US,partner,165,7,19535,185,41,0.571,True,0,False,False,False,True,Basic,0.429,0.0,20,4,8,0.5,4,0.4,60,4327.8,0,1,0,0,0,55.0,4.0,0
A-1e1b80,2024-07-01,FinTech,CA,other,293,7,35297,353,53,0.571,True,0,False,False,False,False,Basic,0.429,0.143,6,6,5,1.2,6,1.2,50,2776.333,1,0,1,0,1,43.0,3.0,0
A-1e50e0,2024-07-01,Cybersecurity,DE,other,496,4,9514,155,98,0.75,True,1,False,False,False,False,Enterprise,0.5,0.5,11,2,0,0.0,2,0.0,22,1844.0,1,0,0,0,0,0.0,0.0,0
A-1e6fc3,2024-07-01,EdTech,FR,other,208,2,245,6,5,0.5,False,1,False,False,False,False,Basic,0.0,0.5,1,2,1,2.0,2,2.0,9,2266.5,1,0,0,0,0,0.0,3.0,0
A-1f0636,2024-07-01,EdTech,AU,partner,182,7,67830,735,105,0.286,True,3,False,True,False,True,Enterprise,0.429,0.429,12,2,5,0.4,2,0.333,27,461.0,0,0,1,0,0,60.0,4.0,0
A-1f0ac7,2024-07-01,HealthTech,UK,other,309,4,7491,129,47,0.5,True,0,False,False,False,False,Basic,0.25,0.25,9,3,2,1.5,3,1.5,26,1582.0,1,0,1,0,0,14.0,4.0,0
A-1f559b,2024-07-01,HealthTech,US,organic,301,7,10551,189,59,0.571,True,0,False,False,False,False,Basic,0.143,0.429,59,0,3,0.0,0,0.0,0,0.0,0,0,0,0,0,0.0,4.0,0
A-1f7acb,2024-07-01,FinTech,UK,ads,330,4,15168,256,64,0.5,True,1,True,False,False,False,Basic,0.25,0.0,6,5,4,1.25,6,1.2,65,2081.167,1,1,1,0,0,39.0,5.0,0
A-202b67,2024-07-01,HealthTech,US,organic,101,4,9042,108,61,0.75,True,0,False,True,False,False,Pro,0.25,0.75,3,5,1,5.0,5,5.0,51,2324.0,1,1,0,0,0,69.0,4.0,0
A-20736a,2024-07-01,EdTech,IN,organic,107,1,2450,50,50,0.0,False,0,False,False,False,False,Pro,0.0,1.0,3,2,8,0.25,2,0.333,21,3872.5,1,1,0,0,0,47.0,5.0,0
A-22d9d2,2024-07-01,DevTools,FR,event,101,7,5640,130,58,0.571,True,1,False,False,False,False,Pro,0.0,0.714,17,4,10,0.4,4,0.4,40,5368.0,0,0,1,0,0,31.0,4.0,0
A-2446e3,2024-07-01,EdTech,IN,organic,173,2,6696,54,27,1.0,True,0,False,False,False,False,Enterprise,0.5,0.5,10,1,5,0.2,1,0.25,13,2119.0,0,0,1,0,0,72.0,5.0,1
A-249769,2024-07-01,Cybersecurity,US,event,67,2,824,26,15,1.0,False,0,False,False,False,False,Basic,0.0,0.5,16,1,9,0.111,1,0.111,19,9861.0,0,0,0,0,0,0.0,0.0,0
A-271f46,2024-07-01,DevTools,US,event,508,6,9728,228,38,0.5,False,2,False,False,False,False,Basic,0.333,0.167,9,4,3,1.333,4,1.333,33,3498.0,1,0,0,0,0,0.0,4.0,0
A-296d7c,2024-07-01,DevTools,DE,other,236,3,513,27,19,0.333,True,0,False,False,False,False,Basic,0.0,0.0,8,2,3,0.667,2,0.667,32,4494.0,0,0,1,0,1,14.0,3.0,0
A-297a2d,2024-07-01,HealthTech,UK,event,423,3,8487,90,36,0.333,True,1,False,False,False,False,Basic,0.333,0.333,20,1,1,1.0,1,1.0,12,2532.0,0,0,1,0,0,55.0,3.0,0
A-2b9d3e,2024-07-01,EdTech,US,partner,393,5,2105,46,18,0.2,True,1,False,False,False,False,Basic,0.4,0.2,1,2,3,0.667,2,0.667,15,1564.0,0,1,0,0,1,43.0,5.0,0
A-2bc93d,2024-07-01,HealthTech,US,event,475,8,27076,274,95,0.5,False,0,False,False,False,False,Enterprise,0.5,0.25,29,1,7,0.143,1,0.167,10,1310.0,0,0,0,0,0,0.0,4.0,0
A-2d1036,2024-07-01,FinTech,US,ads,17,0,0,0,0,0.0,0,0,0,0,0,0,0,0.0,0.0,13,5,8,0.625,5,0.556,54,3104.0,1,1,0,0,0,50.0,5.0,0
A-2d4502,2024-07-01,FinTech,IN,event,63,1,392,8,8,0.0,False,0,False,False,False,False,Pro,0.0,1.0,16,2,1,2.0,2,2.0,13,1822.5,1,0,1,0,1,2.0,5.0,0
A-2e3bad,2024-07-01,FinTech,CA,other,323,6,31415,366,61,0.5,True,1,False,False,False,False,Enterprise,0.5,0.333,1,1,2,0.5,1,0.5,8,1616.0,1,0,0,0,0,0.0,3.0,0
A-2ebb4b,2024-07-01,HealthTech,US,ads,413,8,26670,352,65,0.625,False,2,False,False,False,True,Basic,0.25,0.25,0,2,5,0.4,2,0.5,19,1092.0,1,0,1,0,0,36.0,3.0,0
A-2edab2,2024-07-01,HealthTech,US,event,227,6,6528,102,17,0.5,True,0,False,False,False,False,Pro,0.167,0.5,11,1,8,0.125,1,0.125,13,6201.0,0,0,0,0,0,0.0,3.0,0
A-30b4ca,2024-07-01,EdTech,IN,organic,42,5,72670,430,86,0.6,True,0,False,False,False,False,Enterprise,0.8,0.2,34,0,5,0.0,0,0.0,0,0.0,0,0,1,0,0,52.0,4.0,0
A-313be3,2024-07-01,EdTech,US,partner,229,3,11656,141,47,0.0,True,1,False,False,False,False,Enterprise,0.667,0.333,0,1,5,0.2,1,0.2,9,1305.0,1,0,0,0,0,0.0,4.0,0
A-31ab9a,2024-07-01,FinTech,DE,organic,120,3,4459,91,73,0.667,False,0,False,False,False,False,Basic,0.333,0.333,6,2,3,0.667,2,0.667,18,2617.5,1,1,0,0,0,59.0,3.0,0
A-32728c,2024-07-01,DevTools,US,event,545,7,3700,140,20,0.429,False,2,False,False,False,True,Pro,0.286,0.429,0,4,5,0.8,4,0.8,49,4701.5,0,0,0,0,0,0.0,4.0,1
A-328bd0,2024-07-01,HealthTech,AU,partner,412,10,11173,245,39,0.6,True,1,False,False,False,True,Basic,0.1,0.4,5,4,1,4.0,4,2.0,30,1553.0,1,0,0,0,0,0.0,3.0,0
A-32fb14,2024-07-01,DevTools,US,event,482,6,2926,180,47,0.333,True,1,False,False,False,False,Basic,0.0,0.0,37,0,3,0.0,0,0.0,0,0.0,0,1,1,0,1,39.5,5.0,0
A-331424,2024-07-01,DevTools,US,organic,238,4,4587,44,11,0.25,True,1,False,False,False,False,Enterprise,0.5,0.25,60,0,1,0.0,0,0.0,0,0.0,0,0,0,0,0,0.0,4.0,0
A-337bc1,2024-07-01,Cybersecurity,US,organic,348,3,14405,95,34,0.667,False,0,False,False,False,False,Enterprise,0.667,0.333,16,3,3,1.0,2,0.667,27,3831.333,1,0,1,1,0,53.0,5.0,0
A-342303,2024-07-01,EdTech,US,other,107,1,323,17,17,1.0,False,0,False,False,False,False,Basic,0.0,0.0,46,0,1,0.0,0,0.0,0,0.0,0,0,0,0,0,0.0,4.0,0
A-34d880,2024-07-01,Cybersecurity,AU,ads,81,4,10743,73,53,0.75,True,2,False,False,False,False,Enterprise,0.5,0.5,10,2,3,0.667,2,0.667,24,4349.5,1,0,0,0,0,0.0,3.0,0
A-35083d,2024-07-01,HealthTech,IN,partner,430,9,14326,192,34,0.444,True,2,False,False,False,True,Enterprise,0.444,0.222,26,1,5,0.2,1,0.2,10,580.0,0,1,0,0,0,54.0,5.0,0
A-354f12,2024-07-01,FinTech,US,ads,64,1,6766,34,34,0.0,False,0,False,False,True,False,Enterprise,1.0,0.0,5,1,0,0.0,1,0.0,4,1140.0,0,0,0,0,0,0.0,4.0,0
A-3793ee,2024-07-01,Cybersecurity,CA,organic,468,5,7203,245,49,0.6,False,2,False,False,False,False,Pro,0.4,0.6,6,5,2,2.5,5,2.5,35,2450.6,1,2,0,0,0,57.0,4.0,0
A-37f969,2024-07-01,HealthTech,IN,partner,261,6,16419,201,51,0.667,True,0,False,False,False,False,Basic,0.333,0.333,17,1,3,0.333,1,0.333,2,1164.0,0,0,1,0,1,5.0,4.0,0
A-3932db,2024-07-01,HealthTech,CA,other,271,3,1577,83,41,1.0,False,0,False,False,False,False,Basic,0.0,0.0,17,2,3,0.667,2,0.5,23,2952.0,1,0,0,0,0,0.0,5.0,0
A-39868b,2024-07-01,FinTech,AU,partner,106,3,3753,27,9,0.0,True,0,False,False,False,False,Enterprise,0.667,0.0,26,2,3,0.667,2,0.667,30,7950.0,0,0,0,0,0,0.0,5.0,0
A-39b19f,2024-07-01,FinTech,US,partner,514,8,20990,260,55,0.75,True,0,False,False,False,True,Pro,0.25,0.75,16,5,1,5.0,4,4.0,53,2739.4,0,1,0,0,0,28.0,3.0,0
A-3a5ad8,2024-07-01,HealthTech,US,organic,209,8,11216,182,95,0.625,False,2,False,False,False,False,Basic,0.375,0.25,0,2,1,2.0,2,1.0,19,2489.0,1,0,0,0,0,0.0,4.0,0
A-3b37d9,2024-07-01,FinTech,US,event,521,6,14858,143,28,0.333,True,2,False,False,False,False,Enterprise,0.667,0.333,53,0,3,0.0,0,0.0,0,0.0,0,0,0,0,0,0.0,4.0,0
A-3b5cd1,2024-07-01,FinTech,US,event,293,10,10542,206,55,0.7,True,2,False,True,False,False,Pro,0.3,0.5,37,0,6,0.0,0,0.0,0,0.0,0,0,0,0,0,0.0,4.0,1
A-3be56b,2024-07-01,HealthTech,IN,event,249,8,9301,170,62,0.5,True,3,False,False,True,True,Enterprise,0.375,0.375,21,3,7,0.429,2,0.286,33,2132.667,1,0,0,0,0,0.0,4.0,0
A-3c1a3f,2024-07-01,DevTools,UK,event,310,8,9962,139,45,0.5,True,3,False,False,True,False,Basic,0.375,0.25,10,2,2,1.0,2,1.0,26,7459.0,1,0,0,0,0,0.0,3.0,0
A-3cc791,2024-07-01,EdTech,US,other,173,6,6464,93,25,0.667,True,2,False,False,False,False,Basic,0.333,0.167,0,4,3,1.333,3,1.0,30,3224.0,1,1,0,1,0,17.0,4.0,0
A-3ce5b8,2024-07-01,FinTech,IN,ads,298,6,16498,292,189,0.333,False,0,False,False,False,False,Pro,0.333,0.5,0,3,3,1.0,3,1.0,27,3771.0,0,1,1,0,1,33.5,4.0,0
A-3f9cc0,2024-07-01,HealthTech,US,event,28,3,9174,66,22,0.0,True,0,True,True,False,False,Enterprise,0.667,0.0,32,0,4,0.0,0,0.0,0,0.0,0,0,1,1,1,12.0,5.0,1
A-40906c,2024-07-01,EdTech,US,ads,96,5,24564,460,92,0.4,True,2,False,False,False,False,Basic,0.4,0.2,24,2,9,0.222,2,0.2,22,2857.5,1,0,1,0,0,6.0,3.0,0
A-40a557,2024-07-01,Cybersecurity,AU,partner,211,5,18572,128,55,0.6,False,0,False,False,False,False,Enterprise,0.6,0.2,12,2,4,0.5,2,0.5,29,5729.0,1,1,0,0,1,1.0,3.0,0
A-40de06,2024-07-01,Cybersecurity,US,event,420,10,19714,314,62,0.4,True,1,False,False,False,False,Pro,0.3,0.5,7,2,5,0.4,2,0.4,21,5174.0,1,0,0,0,0,0.0,4.0,0
A-417d2f,2024-07-01,Cybersecurity,IN,partner,363,8,18016,154,51,0.375,True,0,False,False,False,False,Basic,0.375,0.25,2,5,5,1.0,6,1.0,63,2947.5,1,0,0,0,0,0.0,5.0,0
A-425e76,2024-07-01,DevTools,UK,other,411,8,13294,196,71,0.75,True,0,False,False,False,False,Basic,0.25,0.25,21,2,5,0.4,2,0.4,27,6714.0,1,0,1,0,0,23.0,3.0,0
A-42b791,2024-07-01,FinTech,AU,event,42,1,1421,29,29,1.0,False,0,False,False,False,False,Pro,0.0,1.0,10,3,1,3.0,3,3.0,33,1299.333,0,0,0,0,0,0.0,3.0,0
A-42e5e1,2024-07-01,DevTools,US,ads,0,0,0,0,0,0.0,0,0,0,0,0,0,0,0.0,0.0,1,3,4,0.75,3,1.0,37,2062.0,1,0,1,0,0,18.0,4.0,0
A-432483,2024-07-01,Cybersecurity,US,ads,511,7,23657,147,60,0.571,True,1,False,False,False,False,Enterprise,0.429,0.429,1,2,4,0.5,2,0.5,23,4144.0,0,0,0,0,0,0.0,0.0,0
A-439b2f,2024-07-01,DevTools,US,ads,131,4,446,36,22,0.25,True,1,False,False,False,False,Basic,0.25,0.25,0,3,1,3.0,3,3.0,19,2282.0,0,0,0,0,0,0.0,4.0,0
A-43a9e3,2024-07-01,FinTech,IN,other,319,7,9122,158,28,0.143,True,0,False,False,False,False,Basic,0.143,0.286,18,1,2,0.5,1,0.5,2,456.0,0,1,0,0,0,35.0,3.0,0
A-4437e4,2024-07-01,Cybersecurity,US,event,289,7,5241,111,49,0.857,True,2,False,False,False,True,Basic,0.286,0.286,2,7,4,1.75,7,1.167,70,4916.0,1,0,0,0,0,0.0,3.0,0
A-44dc83,2024-07-01,EdTech,FR,other,50,1,456,24,24,0.0,False,0,False,False,False,False,Basic,0.0,0.0,9,2,2,1.0,2,1.0,21,3332.5,0,0,0,0,0,0.0,5.0,0
A-45ce7a,2024-07-01,FinTech,US,ads,344,5,4728,88,22,0.8,True,1,False,False,False,False,Basic,0.2,0.4,7,4,3,1.333,4,0.8,45,1646.5,1,0,1,0,0,25.0,4.0,0
A-462d45,2024-07-01,Cybersecurity,US,partner,168,8,16187,281,89,0.5,True,1,False,False,True,False,Pro,0.125,0.625,3,1,6,0.167,1,0.167,8,4264.0,0,0,0,0,0,0.0,4.0,0
A-474ad4,2024-07-01,EdTech,US,organic,216,8,4532,136,53,0.375,True,1,False,False,False,False,Basic,0.0,0.5,15,1,6,0.167,1,0.2,8,1360.0,0,0,1,0,0,18.0,5.0,0
A-484819,2024-07-01,HealthTech,US,organic,496,6,16604,116,26,0.167,True,0,False,False,False,True,Enterprise,0.667,0.0,1,1,0,0.0,1,0.0,12,1320.0,1,0,1,0,0,6.0,4.0,0
A-49b828,2024-07-01,FinTech,IN,ads,423,9,24511,205,49,0.556,False,1,False,False,False,False,Enterprise,0.444,0.333,0,5,7,0.714,4,0.571,58,2584.2,1,0,0,0,0,0.0,4.0,0
A-4a267b,2024-07-01,FinTech,US,other,57,2,6246,54,29,0.5,False,0,False,False,False,False,Basic,0.5,0.0,37,0,3,0.0,0,0.0,0,0.0,0,0,1,0,1,52.0,5.0,0
A-4a4c2d,2024-07-01,DevTools,US,event,426,9,28242,486,54,0.444,True,2,False,False,False,False,Basic,0.222,0.222,22,2,2,1.0,2,1.0,18,3456.0,0,0,1,0,0,54.0,4.0,0
A-4ae22a,2024-07-01,EdTech,US,other,53,1,5572,28,28,0.0,True,0,False,False,False,False,Enterprise,1.0,0.0,50,0,2,0.0,0,0.0,0,0.0,0,0,0,0,0,0.0,3.0,1
A-4c38bc,2024-07-01,HealthTech,UK,event,114,8,14508,288,36,0.75,True,1,False,False,False,False,Basic,0.125,0.375,16,4,6,0.667,3,0.6,46,3264.75,0,0,0,0,0,0.0,3.0,0
A-4c56c9,2024-07-01,FinTech,US,partner,194,2,2758,22,13,0.5,True,0,False,False,False,False,Basic,0.5,0.0,13,2,4,0.5,2,0.5,21,4108.5,0,0,0,0,0,0.0,3.0,0
A-4c6f11,2024-07-01,FinTech,CA,organic,217,3,6465,75,27,0.333,True,0,False,False,True,False,Basic,0.333,0.333,24,1,2,0.5,1,0.5,15,2550.0,0,0,0,0,0,0.0,5.0,0
A-4e0e85,2024-07-01,DevTools,US,organic,297,4,4250,70,38,0.75,False,1,False,False,False,False,Enterprise,0.5,0.5,1,2,1,2.0,2,2.0,23,3290.0,1,0,1,0,0,50.0,4.0,0
A-4e631b,2024-07-01,FinTech,US,other,107,2,12338,62,40,0.5,True,0,False,False,False,True,Enterprise,1.0,0.0,4,7,7,1.0,7,1.0,68,3035.143,1,0,0,0,0,0.0,4.0,0
A-4e960a,2024-07-01,FinTech,US,other,166,7,19922,187,71,0.286,True,2,False,False,False,False,Basic,0.429,0.0,1,4,3,1.333,4,1.333,36,2470.75,1,0,0,0,0,0.0,3.0,0
A-4ef964,2024-07-01,HealthTech,US,organic,116,3,5049,51,17,0.0,True,0,False,False,False,False,Pro,0.333,0.667,35,0,6,0.0,0,0.0,0,0.0,0,0,0,0,0,0.0,3.0,0
A-4f18f0,2024-07-01,DevTools,CA,other,71,4,6408,97,25,1.0,True,1,True,False,False,False,Enterprise,0.5,0.25,17,1,6,0.167,1,0.167,9,3249.0,0,1,0,0,1,71.0,5.0,0
A-503d5a,2024-07-01,FinTech,US,other,254,9,5754,177,50,0.778,True,3,False,False,False,False,Basic,0.333,0.222,4,3,4,0.75,3,0.75,34,6042.333,1,0,1,0,0,64.0,3.0,0
A-508199,2024-07-01,FinTech,AU,event,155,4,8436,84,27,0.25,True,0,False,False,False,False,Basic,0.5,0.0,21,1,1,1.0,1,1.0,8,4408.0,0,0,0,0,0,0.0,3.0,0
A-50bb9f,2024-07-01,Cybersecurity,US,organic,0,0,0,0,0,0.0,0,0,0,0,0,0,0,0.0,0.0,15,2,2,1.0,2,1.0,19,3118.0,0,0,0,0,0,0.0,3.0,0
A-50f3f7,2024-07-01,HealthTech,US,partner,192,8,15070,282,51,0.25,True,2,True,False,True,False,Pro,0.125,0.625,5,1,5,0.2,1,0.2,7,1869.0,0,0,0,0,0,0.0,5.0,0
A-51ec1b,2024-07-01,DevTools,US,ads,236,2,1602,18,11,0.5,False,0,False,False,False,False,Basic,0.5,0.0,23,1,3,0.333,1,0.5,5,1535.0,1,0,0,0,0,0.0,5.0,0
A-5247b3,2024-07-01,FinTech,UK,partner,111,6,7299,113,33,0.5,True,2,False,True,False,False,Basic,0.333,0.167,0,3,2,1.5,3,1.5,36,4784.333,1,0,0,0,0,0.0,3.0,0
A-526d93,2024-07-01,HealthTech,FR,organic,78,3,19163,137,49,1.0,True,0,False,False,False,True,Enterprise,0.667,0.0,16,3,4,0.75,3,0.75,34,3247.333,0,0,1,0,0,63.0,4.0,1
A-52dd88,2024-07-01,Cybersecurity,US,ads,496,7,4839,164,26,0.429,True,1,False,False,False,False,Basic,0.0,0.429,5,2,4,0.5,4,1.0,45,5042.0,1,0,0,0,0,0.0,4.0,0
A-53f4e3,2024-07-01,Cybersecurity,UK,event,17,1,931,19,19,1.0,True,0,False,False,False,False,Pro,0.0,1.0,36,0,4,0.0,0,0.0,0,0.0,0,0,1,0,0,50.0,3.0,0
A-544d0a,2024-07-01,DevTools,US,organic,60,3,2610,60,43,0.667,True,0,False,False,False,False,Pro,0.0,0.667,6,1,2,0.5,1,0.5,11,5808.0,0,0,1,1,1,50.0,3.0,0
A-54d94a,2024-07-01,Cybersecurity,IN,event,427,5,6239,213,55,0.6,True,1,False,False,False,False,Pro,0.2,0.6,6,3,4,0.75,2,0.5,33,4138.0,0,0,1,0,0,71.0,4.0,0
A-54ecc2,2024-07-01,Cybersecurity,US,partner,386,5,8431,83,34,0.6,True,1,False,False,False,False,Enterprise,0.6,0.2,2,3,1,3.0,3,3.0,26,1824.0,1,0,0,0,0,0.0,5.0,0
A-558c72,2024-07-01,FinTech,US,organic,396,6,8436,144,77,0.833,True,0,False,False,False,False,Basic,0.333,0.333,59,0,1,0.0,0,0.0,0,0.0,0,0,1,0,1,71.0,4.0,0
A-55f257,2024-07-01,FinTech,US,organic,193,8,7958,153,38,0.375,True,2,False,True,False,False,Pro,0.25,0.625,10,2,1,2.0,2,1.0,15,3627.5,1,1,0,0,1,53.0,5.0,0
A-560d27,2024-07-01,DevTools,US,organic,57,2,15256,94,71,0.5,True,0,False,False,False,False,Enterprise,0.5,0.5,13,3,6,0.5,3,0.429,25,3286.667,0,0,0,0,0,0.0,3.0,0
A-56962b,2024-07-01,EdTech,UK,partner,83,1,0,163,163,1.0,True,1,False,False,False,False,Pro,0.0,1.0,18,2,1,2.0,2,2.0,10,311.0,1,0,0,0,0,0.0,3.0,1
A-58b9ff,2024-07-01,DevTools,IN,partner,31,2,294,31,25,0.5,True,1,False,False,False,False,Pro,0.0,1.0,6,4,4,1.0,4,1.0,35,3776.0,1,0,0,0,0,0.0,4.0,0
A-59f724,2024-07-01,HealthTech,US,other,241,8,8492,208,77,0.625,True,2,False,False,False,False,Pro,0.125,0.625,8,3,6,0.5,3,0.429,30,2024.667,1,1,0,0,1,19.0,4.0,0
A-5a184f,2024-07-01,DevTools,DE,other,378,8,19980,229,74,0.5,False,1,False,False,False,False,Basic,0.375,0.25,1,4,4,1.0,4,1.0,41,4438.5,1,0,1,0,0,37.0,4.0,0
A-5a215a,2024-07-01,EdTech,FR,other,178,8,57855,696,87,0.5,True,3,False,False,False,False,Enterprise,0.5,0.375,2,7,6,1.167,6,1.0,62,2065.714,1,1,0,0,0,18.0,3.0,0
A-5a3eb9,2024-07-01,DevTools,CA,other,316,8,13565,275,69,0.125,True,0,False,False,False,False,Pro,0.125,0.5,1,5,4,1.25,5,1.25,56,3090.6,1,0,1,0,0,5.0,4.0,0
A-5a92e7,2024-07-01,HealthTech,US,ads,20,3,1592,43,29,0.333,True,1,False,False,False,False,Pro,0.0,0.667,1,5,5,1.0,5,1.0,53,3758.0,1,0,0,0,0,0.0,5.0,0
A-5b1bcd,2024-07-01,DevTools,US,organic,289,10,93513,730,73,0.4,False,1,False,False,False,False,Enterprise,0.6,0.2,1,5,4,1.25,5,1.25,54,2447.2,0,0,1,0,1,67.0,4.0,0
A-5c046d,2024-07-01,EdTech,FR,partner,0,0,0,0,0,0.0,0,0,0,0,0,0,0,0.0,0.0,9,5,5,1.0,4,0.8,56,2756.6,1,0,0,0,0,0.0,3.0,0
A-5ed98d,2024-07-01,DevTools,US,partner,9,1,4776,24,24,0.0,False,0,False,False,False,False,Enterprise,1.0,0.0,22,2,1,2.0,2,2.0,15,2209.5,0,0,0,0,0,0.0,5.0,0
A-600734,2024-07-01,DevTools,US,organic,230,8,13598,242,39,0.5,True,0,False,True,False,False,Pro,0.125,0.5,0,4,5,0.8,4,0.8,36,1162.0,0,0,0,0,0,0.0,4.0,0
A-659280,2024-07-01,FinTech,IN,event,227,8,20880,180,47,0.5,True,0,False,False,False,False,Enterprise,0.5,0.25,18,1,8,0.125,1,0.125,5,1580.0,0,1,0,0,0,6.0,4.0,1
A-65a46c,2024-07-01,HealthTech,US,event,240,5,20323,187,78,0.8,False,0,False,False,False,True,Basic,0.4,0.2,1,2,4,0.5,2,0.667,23,3379.0,1,1,1,0,1,27.0,3.0,0
A-65aeb5,2024-07-01,DevTools,US,partner,158,4,13149,90,63,1.0,True,1,False,False,True,False,Enterprise,0.5,0.25,5,3,6,0.5,3,0.429,37,5106.0,1,0,0,0,0,0.0,5.0,0
A-65c341,2024-07-01,FinTech,US,ads,188,3,23718,132,84,0.333,False,0,False,False,False,False,Enterprise,0.667,0.333,9,2,5,0.4,2,0.4,11,1783.5,0,0,1,0,0,2.0,4.0,0
A-67be94,2024-07-01,EdTech,US,organic,454,6,20656,244,62,0.667,True,0,False,False,False,False,Basic,0.333,0.0,10,1,3,0.333,1,0.333,7,231.0,0,0,1,0,0,14.0,5.0,0
A-684255,2024-07-01,FinTech,US,ads,78,6,3327,107,32,0.333,True,1,False,True,False,True,Pro,0.167,0.5,28,1,6,0.167,1,0.143,7,3584.0,0,0,1,0,1,10.0,4.0,1
A-68f37c,2024-07-01,HealthTech,US,ads,352,10,30739,364,121,0.7,True,2,False,False,False,False,Basic,0.3,0.2,2,4,5,0.8,4,0.8,47,3354.5,1,0,1,0,0,18.0,4.0,0
A-692f18,2024-07-01,EdTech,US,other,95,6,9691,114,50,0.333,True,1,False,True,False,False,Pro,0.167,0.833,23,1,6,0.167,1,0.167,8,864.0,1,0,0,0,0,0.0,0.0,0
A-69b156,2024-07-01,EdTech,US,other,223,4,9895,55,28,0.5,True,0,False,False,False,False,Enterprise,0.75,0.25,14,2,6,0.333,2,0.333,19,1750.0,0,1,0,0,0,48.0,4.0,0
A-69fad4,2024-07-01,FinTech,UK,ads,452,7,8721,112,35,0.571,True,1,False,False,False,False,Basic,0.429,0.143,18,1,0,0.0,1,0.0,7,1631.0,0,0,0,0,0,0.0,4.0,0
A-6a4e2d,2024-07-01,EdTech,UK,partner,451,9,9214,222,56,0.444,True,1,False,False,True,False,Basic,0.222,0.222,0,3,7,0.429,4,0.571,48,2552.75,1,0,1,0,0,22.0,4.0,1
A-6c093d,2024-07-01,DevTools,US,partner,444,7,3076,126,62,0.429,True,1,False,False,False,True,Basic,0.143,0.286,52,0,4,0.0,0,0.0,0,0.0,0,0,1,0,0,36.0,5.0,0
A-6da850,2024-07-01,FinTech,IN,organic,268,9,11314,164,37,0.667,True,2,False,False,True,False,Basic,0.333,0.222,8,4,5,0.8,4,1.0,61,4240.5,1,0,0,0,0,0.0,4.0,0
A-6dee43,2024-07-01,FinTech,UK,other,324,8,19638,186,80,0.375,True,1,False,False,False,True,Basic,0.375,0.25,10,2,3,0.667,2,0.5,13,1877.0,0,0,0,0,0,0.0,5.0,0
A-6e08f3,2024-07-01,Cybersecurity,US,event,490,5,10945,97,24,0.8,True,2,False,False,False,False,Enterprise,0.8,0.2,46,0,4,0.0,0,0.0,0,0.0,0,0,0,0,0,0.0,3.0,0
A-6e7827,2024-07-01,DevTools,US,other,463,6,2872,58,35,0.667,True,0,False,False,False,False,Pro,0.167,0.667,11,2,1,2.0,2,2.0,20,3771.5,1,0,0,0,0,0.0,0.0,0
A-6f50ae,2024-07-01,FinTech,US,partner,284,9,16106,202,50,0.444,True,2,False,False,False,False,Basic,0.333,0.222,9,4,8,0.5,3,0.429,37,3776.5,0,0,0,0,0,0.0,5.0,0
A-6f8ad2,2024-07-01,EdTech,IN,organic,0,0,0,0,0,0.0,0,0,0,0,0,0,0,0.0,0.0,6,2,4,0.5,2,0.5,24,3212.0,0,0,0,0,0,0.0,4.0,0
A-702032,2024-07-01,HealthTech,US,ads,272,1,5572,28,28,0.0,False,0,False,False,False,False,Enterprise,1.0,0.0,38,0,3,0.0,0,0.0,0,0.0,0,0,0,0,0,0.0,3.0,0
A-712533,2024-07-01,EdTech,US,organic,336,6,5686,157,45,0.333,False,2,False,False,False,False,Basic,0.333,0.167,7,2,6,0.333,2,0.333,28,703.0,1,0,1,0,0,40.0,5.0,1
A-712f1c,2024-07-01,DevTools,US,ads,198,9,33970,308,75,0.556,True,1,False,False,False,True,Enterprise,0.444,0.333,0,1,5,0.2,1,0.167,9,3969.0,1,0,0,0,0,0.0,4.0,0
A-71615e,2024-07-01,EdTech,US,organic,44,1,2985,15,15,0.0,False,0,False,False,False,False,Enterprise,1.0,0.0,9,3,2,1.5,3,1.5,25,2232.333,1,0,0,0,0,0.0,4.0,1
A-716841,2024-07-01,FinTech,US,other,56,3,5264,251,161,0.333,False,1,False,False,False,False,Basic,0.333,0.333,2,3,2,1.5,2,1.0,28,2959.667,0,0,1,0,0,4.0,4.0,0
A-726cfa,2024-07-01,DevTools,US,partner,366,12,14319,212,30,0.417,True,1,False,False,False,False,Pro,0.25,0.5,11,2,10,0.2,2,0.167,20,3222.0,1,0,0,0,0,0.0,4.0,0
A-72799b,2024-07-01,DevTools,FR,event,231,7,10346,154,34,0.571,True,1,False,False,True,False,Basic,0.429,0.143,7,4,8,0.5,4,0.5,30,2573.5,0,0,0,0,0,0.0,4.0,0
A-751bd4,2024-07-01,Cybersecurity,UK,partner,0,0,0,0,0,0.0,0,0,0,0,0,0,0,0.0,0.0,9,1,0,0.0,1,0.0,6,2724.0,0,0,0,0,0,0.0,5.0,0
A-751c58,2024-07-01,FinTech,UK,organic,0,0,0,0,0,0.0,0,0,0,0,0,0,0,0.0,0.0,8,5,4,1.25,5,1.667,54,4398.8,0,0,0,0,0,0.0,4.0,0
A-756192,2024-07-01,FinTech,IN,other,386,4,13667,102,39,0.75,True,1,False,False,False,False,Enterprise,0.5,0.5,9,3,3,1.0,2,0.667,26,3732.667,1,1,0,0,0,36.0,3.0,0
A-7641d3,2024-07-01,EdTech,US,partner,501,8,8097,150,76,0.875,True,2,False,False,False,False,Pro,0.375,0.5,16,1,4,0.25,1,0.25,8,2664.0,1,0,0,0,0,0.0,5.0,0
A-779e4e,2024-07-01,HealthTech,US,organic,546,6,24419,161,58,0.333,False,0,False,False,False,False,Enterprise,0.5,0.333,38,0,1,0.0,0,0.0,0,0.0,0,0,0,0,0,0.0,5.0,0
A-7920cc,2024-07-01,Cybersecurity,FR,ads,221,9,23382,377,54,0.444,False,2,False,False,False,False,Basic,0.222,0.222,3,2,3,0.667,2,0.667,24,502.0,1,0,0,0,0,0.0,3.0,0
A-794a0b,2024-07-01,HealthTech,DE,organic,395,6,4406,150,35,0.5,True,2,False,False,False,False,Pro,0.0,0.833,26,1,5,0.2,1,0.2,10,3450.0,0,0,0,0,0,0.0,0.0,0
A-7988d1,2024-07-01,Cybersecurity,US,other,194,3,1254,99,33,0.333,False,1,False,False,False,False,Basic,0.0,0.0,21,2,4,0.5,2,0.5,16,3560.0,0,0,0,0,0,0.0,5.0,0
A-798a3f,2024-07-01,DevTools,FR,other,256,6,6391,121,42,0.333,True,1,False,False,False,False,Basic,0.5,0.0,28,1,3,0.333,1,0.333,3,1800.0,0,0,1,0,0,10.0,5.0,1
A-7a0d69,2024-07-01,DevTools,DE,ads,16,0,0,0,0,0.0,0,0,0,0,0,0,0,0.0,0.0,1,1,7,0.143,1,0.167,8,1688.0,1,0,1,0,0,22.0,5.0,1
A-7c4956,2024-07-01,DevTools,US,ads,422,6,1702,88,51,0.667,True,2,False,False,False,False,Basic,0.167,0.167,24,2,6,0.333,2,0.333,19,4427.0,0,1,0,0,0,11.0,4.0,0
A-7c5768,2024-07-01,HealthTech,UK,event,121,2,1147,13,8,0.5,True,0,False,False,False,False,Basic,0.5,0.0,4,2,5,0.4,2,0.4,20,3710.0,1,0,1,0,1,62.0,5.0,0
A-7c83a1,2024-07-01,Cybersecurity,US,partner,56,4,10502,98,48,0.5,False,0,False,False,False,False,Enterprise,0.5,0.5,1,5,5,1.0,6,1.0,70,3463.667,1,0,2,0,0,29.5,5.0,0
A-7d514c,2024-07-01,HealthTech,DE,organic,149,5,16479,128,43,1.0,False,1,False,False,False,False,Enterprise,0.6,0.2,7,2,8,0.25,2,0.25,31,1055.0,0,0,0,0,0,0.0,5.0,0
A-7da956,2024-07-01,Cybersecurity,US,event,29,2,0,39,26,0.5,False,2,False,True,False,False,Basic,0.5,0.0,16,1,3,0.333,1,0.25,14,4270.0,0,0,1,0,0,35.0,5.0,0
A-7df7a7,2024-07-01,DevTools,US,organic,520,12,21062,242,85,0.667,True,2,False,False,True,False,Enterprise,0.5,0.333,2,4,6,0.667,4,0.571,37,2122.25,1,0,0,0,0,0.0,3.0,1
A-7e0a10,2024-07-01,FinTech,US,ads,226,8,26312,368,46,0.75,True,0,False,False,False,False,Basic,0.25,0.25,58,0,4,0.0,0,0.0,0,0.0,0,0,0,0,0,0.0,3.0,0
A-7f4db3,2024-07-01,FinTech,US,other,484,9,14047,142,45,0.444,True,1,False,False,False,False,Pro,0.333,0.556,32,0,7,0.0,0,0.0,0,0.0,0,1,1,1,0,18.5,3.0,0
A-7f6b86,2024-07-01,HealthTech,US,partner,312,5,6806,239,59,0.2,True,1,False,False,False,True,Pro,0.0,0.6,0,1,2,0.5,1,0.5,14,5068.0,0,0,0,0,0,0.0,3.0,1
A-7f8241,2024-07-01,EdTech,US,organic,475,12,30438,436,60,0.5,True,1,False,False,False,False,Basic,0.333,0.333,9,1,6,0.167,1,0.167,8,4224.0,0,0,1,0,0,36.0,3.0,0
A-80eeb6,2024-07-01,Cybersecurity,UK,organic,419,10,60877,403,89,0.8,False,0,False,False,False,False,Enterprise,0.6,0.1,17,2,6,0.333,2,0.333,21,2148.0,1,0,0,0,0,0.0,3.0,0
A-812c5b,2024-07-01,DevTools,CA,organic,127,4,6370,295,130,1.0,False,3,False,False,False,False,Pro,0.25,0.5,3,2,11,0.182,2,0.182,16,1323.5,0,0,0,0,0,0.0,4.0,0
A-8145a0,2024-07-01,Cybersecurity,AU,partner,433,9,14359,158,44,0.556,True,1,False,False,False,True,Enterprise,0.667,0.0,5,5,3,1.667,5,1.667,56,3180.2,1,0,0,0,0,0.0,3.0,0
A-81edc3,2024-07-01,Cybersecurity,IN,ads,245,7,5925,112,41,0.857,True,1,False,True,False,False,Enterprise,0.429,0.429,12,2,8,0.25,2,0.222,19,5005.5,0,0,1,0,0,60.0,5.0,0
A-82861f,2024-07-01,DevTools,UK,organic,67,3,12422,128,46,0.667,False,0,False,False,False,False,Pro,0.333,0.667,0,3,3,1.0,3,1.0,28,4432.333,0,0,0,0,0,0.0,4.0,0
A-832ec2,2024-07-01,FinTech,UK,event,225,5,4332,73,25,0.8,True,1,False,False,False,True,Basic,0.2,0.0,2,2,4,0.5,2,0.5,17,1614.0,0,0,1,1,0,4.0,4.0,0
A-84ebe4,2024-07-01,FinTech,US,ads,477,9,11875,245,82,0.333,True,2,False,False,False,False,Enterprise,0.444,0.333,4,2,3,0.667,2,0.667,15,3508.5,0,0,0,0,0,0.0,4.0,0
A-855a48,2024-07-01,EdTech,US,partner,192,7,18436,154,40,0.429,True,0,False,False,False,False,Basic,0.429,0.143,14,1,2,0.5,1,0.5,14,1064.0,0,1,0,0,1,38.0,4.0,0
A-856b1e,2024-07-01,FinTech,US,partner,244,5,6321,129,36,1.0,True,0,False,False,False,False,Pro,0.0,1.0,25,1,3,0.333,1,0.333,10,3180.0,0,0,0,0,0,0.0,4.0,0
A-86902e,2024-07-01,HealthTech,IN,other,426,8,28629,299,61,0.625,True,2,False,False,False,True,Basic,0.375,0.25,0,3,4,0.75,3,0.75,28,2795.333,0,1,1,0,1,18.5,5.0,0
A-86fc1d,2024-07-01,DevTools,UK,partner,0,0,0,0,0,0.0,0,0,0,0,0,0,0,0.0,0.0,6,2,1,2.0,2,2.0,22,3017.0,0,0,1,0,0,9.0,3.0,0
A-87aa7b,2024-07-01,HealthTech,US,organic,46,5,6027,123,27,0.6,True,0,True,False,False,False,Pro,0.0,1.0,4,7,3,2.333,7,2.333,73,2177.857,1,0,0,0,0,0.0,4.0,0
A-883b7d,2024-07-01,Cybersecurity,IN,other,95,6,11003,217,53,0.667,True,1,False,False,False,False,Pro,0.333,0.5,1,3,6,0.5,3,0.5,20,1599.0,0,0,1,1,0,15.0,3.0,0
A-8adedc,2024-07-01,EdTech,US,event,141,10,21394,243,79,0.2,True,2,False,False,False,False,Enterprise,0.5,0.1,19,2,5,0.4,2,0.4,21,2713.5,1,0,0,0,0,0.0,4.0,0
A-8ae05d,2024-07-01,FinTech,IN,other,86,2,1634,172,86,0.5,True,1,False,False,False,False,Basic,0.0,0.0,42,0,1,0.0,0,0.0,0,0.0,0,0,0,0,0,0.0,4.0,0
A-8b25f2,2024-07-01,Cybersecurity,US,ads,135,5,3062,58,20,0.8,False,1,False,False,False,False,Enterprise,0.4,0.4,1,2,4,0.5,2,0.5,18,1885.5,1,0,0,0,0,0.0,3.0,0
A-8e47ca,2024-07-01,HealthTech,US,organic,137,6,19003,127,31,0.667,True,0,False,False,False,False,Enterprise,0.667,0.167,40,0,3,0.0,0,0.0,0,0.0,0,0,0,0,0,0.0,3.0,0
A-8ed5dd,2024-07-01,EdTech,UK,event,368,8,10894,106,46,0.375,True,0,False,False,False,True,Enterprise,0.375,0.375,4,4,5,0.8,3,0.6,39,2978.75,1,1,1,0,0,45.5,3.0,0
A-9123ac,2024-07-01,Cybersecurity,DE,organic,377,5,9179,86,42,0.6,False,1,False,False,True,False,Basic,0.4,0.2,15,1,2,0.5,1,0.5,6,1758.0,0,0,0,0,0,0.0,5.0,0
A-91e948,2024-07-01,EdTech,AU,partner,519,5,5576,205,41,0.8,False,1,False,False,False,False,Basic,0.0,0.4,16,1,4,0.25,1,0.2,14,2646.0,0,0,0,0,0,0.0,0.0,0
A-9208f0,2024-07-01,EdTech,US,organic,417,7,3511,136,49,0.571,True,2,False,False,False,False,Basic,0.286,0.286,1,6,4,1.5,6,1.0,83,4051.143,1,0,0,0,0,0.0,4.0,0
A-922109,2024-07-01,Cybersecurity,US,ads,157,3,3377,113,72,0.0,False,0,False,False,False,False,Pro,0.0,0.667,7,5,8,0.625,4,0.5,53,3638.2,1,0,1,0,0,49.0,3.0,0
A-9289f6,2024-07-01,EdTech,US,event,397,7,8192,180,81,0.429,False,1,False,False,False,False,Basic,0.286,0.286,15,2,5,0.4,2,0.4,24,3216.0,1,0,0,0,0,0.0,3.0,0
A-92a333,2024-07-01,FinTech,US,event,465,4,9215,65,33,0.25,False,0,False,False,False,False,Enterprise,0.5,0.25,73,0,2,0.0,0,0.0,0,0.0,0,1,0,1,0,44.0,4.0,0
A-92a3af,2024-07-01,Cybersecurity,IN,organic,0,0,0,0,0,0.0,0,0,0,0,0,0,0,0.0,0.0,12,2,3,0.667,2,0.667,18,3123.0,1,1,1,0,0,51.0,3.0,0
A-940b8b,2024-07-01,HealthTech,DE,organic,104,5,8807,158,56,0.2,True,1,False,False,False,True,Basic,0.4,0.2,21,1,4,0.25,1,0.25,11,4367.0,0,0,0,0,0,0.0,3.0,0
A-94c3cd,2024-07-01,FinTech,CA,other,285,1,0,32,32,0.0,False,1,False,False,False,False,Enterprise,1.0,0.0,4,2,1,2.0,2,1.0,13,3239.0,0,0,0,0,0,0.0,4.0,0
A-94d3da,2024-07-01,HealthTech,US,other,425,9,13735,369,41,0.444,True,4,False,False,False,False,Pro,0.111,0.556,17,1,3,0.333,1,0.333,10,5770.0,1,1,0,0,0,36.0,3.0,0
A-94f8c9,2024-07-01,HealthTech,US,other,94,5,4630,133,74,0.6,False,2,False,True,False,True,Basic,0.4,0.2,3,3,5,0.6,3,0.5,38,4182.0,1,0,0,0,0,0.0,5.0,0
A-95b24a,2024-07-01,FinTech,US,event,391,9,24312,356,47,0.444,True,1,True,True,False,False,Basic,0.333,0.333,18,2,3,0.667,2,0.5,31,6706.5,1,0,0,0,0,0.0,5.0,0
A-96bbc6,2024-07-01,Cybersecurity,US,organic,55,3,11583,117,39,0.667,False,0,False,False,False,True,Pro,0.333,0.667,11,2,4,0.5,2,0.5,15,2195.5,1,0,0,0,0,0.0,3.0,0
A-96e141,2024-07-01,DevTools,UK,partner,324,4,5432,108,40,0.75,False,1,False,False,False,False,Enterprise,0.5,0.5,0,4,7,0.571,4,0.571,40,2190.0,1,0,1,0,0,23.0,5.0,1
A-970c97,2024-07-01,HealthTech,DE,other,122,2,5572,28,14,1.0,True,0,False,False,False,False,Enterprise,1.0,0.0,23,1,2,0.5,1,0.333,11,1837.0,0,0,0,0,0,0.0,5.0,0
A-9779ad,2024-07-01,Cybersecurity,AU,event,94,3,23880,120,40,0.333,False,0,False,False,False,False,Enterprise,1.0,0.0,25,1,6,0.167,1,0.167,8,1888.0,1,0,0,0,0,0.0,4.0,0
A-977ca0,2024-07-01,HealthTech,IN,partner,497,12,25755,297,92,0.75,True,4,False,False,False,False,Pro,0.25,0.417,6,2,5,0.4,2,0.5,22,4325.0,1,0,0,0,0,0.0,4.0,0
A-98a59a,2024-07-01,FinTech,UK,partner,332,6,11424,336,56,0.667,True,0,False,False,False,False,Basic,0.0,0.5,5,3,4,0.75,3,0.75,40,2405.333,0,0,0,0,0,0.0,4.0,0
A-993085,2024-07-01,HealthTech,US,ads,396,10,34854,337,49,0.5,True,1,False,True,False,False,Enterprise,0.5,0.2,18,1,6,0.167,1,0.167,12,816.0,0,1,0,0,0,31.0,4.0,0
A-9a532a,2024-07-01,HealthTech,US,partner,0,0,0,0,0,0.0,0,0,0,0,0,0,0,0.0,0.0,19,2,1,2.0,2,2.0,20,4366.0,0,0,0,0,0,0.0,4.0,0
A-9affe6,2024-07-01,Cybersecurity,US,other,467,9,9167,173,56,0.556,True,0,False,True,False,False,Basic,0.333,0.333,26,1,3,0.333,1,0.333,7,3934.0,0,0,0,0,0,0.0,3.0,0
A-9b9fe9,2024-07-01,EdTech,AU,other,277,7,3690,76,24,0.571,True,2,False,False,False,False,Pro,0.143,0.714,12,2,4,0.5,2,0.333,9,1692.5,0,0,0,0,0,0.0,4.0,0
A-9badbd,2024-07-01,Cybersecurity,DE,ads,12,2,6502,58,30,0.5,True,0,False,False,False,False,Basic,0.5,0.0,0,2,7,0.286,2,0.286,23,1353.0,1,0,0,0,0,0.0,5.0,0
A-9bfc9f,2024-07-01,DevTools,CA,ads,291,7,9805,371,53,0.571,True,2,False,False,False,False,Pro,0.0,0.714,27,1,3,0.333,1,0.333,10,1380.0,0,0,0,0,0,0.0,3.0,0
A-9c18c4,2024-07-01,HealthTech,US,ads,340,7,13445,95,19,0.571,True,0,False,False,False,False,Enterprise,0.571,0.286,13,4,3,1.333,4,1.333,39,2239.5,0,0,1,0,0,56.0,5.0,0
A-9ee962,2024-07-01,HealthTech,US,ads,489,8,9249,129,30,0.5,True,2,False,False,False,False,Basic,0.125,0.375,1,4,8,0.5,4,0.444,36,2044.5,1,0,1,0,0,39.0,4.0,0
A-9f0b68,2024-07-01,EdTech,US,ads,64,2,2408,32,22,0.5,True,0,False,False,False,False,Basic,0.5,0.0,7,4,4,1.0,4,0.8,45,2572.0,1,0,1,0,1,4.0,3.0,0
A-9f9299,2024-07-01,FinTech,US,organic,303,6,19152,168,28,0.5,True,0,False,False,False,False,Enterprise,0.5,0.167,13,3,6,0.5,3,0.6,33,3648.333,1,0,0,0,0,0.0,4.0,0
A-a0ca4e,2024-07-01,Cybersecurity,US,ads,115,3,2806,34,12,0.0,True,0,False,False,False,False,Basic,0.333,0.0,13,1,3,0.333,1,0.333,12,4560.0,1,0,0,0,0,0.0,5.0,0
A-a1b80b,2024-07-01,HealthTech,US,organic,217,7,20983,179,52,0.429,True,1,False,True,False,False,Enterprise,0.714,0.0,9,2,4,0.5,2,0.5,18,1425.0,1,0,0,0,0,0.0,4.0,1
A-a1bbb6,2024-07-01,DevTools,CA,organic,453,7,14402,98,28,0.714,True,0,False,False,False,False,Enterprise,0.571,0.429,2,3,3,1.0,3,1.0,32,3012.667,1,0,0,0,0,0.0,4.0,0
A-a45270,2024-07-01,HealthTech,US,ads,7,0,0,0,0,0.0,0,0,0,0,0,0,0,0.0,0.0,3,3,9,0.333,3,0.333,35,3563.333,1,0,0,0,0,0.0,4.0,0
A-a6d261,2024-07-01,FinTech,CA,other,215,9,30955,244,103,0.778,True,1,False,False,False,False,Enterprise,0.556,0.222,19,2,3,0.667,2,0.5,22,3031.0,1,0,0,0,0,0.0,5.0,0
A-a7bd4b,2024-07-01,Cybersecurity,US,ads,502,9,5755,165,51,0.333,True,2,False,False,False,True,Pro,0.222,0.556,25,2,1,2.0,2,2.0,24,3558.0,0,1,0,0,0,42.0,3.0,0
A-a865bd,2024-07-01,Cybersecurity,US,organic,286,4,18278,182,68,0.5,True,0,False,False,False,False,Enterprise,0.5,0.25,146,0,0,0.0,0,0.0,0,0.0,0,1,0,0,1,21.0,4.0,0
A-a8b49c,2024-07-01,Cybersecurity,UK,partner,269,9,4458,137,30,0.556,True,2,False,False,False,False,Basic,0.111,0.444,0,3,6,0.5,4,0.667,25,1380.5,1,0,0,0,0,0.0,4.0,0
A-a8d89d,2024-07-01,EdTech,US,ads,206,4,19042,118,78,0.75,True,0,False,False,False,True,Enterprise,0.5,0.25,5,3,4,0.75,3,0.75,34,2430.0,1,0,0,0,0,0.0,5.0,0
A-aa9511,2024-07-01,DevTools,US,other,265,8,34265,268,97,0.625,False,1,False,False,False,False,Enterprise,0.5,0.375,3,4,4,1.0,4,1.0,33,2119.25,0,0,0,0,0,0.0,4.0,0
A-ac14bb,2024-07-01,FinTech,US,partner,297,7,27214,222,71,0.571,True,1,False,False,False,False,Enterprise,0.429,0.286,12,3,3,1.0,3,1.0,31,4763.333,1,1,0,0,0,28.0,4.0,0
A-ac85cd,2024-07-01,EdTech,US,partner,0,0,0,0,0,0.0,0,0,0,0,0,0,0,0.0,0.0,15,2,7,0.286,2,0.286,22,2400.5,0,0,0,0,0,0.0,4.0,0
A-ac9111,2024-07-01,HealthTech,US,event,324,7,8414,202,56,0.571,True,1,False,False,False,False,Basic,0.286,0.286,0,5,9,0.556,5,0.714,57,4291.0,1,0,1,0,1,40.0,5.0,0
A-acb7f7,2024-07-01,EdTech,US,ads,177,7,23422,240,41,0.571,True,1,False,False,False,True,Enterprise,0.429,0.429,25,2,3,0.667,1,0.333,23,4277.0,0,0,0,0,0,0.0,3.0,0
A-ad3abd,2024-07-01,FinTech,US,event,486,5,12584,220,44,0.4,True,1,False,False,False,False,Basic,0.2,0.2,52,0,3,0.0,0,0.0,0,0.0,0,0,0,0,0,0.0,3.0,0
A-ad64c6,2024-07-01,DevTools,UK,event,129,2,7960,40,28,0.5,True,0,False,False,False,False,Enterprise,1.0,0.0,6,2,2,1.0,2,1.0,26,4384.0,0,0,1,0,0,4.0,4.0,1
A-ae052e,2024-07-01,FinTech,CA,other,294,2,1911,78,39,1.0,False,1,False,False,False,False,Pro,0.0,1.0,35,0,3,0.0,0,0.0,0,0.0,0,0,0,0,0,0.0,3.0,0
A-af0cd2,2024-07-01,Cybersecurity,IN,other,545,8,5016,163,30,0.5,True,1,False,False,False,False,Basic,0.0,0.5,2,5,4,1.25,5,1.25,59,1793.8,1,1,1,0,1,52.5,4.0,0
A-afa505,2024-07-01,DevTools,US,partner,187,4,31290,280,70,0.5,True,1,False,False,False,False,Enterprise,0.5,0.5,5,3,4,0.75,3,0.75,29,3946.333,1,1,0,1,1,57.0,3.0,0
A-b11cd0,2024-07-01,DevTools,US,ads,528,5,3532,140,36,0.8,False,2,False,False,False,False,Basic,0.0,0.4,50,0,4,0.0,0,0.0,0,0.0,0,0,0,0,0,0.0,5.0,0
A-b20d99,2024-07-01,HealthTech,IN,other,278,3,5006,74,34,0.333,True,0,False,False,False,False,Basic,0.333,0.0,8,2,4,0.5,2,0.4,25,3322.5,0,0,0,0,0,0.0,4.0,0
A-b2225d,2024-07-01,FinTech,US,ads,115,4,10246,188,47,0.0,True,2,False,False,True,False,Enterprise,0.75,0.0,5,3,7,0.429,3,0.5,29,4602.0,0,0,1,0,0,24.0,3.0,0
A-b30291,2024-07-01,HealthTech,US,event,87,5,4351,49,18,0.8,False,0,False,False,False,False,Basic,0.2,0.2,1,2,3,0.667,2,0.667,24,5651.0,0,0,0,0,0,0.0,4.0,0
A-b3fe05,2024-07-01,Cybersecurity,CA,partner,34,1,0,11,11,0.0,False,1,False,False,False,False,Pro,0.0,1.0,23,2,2,1.0,2,1.0,12,1030.5,1,0,0,0,0,0.0,3.0,0
A-b44e3e,2024-07-01,Cybersecurity,UK,ads,140,5,35561,239,79,0.2,True,0,False,False,False,True,Enterprise,0.6,0.4,0,3,4,0.75,3,0.75,28,3582.667,1,1,0,0,0,71.0,4.0,0
A-b7724f,2024-07-01,HealthTech,UK,organic,461,2,836,44,33,1.0,False,0,False,False,False,False,Basic,0.0,0.0,6,5,3,1.667,5,1.667,54,1971.2,1,0,0,0,0,0.0,3.0,0
A-b7b7b7,2024-07-01,FinTech,US,event,1,0,0,0,0,0.0,0,0,0,0,0,0,0,0.0,0.0,10,2,5,0.4,2,0.4,10,1117.0,1,0,1,0,0,9.0,5.0,0
A-b7ef83,2024-07-01,Cybersecurity,UK,partner,33,6,11881,139,43,0.333,True,0,False,False,False,False,Enterprise,0.5,0.167,14,1,9,0.111,1,0.125,7,2177.0,0,0,0,0,0,0.0,4.0,1
A-b9eed8,2024-07-01,Cybersecurity,US,organic,129,3,3782,38,15,0.333,True,0,False,False,True,False,Basic,0.333,0.333,39,0,11,0.0,0,0.0,0,0.0,0,0,0,0,0,0.0,3.0,0
A-b9f5b1,2024-07-01,Cybersecurity,US,other,524,4,285,111,42,0.25,True,3,False,False,False,False,Enterprise,0.75,0.0,8,2,2,1.0,2,1.0,21,5807.5,1,0,0,0,0,0.0,3.0,0
A-ba6516,2024-07-01,FinTech,US,ads,246,9,21170,282,55,0.556,True,2,False,False,True,False,Basic,0.333,0.222,0,2,4,0.5,3,1.0,51,6536.0,0,2,0,0,1,37.5,4.0,0
A-bad8c1,2024-07-01,FinTech,AU,organic,488,7,7797,223,60,0.857,False,2,False,False,False,False,Pro,0.286,0.429,4,4,1,4.0,4,2.0,41,4137.5,0,0,1,0,0,27.0,4.0,0
A-bb1eaa,2024-07-01,Cybersecurity,US,organic,20,1,4179,21,21,1.0,False,0,False,False,False,False,Enterprise,1.0,0.0,37,0,2,0.0,0,0.0,0,0.0,0,1,1,0,1,12.5,4.0,0
A-bb2f49,2024-07-01,Cybersecurity,US,other,400,7,17615,193,68,0.571,False,1,False,False,False,False,Pro,0.286,0.714,5,2,5,0.4,2,0.4,14,945.0,1,0,0,0,0,0.0,4.0,0
A-bb3bd4,2024-07-01,HealthTech,US,ads,156,3,6141,69,23,0.0,False,0,False,False,False,True,Basic,0.333,0.333,39,0,3,0.0,0,0.0,0,0.0,0,0,0,0,0,0.0,4.0,0
A-bbe56f,2024-07-01,HealthTech,US,ads,501,4,5607,84,21,0.25,False,1,False,False,False,False,Basic,0.25,0.25,44,0,2,0.0,0,0.0,0,0.0,0,1,0,0,0,48.0,5.0,0
A-bc4d48,2024-07-01,EdTech,US,ads,19,2,665,70,35,0.5,True,1,False,False,False,False,Basic,0.0,0.5,42,0,4,0.0,0,0.0,0,0.0,0,0,0,0,0,0.0,3.0,0
A-bc87bc,2024-07-01,FinTech,US,event,0,0,0,0,0,0.0,0,0,0,0,0,0,0,0.0,0.0,45,0,4,0.0,0,0.0,0,0.0,0,1,0,0,0,37.0,3.0,0
A-bcbe98,2024-07-01,Cybersecurity,US,other,0,0,0,0,0,0.0,0,0,0,0,0,0,0,0.0,0.0,4,4,5,0.8,4,0.8,46,2980.25,0,0,3,1,1,49.667,3.0,0
A-bcf664,2024-07-01,DevTools,US,other,409,8,8956,197,59,0.625,False,2,False,False,False,False,Basic,0.25,0.125,34,0,3,0.0,0,0.0,0,0.0,0,0,0,0,0,0.0,5.0,0
A-bcf87c,2024-07-01,FinTech,US,event,4,0,0,0,0,0.0,0,0,0,0,0,0,0,0.0,0.0,12,1,7,0.143,1,0.125,6,2100.0,0,0,0,0,0,0.0,3.0,0
A-bd4708,2024-07-01,FinTech,US,ads,0,0,0,0,0,0.0,0,0,0,0,0,0,0,0.0,0.0,16,3,5,0.6,3,0.6,28,4157.0,0,0,0,0,0,0.0,4.0,0
A-bece89,2024-07-01,Cybersecurity,IN,event,213,5,17388,132,28,0.4,True,0,False,False,False,True,Enterprise,0.6,0.2,71,0,2,0.0,0,0.0,0,0.0,0,0,1,1,0,26.0,4.0,1
A-c16b88,2024-07-01,HealthTech,US,event,212,5,10082,141,45,0.4,True,3,False,False,False,False,Pro,0.2,0.6,0,2,3,0.667,2,0.667,18,3942.0,0,0,1,0,0,56.0,3.0,0
A-c1dfe1,2024-07-01,DevTools,DE,ads,329,5,11963,137,33,0.8,True,0,False,False,True,False,Basic,0.4,0.0,17,1,3,0.333,1,0.333,7,231.0,0,0,0,0,0,0.0,4.0,0
A-c222ab,2024-07-01,Cybersecurity,US,other,52,0,0,0,0,0.0,0,0,0,0,0,0,0,0.0,0.0,15,2,4,0.5,2,0.5,18,3747.0,1,0,0,0,0,0.0,0.0,0
A-c37cab,2024-07-01,Cybersecurity,UK,event,0,0,0,0,0,0.0,0,0,0,0,0,0,0,0.0,0.0,1,4,3,1.333,4,1.333,32,1783.25,1,0,0,0,0,0.0,3.0,0
A-c42f1f,2024-07-01,HealthTech,US,other,0,0,0,0,0,0.0,0,0,0,0,0,0,0,0.0,0.0,29,1,3,0.333,1,0.333,9,2664.0,1,1,1,0,1,36.5,3.0,0
A-c45b23,2024-07-01,FinTech,UK,partner,206,5,2759,41,12,0.6,True,0,False,False,False,False,Basic,0.2,0.4,1,2,5,0.4,2,0.5,17,1058.0,1,0,2,0,0,34.0,3.0,0
A-c4ea60,2024-07-01,FinTech,DE,other,480,3,1254,124,58,0.333,True,1,False,False,False,False,Basic,0.0,0.0,31,0,1,0.0,0,0.0,0,0.0,0,0,2,0,1,33.5,4.0,0
A-c58f49,2024-07-01,EdTech,US,other,0,0,0,0,0,0.0,0,0,0,0,0,0,0,0.0,0.0,22,2,3,0.667,1,0.333,18,2401.0,1,0,0,0,0,0.0,4.0,0
A-c608c8,2024-07-01,DevTools,DE,ads,431,6,8390,110,58,0.667,True,0,False,False,False,False,Enterprise,0.5,0.5,9,2,4,0.5,2,0.5,22,3630.0,1,0,0,0,0,0.0,3.0,0
A-c62e55,2024-07-01,EdTech,US,partner,509,7,9746,164,56,0.286,True,0,False,False,False,True,Pro,0.143,0.571,44,0,1,0.0,0,0.0,0,0.0,0,0,0,0,0,0.0,5.0,0
A-c7e58b,2024-07-01,HealthTech,IN,other,372,3,3440,20,10,0.667,True,0,False,False,False,False,Enterprise,0.667,0.0,1,3,2,1.5,3,1.5,36,5398.667,1,0,0,0,0,0.0,4.0,0
A-c7ffc2,2024-07-01,Cybersecurity,US,partner,521,8,28071,369,132,0.5,True,0,False,False,False,False,Basic,0.375,0.25,9,5,9,0.556,4,0.444,50,3924.4,1,0,0,0,0,0.0,3.0,0
A-c9bb3e,2024-07-01,EdTech,US,ads,99,4,8272,178,123,0.25,False,0,False,False,False,False,Pro,0.0,0.75,13,2,4,0.5,2,0.5,13,2598.0,1,0,0,0,0,0.0,4.0,1
A-cab532,2024-07-01,DevTools,FR,organic,455,9,12577,211,58,0.556,True,2,False,False,True,True,Enterprise,0.444,0.333,1,3,8,0.375,3,0.375,20,2157.0,0,0,0,0,0,0.0,4.0,1
A-cb5333,2024-07-01,DevTools,US,ads,97,7,9647,260,51,0.429,True,3,True,False,False,False,Basic,0.143,0.286,15,4,7,0.571,4,0.667,42,5089.0,0,0,0,0,0,0.0,3.0,0
A-cb6cc6,2024-07-01,DevTools,US,ads,455,5,1150,66,14,0.4,True,2,False,False,False,False,Basic,0.4,0.2,11,3,3,1.0,3,1.5,33,4867.333,0,1,0,0,0,5.0,4.0,0
A-cbbe12,2024-07-01,Cybersecurity,DE,partner,467,5,5121,209,49,0.8,True,2,False,True,True,False,Pro,0.0,0.8,4,3,1,3.0,3,3.0,17,2086.333,1,0,0,0,0,0.0,3.0,0
A-cc102e,2024-07-01,HealthTech,US,partner,77,3,2552,68,42,0.333,False,0,False,False,False,False,Basic,0.0,0.333,3,2,5,0.4,2,0.4,22,3752.0,0,0,1,0,0,1.0,3.0,0
A-cc8c8f,2024-07-01,DevTools,US,ads,15,1,5572,28,28,0.0,False,0,False,True,False,False,Enterprise,1.0,0.0,1,3,1,3.0,3,3.0,34,2140.0,0,0,0,0,0,0.0,4.0,0
A-cc98bc,2024-07-01,DevTools,US,ads,404,8,19999,303,57,0.5,True,1,False,False,False,True,Basic,0.375,0.25,32,0,1,0.0,0,0.0,0,0.0,0,0,0,0,0,0.0,4.0,0
A-ccabf0,2024-07-01,HealthTech,IN,organic,238,7,22082,158,59,0.429,True,0,False,False,False,False,Enterprise,0.571,0.286,2,2,3,0.667,2,0.667,18,2870.0,1,0,1,0,0,43.0,4.0,0
A-ccb686,2024-07-01,DevTools,US,other,161,6,4355,141,52,0.333,True,2,True,False,False,False,Pro,0.167,0.667,6,2,11,0.182,2,0.2,13,820.0,1,0,0,0,0,0.0,4.0,0
A-ccc747,2024-07-01,HealthTech,FR,event,171,2,1813,53,37,1.0,True,1,False,True,False,True,Enterprise,0.5,0.5,8,1,2,0.5,1,0.5,10,3640.0,1,1,0,0,1,60.0,5.0,0
A-cd458b,2024-07-01,DevTools,US,other,16,0,0,0,0,0.0,0,0,0,0,0,0,0,0.0,0.0,1,4,4,1.0,4,1.0,44,2867.5,1,1,0,0,1,45.0,5.0,0
A-cdf020,2024-07-01,DevTools,AU,organic,320,5,10212,161,45,0.6,True,1,False,False,False,False,Pro,0.2,0.6,25,1,4,0.25,1,0.25,11,3377.0,0,0,1,0,1,35.0,4.0,0
A-ce66f8,2024-07-01,EdTech,CA,event,313,3,1653,87,29,0.333,False,0,False,False,False,False,Basic,0.0,0.0,17,2,4,0.5,2,0.5,22,2232.5,1,0,1,0,1,37.0,3.0,0
A-cea1f0,2024-07-01,FinTech,US,event,85,3,1045,63,30,0.333,True,1,True,False,False,False,Basic,0.0,0.333,6,2,6,0.333,2,0.4,19,3797.5,0,0,1,0,0,57.0,4.0,0
A-d27f50,2024-07-01,Cybersecurity,UK,ads,0,0,0,0,0,0.0,0,0,0,0,0,0,0,0.0,0.0,24,1,3,0.333,1,0.333,8,3168.0,1,0,2,0,0,25.0,5.0,0
A-d42431,2024-07-01,FinTech,FR,ads,22,1,418,22,22,1.0,False,0,True,False,False,False,Basic,0.0,0.0,29,1,4,0.25,1,0.25,12,6456.0,0,0,0,0,0,0.0,3.0,0
A-d49cc5,2024-07-01,Cybersecurity,FR,event,286,4,6800,200,50,0.25,True,0,False,False,False,False,Basic,0.0,0.5,10,1,2,0.5,1,0.5,10,5810.0,1,0,2,0,1,6.0,5.0,0
A-d4ac0e,2024-07-01,DevTools,UK,ads,72,4,2449,217,156,0.5,True,1,False,False,False,False,Basic,0.0,0.5,2,4,7,0.571,3,0.429,36,2741.0,1,1,0,0,0,28.0,4.0,0
A-d5a319,2024-07-01,FinTech,US,other,424,7,15577,163,70,0.286,True,2,False,False,False,False,Basic,0.143,0.286,4,2,2,1.0,2,1.0,20,4738.0,1,0,0,0,0,0.0,0.0,0
A-d77f4c,2024-07-01,DevTools,US,partner,280,8,26941,210,94,0.5,True,1,False,False,False,True,Enterprise,0.5,0.25,3,1,5,0.2,1,0.2,9,2664.0,0,1,0,0,0,54.0,3.0,0
A-d792a6,2024-07-01,DevTools,US,organic,525,12,9318,154,37,0.417,True,3,False,False,False,False,Basic,0.333,0.333,6,6,4,1.5,5,1.0,72,5014.5,1,0,0,0,0,0.0,4.0,0
A-d82ef9,2024-07-01,EdTech,UK,other,0,0,0,0,0,0.0,0,0,0,0,0,0,0,0.0,0.0,2,7,2,3.5,5,1.667,72,3221.0,1,0,0,0,0,0.0,4.0,0
A-d922bf,2024-07-01,HealthTech,US,ads,297,3,12338,67,32,0.333,False,1,False,False,False,False,Enterprise,0.667,0.0,0,2,3,0.667,2,0.667,30,1296.333,0,0,0,0,0,0.0,3.0,0
A-dbc825,2024-07-01,EdTech,FR,partner,176,10,20851,259,85,0.3,True,0,False,True,False,False,Enterprise,0.4,0.3,44,0,6,0.0,0,0.0,0,0.0,0,0,1,0,0,70.0,3.0,0
A-dcc2f0,2024-07-01,FinTech,UK,organic,345,8,11727,142,25,0.625,False,1,False,False,False,False,Enterprise,0.5,0.25,6,2,8,0.25,2,0.25,20,5666.0,1,0,1,0,1,52.0,4.0,0
A-dcc3f1,2024-07-01,HealthTech,US,event,187,4,3392,119,51,0.75,False,1,False,False,False,False,Basic,0.25,0.25,6,3,3,1.0,3,1.0,36,2376.667,0,0,1,0,0,44.0,4.0,1
A-de58ca,2024-07-01,HealthTech,DE,organic,445,9,16456,369,105,0.333,True,2,False,False,False,False,Pro,0.222,0.556,19,2,3,0.667,2,0.667,18,2640.0,0,0,0,0,0,0.0,3.0,0
A-dec005,2024-07-01,HealthTech,US,partner,262,4,10348,94,31,0.5,True,2,False,False,False,False,Enterprise,0.5,0.25,4,3,6,0.5,3,0.5,28,2818.667,1,0,0,0,0,0.0,3.0,0
A-df10db,2024-07-01,DevTools,US,other,391,8,9076,94,33,0.625,True,0,False,False,False,False,Basic,0.25,0.25,16,1,3,0.333,1,0.333,15,7875.0,0,0,0,0,0,0.0,3.0,1
A-df1e44,2024-07-01,Cybersecurity,UK,organic,129,6,4491,173,63,0.333,True,2,False,False,False,True,Pro,0.167,0.5,11,2,3,0.667,2,0.667,18,2052.0,1,0,0,0,0,0.0,5.0,0
A-dfbd31,2024-07-01,DevTools,UK,partner,210,6,3885,97,24,0.667,True,3,False,False,False,False,Basic,0.333,0.333,26,1,1,1.0,1,1.0,18,7956.0,0,0,0,0,0,0.0,4.0,0
A-e1462e,2024-07-01,FinTech,UK,partner,477,4,9491,87,29,0.5,True,1,False,False,False,False,Enterprise,0.5,0.25,8,2,4,0.5,2,0.5,17,3267.5,1,0,0,0,0,0.0,4.0,0
A-e19ff6,2024-07-01,Cybersecurity,UK,partner,339,7,1676,88,38,0.429,True,1,False,False,False,False,Basic,0.143,0.286,18,1,3,0.333,1,0.333,4,2356.0,0,0,0,0,0,0.0,5.0,0
A-e1b9cd,2024-07-01,DevTools,US,event,491,11,32362,538,100,0.455,True,0,False,False,False,False,Basic,0.182,0.364,1,5,5,1.0,5,1.0,44,3473.0,1,0,0,0,0,0.0,3.0,0
A-e2cd1b,2024-07-01,DevTools,US,other,148,4,4556,89,44,0.25,False,1,False,False,False,False,Basic,0.25,0.25,1,2,4,0.5,2,0.5,22,4180.0,0,0,0,0,0,0.0,4.0,0
A-e36807,2024-07-01,EdTech,AU,other,45,2,3401,119,81,0.5,True,0,False,False,False,False,Basic,0.0,0.5,18,1,6,0.167,2,0.286,21,4421.5,1,0,1,0,0,69.0,4.0,0
A-e3bd71,2024-07-01,Cybersecurity,US,partner,464,9,33942,387,91,0.667,True,1,False,False,False,False,Enterprise,0.556,0.111,7,2,4,0.5,2,0.667,19,3835.0,0,0,0,0,0,0.0,3.0,0
A-e40f45,2024-07-01,HealthTech,US,organic,74,4,7247,113,44,0.75,False,0,False,False,False,True,Basic,0.25,0.25,2,2,4,0.5,2,0.5,13,2044.0,1,0,0,0,0,0.0,5.0,0
A-e43bf7,2024-07-01,Cybersecurity,AU,other,465,5,29154,246,70,0.4,True,0,False,False,False,False,Pro,0.4,0.6,27,1,4,0.25,1,0.25,9,3717.0,0,1,1,1,1,28.0,5.0,0
A-e51ec7,2024-07-01,FinTech,CA,partner,282,4,5569,36,25,0.25,True,1,False,False,False,True,Enterprise,0.5,0.25,41,0,5,0.0,0,0.0,0,0.0,0,0,0,0,0,0.0,4.0,0
A-e5d6ab,2024-07-01,EdTech,US,partner,443,7,8152,105,35,0.429,False,1,False,False,False,False,Basic,0.286,0.143,10,1,3,0.333,1,0.333,9,2421.0,1,1,0,0,0,24.0,4.0,0
A-e61e98,2024-07-01,FinTech,US,partner,255,7,6357,185,40,0.571,True,1,False,False,False,True,Pro,0.0,0.714,8,3,3,1.0,3,1.0,43,4603.333,0,0,0,0,0,0.0,5.0,0
A-e693b6,2024-07-01,FinTech,AU,event,403,7,21120,385,55,0.571,True,1,False,False,False,False,Pro,0.286,0.429,0,3,11,0.273,3,0.333,35,4461.333,0,0,0,0,0,0.0,3.0,0
A-e6afc1,2024-07-01,DevTools,US,ads,493,7,15135,223,68,0.714,True,1,False,False,False,False,Pro,0.143,0.571,23,1,3,0.333,1,0.333,11,198.0,0,0,0,0,0,0.0,0.0,0
A-e7a1e2,2024-07-01,Cybersecurity,US,event,8,0,0,0,0,0.0,0,0,0,0,0,0,0,0.0,0.0,2,2,8,0.25,2,0.25,20,5454.0,1,0,0,0,0,0.0,4.0,0
A-e7beab,2024-07-01,EdTech,DE,organic,255,4,7363,95,58,0.5,False,1,False,False,False,False,Enterprise,1.0,0.0,28,1,3,0.333,1,0.25,4,1500.0,0,0,0,0,0,0.0,3.0,0
A-e83938,2024-07-01,DevTools,UK,other,223,4,3467,36,16,0.5,True,1,False,False,False,False,Enterprise,0.5,0.25,29,1,2,0.5,1,0.5,11,4873.0,1,0,1,0,0,41.0,4.0,0
A-e888d1,2024-07-01,Cybersecurity,US,other,461,7,8080,186,54,0.571,True,3,False,False,False,False,Basic,0.286,0.286,20,3,7,0.429,3,0.429,37,2859.0,1,0,0,0,0,0.0,3.0,0
A-e89151,2024-07-01,FinTech,UK,organic,291,7,11459,101,24,0.714,True,0,False,False,False,True,Enterprise,0.571,0.143,20,1,3,0.333,1,0.5,13,4472.0,0,0,0,0,0,0.0,5.0,0
A-e98302,2024-07-01,EdTech,US,ads,188,2,7648,52,34,0.0,False,0,False,False,False,False,Enterprise,0.5,0.5,50,0,5,0.0,0,0.0,0,0.0,0,0,0,0,0,0.0,4.0,0
A-eafc6e,2024-07-01,DevTools,US,partner,361,2,8089,61,34,0.5,False,0,False,False,False,False,Enterprise,0.5,0.5,14,1,1,1.0,1,1.0,9,198.0,1,0,0,0,0,0.0,4.0,0
A-eb2fdc,2024-07-01,DevTools,AU,organic,223,7,16003,247,47,0.571,True,0,False,False,False,False,Basic,0.143,0.429,20,1,3,0.333,1,0.333,9,1035.0,0,0,0,0,0,0.0,4.0,0
A-eb7c38,2024-07-01,DevTools,AU,organic,127,4,20019,214,102,0.5,True,1,False,False,False,True,Basic,0.5,0.0,17,4,5,0.8,4,0.8,37,3490.25,1,0,1,0,0,36.0,5.0,0
A-eb7fac,2024-07-01,DevTools,US,organic,247,5,33896,254,136,0.6,True,0,False,False,False,False,Pro,0.4,0.6,4,4,4,1.0,3,0.75,40,4035.25,1,0,1,0,1,37.0,4.0,1
A-ed510f,2024-07-01,Cybersecurity,IN,partner,531,8,32046,336,42,0.125,True,1,False,False,False,True,Enterprise,0.5,0.375,8,4,5,0.8,4,0.8,42,2426.0,1,1,0,0,0,57.0,3.0,0
A-ee42db,2024-07-01,EdTech,DE,ads,433,9,8410,259,115,0.444,True,3,False,True,False,False,Pro,0.0,0.556,7,2,5,0.4,2,0.5,22,5188.0,0,0,0,0,0,0.0,3.0,0
A-ef84cf,2024-07-01,EdTech,US,partner,122,3,6918,50,34,0.333,True,1,False,False,False,False,Enterprise,0.667,0.0,8,1,2,0.5,1,0.5,10,3640.0,0,0,0,0,0,0.0,4.0,0
A-f03140,2024-07-01,DevTools,IN,event,222,5,9094,136,28,0.4,True,0,False,False,False,False,Basic,0.2,0.4,18,2,5,0.4,2,0.4,22,3130.0,0,0,0,0,0,0.0,5.0,0
A-f17767,2024-07-01,DevTools,US,event,518,11,14617,163,39,0.636,False,0,False,False,False,False,Pro,0.182,0.636,0,3,7,0.429,3,0.429,37,1732.667,1,0,0,0,0,0.0,5.0,0
A-f19409,2024-07-01,DevTools,US,other,473,6,17486,192,44,0.333,True,1,False,True,False,False,Pro,0.333,0.5,4,4,6,0.667,4,0.8,48,3307.75,0,0,0,0,0,0.0,4.0,0
A-f19b24,2024-07-01,Cybersecurity,US,organic,538,1,1421,29,29,1.0,False,0,False,False,False,False,Pro,0.0,1.0,42,0,1,0.0,0,0.0,0,0.0,0,0,0,0,0,0.0,4.0,0
A-f1f639,2024-07-01,EdTech,US,ads,491,3,1128,12,5,1.0,False,0,False,False,False,False,Basic,0.333,0.0,30,1,0,0.0,1,0.0,12,804.0,0,0,2,0,1,31.0,5.0,0
A-f25509,2024-07-01,EdTech,US,other,101,2,6368,64,32,0.5,True,1,False,False,False,False,Enterprise,1.0,0.0,9,1,1,1.0,1,1.0,8,4552.0,1,0,2,0,0,35.0,5.0,0
A-f3ff05,2024-07-01,FinTech,IN,other,0,0,0,0,0,0.0,0,0,0,0,0,0,0,0.0,0.0,10,2,6,0.333,2,0.4,16,1484.0,1,0,0,0,0,0.0,4.0,0
A-f44180,2024-07-01,Cybersecurity,UK,event,504,9,28788,197,89,0.444,True,1,False,False,False,False,Enterprise,0.778,0.222,50,0,3,0.0,0,0.0,0,0.0,0,0,2,0,1,46.5,5.0,0
A-f446b6,2024-07-01,DevTools,DE,ads,416,6,8465,125,53,0.5,True,0,False,False,False,False,Basic,0.333,0.167,11,2,4,0.5,2,0.5,16,3955.0,1,0,1,0,0,1.0,5.0,0
A-f51f16,2024-07-01,HealthTech,US,partner,189,7,13272,140,60,0.429,True,1,False,False,False,False,Enterprise,0.429,0.286,2,3,2,1.5,3,1.5,29,3176.667,0,0,0,0,0,0.0,3.0,1
A-f5641b,2024-07-01,EdTech,US,other,93,3,12338,93,31,0.667,True,1,False,False,True,True,Enterprise,0.667,0.0,44,0,3,0.0,0,0.0,0,0.0,0,0,0,0,0,0.0,3.0,0
A-f6b2fb,2024-07-01,DevTools,AU,event,69,3,5704,69,23,0.667,True,1,False,False,True,False,Enterprise,0.667,0.333,2,1,3,0.333,1,0.333,6,2856.0,0,0,0,0,0,0.0,5.0,1
A-f92792,2024-07-01,FinTech,US,ads,0,0,0,0,0,0.0,0,0,0,0,0,0,0,0.0,0.0,6,6,2,3.0,5,2.5,65,2003.5,1,0,0,0,0,0.0,0.0,0
A-f97b9a,2024-07-01,FinTech,US,event,358,6,20099,133,36,0.667,True,2,False,False,False,False,Enterprise,1.0,0.0,34,0,7,0.0,0,0.0,0,0.0,0,1,0,0,0,27.0,4.0,0
A-fa2041,2024-07-01,HealthTech,US,organic,33,2,2548,70,52,1.0,False,1,False,False,False,False,Basic,0.0,0.5,5,4,5,0.8,4,0.8,31,2568.25,1,0,0,0,0,0.0,3.0,1
A-fa3095,2024-07-01,FinTech,US,ads,302,7,47880,490,70,0.429,False,1,False,False,False,False,Enterprise,0.571,0.143,23,1,1,1.0,1,1.0,11,3872.0,0,1,0,0,0,26.0,5.0,0
A-faa28c,2024-07-01,HealthTech,US,organic,153,8,25553,401,65,0.5,True,3,False,False,False,True,Enterprise,0.5,0.25,13,3,5,0.6,3,0.75,21,2925.667,1,0,1,1,1,41.0,5.0,0
A-fd9422,2024-07-01,Cybersecurity,US,organic,88,2,11542,116,58,0.0,False,1,False,False,False,True,Enterprise,0.5,0.5,12,2,7,0.286,2,0.333,20,2713.0,1,0,0,0,0,0.0,3.0,0
A-fdfc91,2024-07-01,Cybersecurity,US,ads,422,6,4495,174,29,0.667,False,1,False,False,False,False,Basic,0.0,0.5,11,3,7,0.429,3,0.429,21,2117.667,1,0,0,0,0,0.0,4.0,0
A-fe79a5,2024-07-01,HealthTech,IN,ads,131,5,3582,55,19,0.6,False,3,False,False,False,True,Enterprise,0.6,0.0,29,1,2,0.5,1,0.5,10,1310.0,0,0,0,0,0,0.0,5.0,0
A-ff3c73,2024-07-01,HealthTech,AU,other,522,6,2682,175,66,0.333,True,3,False,False,False,False,Basic,0.333,0.167,4,4,2,2.0,4,2.0,52,5924.75,1,0,0,0,0,0.0,3.0,0
A-ff79f2,2024-07-01,DevTools,US,ads,67,1,228,12,12,0.0,False,0,False,False,False,False,Basic,0.0,0.0,4,3,3,1.0,3,0.75,30,4302.0,1,0,0,0,0,0.0,4.0,0
A-ffc04f,2024-07-01,EdTech,US,ads,25,1,2587,13,13,0.0,False,0,False,False,False,False,Enterprise,1.0,0.0,0,4,10,0.4,4,0.364,45,2429.25,1,0,1,0,0,29.0,4.0,0
A-ffdfd5,2024-07-01,EdTech,US,organic,79,2,938,32,21,0.0,False,0,False,False,False,False,Basic,0.0,0.5,4,4,5,0.8,4,0.8,38,1970.5,1,0,0,0,0,0.0,0.0,0
A-00bed1,2024-08-01,Cybersecurity,US,ads,261,6,24798,222,61,0.5,False,0,False,False,False,True,Enterprise,0.5,0.333,7,5,2,2.5,4,2.0,48,3605.8,1,0,1,0,0,27.0,4.0,0
A-00cac8,2024-08-01,HealthTech,AU,organic,321,4,905,44,19,0.25,True,1,False,False,False,False,Basic,0.25,0.25,18,2,6,0.333,2,0.333,15,3147.5,0,0,0,0,0,0.0,4.0,0
A-0158bb,2024-08-01,FinTech,DE,partner,71,3,836,69,35,0.667,True,1,False,False,False,False,Basic,0.0,0.0,2,1,1,1.0,1,1.0,16,3584.0,1,0,0,0,0,0.0,3.0,0
A-016043,2024-08-01,EdTech,CA,organic,1,0,0,0,0,0.0,0,0,0,0,0,0,0,0.0,0.0,5,3,5,0.6,3,0.6,28,1320.667,1,0,0,0,0,0.0,4.0,1
A-019782,2024-08-01,DevTools,FR,event,470,8,8353,108,17,0.25,True,1,False,False,False,False,Basic,0.25,0.375,2,1,2,0.5,1,0.333,11,6171.0,0,0,0,0,0,0.0,0.0,0
A-029f69,2024-08-01,Cybersecurity,CA,event,147,2,6050,50,26,0.0,True,0,False,False,False,False,Enterprise,0.5,0.5,3,3,5,0.6,3,0.6,23,2999.0,1,0,0,0,0,0.0,3.0,0
A-02cd81,2024-08-01,HealthTech,IN,other,126,10,27808,440,44,0.3,True,2,False,False,False,False,Pro,0.2,0.5,1,5,4,1.25,5,1.25,54,3029.6,1,1,0,1,0,9.0,4.0,0
A-02fac6,2024-08-01,FinTech,US,event,483,6,15080,170,59,0.667,True,0,False,False,False,False,Pro,0.333,0.667,7,2,3,0.667,2,0.667,22,4315.0,0,0,1,0,0,16.0,3.0,1
A-034368,2024-08-01,EdTech,US,event,270,2,494,45,26,1.0,False,1,False,False,False,False,Basic,0.0,0.0,7,3,0,0.0,3,0.0,25,1997.667,1,0,1,0,0,24.0,3.0,1
A-038089,2024-08-01,DevTools,FR,other,226,2,2009,41,36,0.5,False,0,False,False,False,False,Pro,0.0,1.0,77,0,1,0.0,0,0.0,0,0.0,0,0,1,0,0,41.0,3.0,0
A-054577,2024-08-01,EdTech,UK,ads,95,6,5702,128,35,0.5,False,0,True,False,False,False,Pro,0.167,0.667,7,1,4,0.25,1,0.2,10,900.0,0,0,0,0,0,0.0,4.0,0
A-05d3b3,2024-08-01,DevTools,AU,ads,431,8,7761,163,55,0.375,True,2,False,False,False,False,Basic,0.25,0.25,1,5,6,0.833,5,0.833,41,3111.4,1,0,1,0,0,39.0,4.0,0
A-05f0e5,2024-08-01,FinTech,US,partner,455,9,43514,386,92,0.444,True,0,False,False,False,True,Enterprise,0.444,0.222,13,4,4,1.0,3,1.0,47,2888.5,0,0,1,0,0,13.0,4.0,0
A-068fc6,2024-08-01,EdTech,US,event,381,7,19740,245,35,0.714,True,1,False,False,False,False,Pro,0.286,0.571,14,1,3,0.333,1,0.333,13,5993.0,1,0,0,0,0,0.0,4.0,0
A-075038,2024-08-01,HealthTech,UK,ads,447,11,14728,332,103,0.545,True,2,False,False,False,False,Pro,0.091,0.636,4,2,4,0.5,2,0.5,21,4414.5,0,0,0,0,0,0.0,3.0,0
A-089363,2024-08-01,FinTech,AU,event,453,9,5174,155,40,0.667,True,4,False,False,False,True,Pro,0.222,0.444,21,4,7,0.571,3,0.429,41,3073.0,1,0,0,0,0,0.0,3.0,0
A-08e34e,2024-08-01,EdTech,US,event,35,2,686,43,29,0.0,False,1,False,False,False,False,Basic,0.0,0.5,1,6,2,3.0,6,3.0,73,3523.667,0,1,0,0,0,68.0,3.0,0
A-09540c,2024-08-01,Cybersecurity,CA,event,276,2,14606,134,67,0.5,True,0,False,False,False,False,Basic,0.5,0.0,12,3,0,0.0,3,0.0,42,5647.333,1,0,0,0,0,0.0,4.0,0
A-098560,2024-08-01,DevTools,UK,ads,285,7,4866,137,35,0.571,True,1,False,False,False,False,Pro,0.143,0.571,8,3,1,3.0,3,3.0,35,5412.667,1,0,0,0,0,0.0,3.0,0
A-0a282f,2024-08-01,DevTools,US,organic,0,0,0,0,0,0.0,0,0,0,0,0,0,0,0.0,0.0,0,6,7,0.857,6,0.857,58,2380.667,1,0,1,0,1,48.0,5.0,0
A-0aaf6e,2024-08-01,FinTech,US,organic,82,3,2269,79,37,0.333,True,1,False,False,False,False,Basic,0.0,0.333,1,2,4,0.5,2,0.5,15,3146.5,0,0,1,0,0,54.0,3.0,0
A-0baac2,2024-08-01,FinTech,DE,organic,63,1,5771,29,29,0.0,False,0,False,False,False,False,Enterprise,1.0,0.0,46,0,4,0.0,0,0.0,0,0.0,0,1,2,0,0,52.0,5.0,0
A-0cc442,2024-08-01,EdTech,US,organic,14,1,0,45,45,1.0,False,1,False,False,False,False,Enterprise,1.0,0.0,3,3,10,0.3,3,0.333,23,1586.0,1,0,0,0,0,0.0,3.0,0
A-0dbdc6,2024-08-01,Cybersecurity,DE,other,536,6,14030,200,50,0.5,False,1,False,False,False,False,Pro,0.167,0.5,21,3,3,1.0,2,0.667,27,2584.667,1,0,0,0,0,0.0,4.0,0
A-0e966d,2024-08-01,FinTech,IN,ads,37,1,4577,23,23,0.0,False,0,False,False,False,False,Enterprise,1.0,0.0,5,1,6,0.167,1,0.143,12,552.0,1,0,0,0,0,0.0,4.0,0
A-0f3e88,2024-08-01,HealthTech,US,other,375,7,4749,111,24,0.714,True,0,False,False,False,False,Basic,0.143,0.143,9,3,4,0.75,3,0.75,42,4951.0,1,1,0,0,0,65.0,5.0,1
A-10b8da,2024-08-01,DevTools,US,partner,451,5,7121,82,23,0.4,True,1,False,False,False,False,Enterprise,0.6,0.2,47,0,2,0.0,0,0.0,0,0.0,0,0,0,0,0,0.0,4.0,0
A-10b8f2,2024-08-01,HealthTech,DE,organic,568,10,28367,537,103,0.2,True,2,False,False,False,False,Basic,0.2,0.2,5,4,1,4.0,4,4.0,37,1460.0,0,0,0,0,0,0.0,3.0,0
A-13466a,2024-08-01,DevTools,AU,event,284,4,12376,129,65,0.5,True,1,False,False,False,False,Basic,0.5,0.0,35,0,2,0.0,0,0.0,0,0.0,0,0,0,0,0,0.0,5.0,0
A-151c9a,2024-08-01,FinTech,US,ads,552,5,14250,150,52,0.6,True,0,False,False,False,False,Pro,0.4,0.6,68,0,1,0.0,0,0.0,0,0.0,0,0,2,0,0,31.0,3.0,0
A-157070,2024-08-01,FinTech,US,ads,266,9,13856,197,35,0.444,False,1,False,False,False,False,Pro,0.222,0.444,2,6,8,0.75,7,0.778,85,3227.286,1,0,0,0,0,0.0,4.0,0
A-158f4e,2024-08-01,FinTech,IN,other,517,9,27572,549,61,0.444,True,1,False,False,False,False,Pro,0.111,0.556,11,2,3,0.667,2,1.0,24,3420.0,0,0,0,0,0,0.0,5.0,0
A-1619f8,2024-08-01,DevTools,US,organic,73,3,11496,113,55,0.667,True,1,False,False,False,False,Basic,0.333,0.333,8,6,1,6.0,6,6.0,56,3173.5,1,0,0,0,0,0.0,5.0,0
A-180abf,2024-08-01,DevTools,US,event,353,5,29824,320,64,0.4,True,1,False,False,False,False,Basic,0.4,0.2,7,2,5,0.4,2,0.4,23,1294.5,0,1,0,0,0,10.0,3.0,0
A-186a44,2024-08-01,HealthTech,US,ads,360,5,2120,100,20,0.4,True,1,False,False,False,False,Basic,0.0,0.4,3,6,5,1.2,7,1.75,60,2114.286,1,0,2,0,0,35.0,3.0,0
A-1986ca,2024-08-01,HealthTech,IN,ads,549,4,14129,91,31,0.75,True,1,False,False,False,True,Enterprise,1.0,0.0,10,3,2,1.5,2,0.667,30,1562.0,1,1,0,0,1,55.0,3.0,0
A-19b2c8,2024-08-01,DevTools,IN,other,422,11,22723,247,33,0.455,True,0,False,False,False,False,Basic,0.364,0.273,0,4,3,1.333,4,1.333,33,2511.0,1,0,0,0,0,0.0,5.0,1
A-1b707d,2024-08-01,Cybersecurity,US,organic,384,5,8097,63,19,0.4,True,0,False,False,False,False,Enterprise,0.4,0.4,9,3,1,3.0,3,3.0,39,2960.333,0,0,0,0,0,0.0,4.0,0
A-1b9609,2024-08-01,EdTech,IN,ads,294,7,10321,139,49,0.571,True,0,False,False,False,False,Basic,0.286,0.286,8,7,6,1.167,5,1.0,62,3919.286,1,0,0,0,0,0.0,3.0,0
A-1d5444,2024-08-01,Cybersecurity,US,partner,196,10,21623,257,41,0.5,True,0,False,False,False,True,Basic,0.3,0.1,9,2,7,0.286,2,0.25,25,3738.0,1,0,1,0,0,55.0,4.0,0
A-1e1b80,2024-08-01,FinTech,CA,other,324,10,47697,503,53,0.5,True,1,False,False,False,False,Enterprise,0.5,0.2,0,3,7,0.429,3,0.429,23,2688.0,1,0,1,0,1,43.0,3.0,0
A-1e50e0,2024-08-01,Cybersecurity,DE,other,527,4,9514,155,98,0.75,True,1,False,False,False,False,Enterprise,0.5,0.5,42,0,2,0.0,0,0.0,0,0.0,0,0,0,0,0,0.0,0.0,0
A-1e6fc3,2024-08-01,EdTech,FR,other,239,2,245,6,5,0.5,False,1,False,False,False,False,Basic,0.0,0.5,25,1,3,0.333,1,0.333,7,889.0,0,0,0,0,0,0.0,3.0,0
A-1f0636,2024-08-01,EdTech,AU,partner,213,8,69825,840,105,0.25,True,3,False,False,False,True,Enterprise,0.375,0.375,1,4,5,0.8,4,0.8,36,2904.5,0,0,0,0,0,0.0,4.0,0
A-1f0ac7,2024-08-01,HealthTech,UK,other,340,5,7491,153,47,0.6,True,1,False,True,False,False,Basic,0.2,0.4,3,3,4,0.75,3,0.75,22,2227.333,1,0,0,0,0,0.0,4.0,0
A-1f559b,2024-08-01,HealthTech,US,organic,332,9,11566,214,59,0.667,True,0,False,False,False,False,Basic,0.111,0.444,2,2,1,2.0,1,1.0,22,2612.0,0,0,0,0,0,0.0,4.0,0
A-1f7acb,2024-08-01,FinTech,UK,ads,361,6,31040,384,64,0.333,True,1,True,False,True,False,Basic,0.333,0.167,8,4,7,0.571,4,0.5,36,2863.5,1,0,2,0,0,39.0,5.0,0
A-202b67,2024-08-01,HealthTech,US,organic,132,6,11440,130,61,0.667,True,0,False,False,False,True,Pro,0.333,0.5,3,2,6,0.333,2,0.333,17,219.0,0,1,1,0,1,52.0,5.0,0
A-20736a,2024-08-01,EdTech,IN,organic,138,1,2450,50,50,0.0,False,0,False,False,False,False,Pro,0.0,1.0,34,0,5,0.0,0,0.0,0,0.0,0,0,1,0,0,47.0,5.0,0
A-22d9d2,2024-08-01,DevTools,FR,event,132,9,7624,146,58,0.556,True,1,False,False,False,False,Pro,0.111,0.667,3,4,8,0.5,4,0.5,53,3161.75,0,1,0,0,1,14.0,4.0,0
A-241e75,2024-08-01,EdTech,US,partner,29,1,2254,46,46,0.0,False,0,False,False,False,False,Pro,0.0,1.0,5,1,1,1.0,1,1.0,11,1133.0,1,0,0,0,0,0.0,4.0,0
A-2446e3,2024-08-01,EdTech,IN,organic,204,3,8019,81,27,1.0,True,0,False,False,False,False,Pro,0.333,0.667,5,2,5,0.4,2,0.5,16,1312.0,0,0,1,0,0,72.0,5.0,0
A-249769,2024-08-01,Cybersecurity,US,event,98,3,919,31,15,1.0,False,0,False,False,False,False,Basic,0.0,0.333,5,3,3,1.0,3,1.0,33,1376.0,0,1,0,0,0,16.0,3.0,0
A-271f46,2024-08-01,DevTools,US,event,539,6,9728,228,38,0.5,False,2,False,False,False,False,Basic,0.333,0.167,15,1,4,0.25,1,0.25,8,3000.0,1,0,0,0,0,0.0,4.0,1
A-296d7c,2024-08-01,DevTools,DE,other,267,4,513,51,24,0.5,True,1,False,False,False,False,Basic,0.0,0.0,25,1,4,0.25,1,0.25,14,7294.0,0,2,0,0,1,50.0,3.0,0
A-297a2d,2024-08-01,HealthTech,UK,event,454,3,8487,90,36,0.333,True,1,False,False,False,False,Basic,0.333,0.333,51,0,2,0.0,0,0.0,0,0.0,0,0,1,0,0,55.0,3.0,0
A-2b9d3e,2024-08-01,EdTech,US,partner,424,5,2105,46,18,0.2,True,1,False,False,False,False,Basic,0.4,0.2,10,2,2,1.0,2,1.0,19,4052.5,0,0,1,0,1,43.0,5.0,0
A-2bc93d,2024-08-01,HealthTech,US,event,506,8,27076,274,95,0.5,False,0,False,False,False,False,Enterprise,0.5,0.25,4,5,4,1.25,5,1.25,49,3483.2,1,0,0,0,0,0.0,4.0,1
A-2d1036,2024-08-01,FinTech,US,ads,48,3,28773,207,69,0.333,True,0,False,False,False,False,Enterprise,0.667,0.0,7,5,10,0.5,5,0.5,59,4401.2,1,0,1,0,0,50.0,5.0,0
A-2d4502,2024-08-01,FinTech,IN,event,94,3,9710,110,61,0.333,True,0,False,True,False,False,Basic,0.333,0.333,2,1,2,0.5,1,0.5,8,2416.0,0,0,0,0,0,0.0,5.0,0
A-2e3bad,2024-08-01,FinTech,CA,other,354,6,31415,366,61,0.5,True,1,False,False,False,False,Enterprise,0.5,0.333,1,1,1,1.0,1,1.0,16,2704.0,1,0,0,0,0,0.0,3.0,0
A-2ebb4b,2024-08-01,HealthTech,US,ads,444,9,28679,393,65,0.667,False,2,False,False,False,True,Basic,0.222,0.333,12,1,6,0.167,1,0.2,10,5790.0,0,0,0,0,0,0.0,3.0,0
A-2edab2,2024-08-01,HealthTech,US,event,258,7,6851,119,17,0.429,True,0,False,True,False,False,Basic,0.143,0.429,42,0,6,0.0,0,0.0,0,0.0,0,1,0,0,0,12.0,3.0,0
A-2f6a32,2024-08-01,HealthTech,US,organic,0,0,0,0,0,0.0,0,0,0,0,0,0,0,0.0,0.0,2,3,3,1.0,3,1.0,30,3250.667,0,0,1,0,0,57.0,4.0,0
A-30b4ca,2024-08-01,EdTech,IN,organic,73,5,72670,430,86,0.6,True,0,False,False,False,False,Enterprise,0.8,0.2,9,4,4,1.0,3,0.75,33,2754.75,0,0,1,0,0,52.0,4.0,0
A-313be3,2024-08-01,EdTech,US,partner,260,4,11656,188,47,0.0,True,2,False,False,False,False,Enterprise,0.75,0.25,8,2,2,1.0,2,1.0,24,6660.0,0,0,0,0,0,0.0,4.0,0
A-31ab9a,2024-08-01,FinTech,DE,organic,151,3,4459,91,73,0.667,False,0,False,False,False,False,Basic,0.333,0.333,17,2,3,0.667,2,0.5,28,7084.0,1,0,1,0,0,59.0,3.0,1
A-32728c,2024-08-01,DevTools,US,event,576,7,3700,140,20,0.429,False,2,False,False,False,False,Pro,0.286,0.429,31,0,5,0.0,0,0.0,0,0.0,0,0,0,0,0,0.0,4.0,0
A-328bd0,2024-08-01,HealthTech,AU,partner,443,11,14755,263,39,0.545,True,1,False,False,False,True,Basic,0.182,0.364,6,1,5,0.2,1,0.2,6,1002.0,0,0,0,0,0,0.0,3.0,0
A-32fb14,2024-08-01,DevTools,US,event,513,7,4494,212,47,0.286,True,1,False,True,False,False,Basic,0.0,0.143,4,1,1,1.0,1,0.5,13,6877.0,0,1,2,0,1,33.333,5.0,0
A-331424,2024-08-01,DevTools,US,organic,269,4,4587,44,11,0.25,True,1,False,False,False,False,Enterprise,0.5,0.25,12,2,0,0.0,2,0.0,25,6236.5,1,0,0,0,0,0.0,4.0,0
A-337bc1,2024-08-01,Cybersecurity,US,organic,379,3,14405,95,34,0.667,False,0,False,False,False,False,Enterprise,0.667,0.333,9,2,3,0.667,2,0.667,18,1797.0,1,0,1,1,0,53.0,5.0,0
A-342303,2024-08-01,EdTech,US,other,138,2,1695,45,28,0.5,False,0,False,False,False,False,Basic,0.0,0.5,77,0,1,0.0,0,0.0,0,0.0,0,0,0,0,0,0.0,4.0,0
A-34d880,2024-08-01,Cybersecurity,AU,ads,112,6,18394,122,53,0.833,True,2,False,False,False,False,Enterprise,0.5,0.5,4,3,4,0.75,3,0.75,25,1112.333,1,1,0,0,0,32.0,3.0,0
A-34ea2f,2024-08-01,HealthTech,US,organic,0,0,0,0,0,0.0,0,0,0,0,0,0,0,0.0,0.0,6,3,4,0.75,4,1.0,35,3640.5,1,1,0,0,1,70.0,4.0,0
A-35083d,2024-08-01,HealthTech,IN,partner,461,11,16745,253,42,0.455,True,2,False,True,False,False,Basic,0.364,0.273,57,0,3,0.0,0,0.0,0,0.0,0,0,1,0,0,54.0,5.0,0
A-354f12,2024-08-01,FinTech,US,ads,95,2,6965,35,34,0.5,False,0,False,False,True,False,Enterprise,1.0,0.0,36,0,1,0.0,0,0.0,0,0.0,0,0,0,0,0,0.0,4.0,0
A-3793ee,2024-08-01,Cybersecurity,CA,organic,499,6,16954,294,49,0.667,False,2,True,False,False,False,Enterprise,0.5,0.5,11,2,7,0.286,2,0.286,22,2312.0,1,0,2,0,0,57.0,4.0,0
A-37f969,2024-08-01,HealthTech,IN,partner,292,6,16419,201,51,0.667,True,0,False,False,False,False,Basic,0.333,0.333,27,1,2,0.5,1,0.5,13,3094.0,1,0,0,0,0,0.0,4.0,0
A-3932db,2024-08-01,HealthTech,CA,other,302,4,1577,141,58,1.0,False,1,False,False,False,False,Basic,0.0,0.25,9,3,3,1.0,3,1.0,39,4784.0,1,0,0,0,0,0.0,5.0,0
A-39868b,2024-08-01,FinTech,AU,partner,137,3,3753,27,9,0.0,True,0,False,False,False,False,Enterprise,0.667,0.0,8,1,5,0.2,1,0.2,11,418.0,0,0,0,0,0,0.0,5.0,0
A-39b19f,2024-08-01,FinTech,US,partner,545,8,20990,260,55,0.75,True,0,False,False,False,True,Pro,0.25,0.75,6,3,6,0.5,3,0.6,33,2784.0,1,0,1,0,0,28.0,3.0,0
A-3a5ad8,2024-08-01,HealthTech,US,organic,240,8,11216,182,95,0.625,False,2,False,False,False,False,Basic,0.375,0.25,8,3,3,1.0,3,1.0,39,2944.333,1,0,0,0,0,0.0,4.0,0
A-3b37d9,2024-08-01,FinTech,US,event,552,6,14858,143,28,0.333,True,2,False,False,False,False,Enterprise,0.667,0.333,12,1,2,0.5,1,0.5,6,750.0,0,0,0,0,0,0.0,4.0,0
A-3b5cd1,2024-08-01,FinTech,US,event,324,10,10542,206,55,0.7,True,2,False,False,False,True,Pro,0.3,0.5,18,1,4,0.25,1,0.5,8,2256.0,0,0,0,0,0,0.0,4.0,1
A-3be56b,2024-08-01,HealthTech,IN,event,280,8,9301,170,62,0.5,True,3,False,False,False,True,Enterprise,0.375,0.375,9,2,8,0.25,2,0.286,25,3810.0,0,0,0,0,0,0.0,4.0,0
A-3c1a3f,2024-08-01,DevTools,UK,event,341,8,9962,139,45,0.5,True,3,False,False,False,False,Basic,0.375,0.25,2,2,2,1.0,2,1.0,15,1566.0,1,0,0,0,0,0.0,3.0,0
A-3cc791,2024-08-01,EdTech,US,other,204,7,6758,99,25,0.571,True,2,False,False,False,False,Basic,0.286,0.286,11,1,6,0.167,1,0.167,9,576.0,0,1,1,1,0,35.5,5.0,0
A-3ce5b8,2024-08-01,FinTech,IN,ads,329,6,16498,292,189,0.333,False,0,False,False,False,False,Pro,0.333,0.5,11,1,5,0.2,1,0.2,10,2010.0,0,0,1,0,0,46.0,4.0,0
A-3d957b,2024-08-01,HealthTech,UK,other,119,2,2107,43,29,1.0,True,0,False,True,False,False,Pro,0.0,1.0,79,0,1,0.0,0,0.0,0,0.0,0,0,0,0,0,0.0,3.0,0
A-3f9cc0,2024-08-01,HealthTech,US,event,59,6,13970,132,22,0.5,True,1,True,False,True,True,Basic,0.5,0.0,6,3,2,1.5,4,2.0,44,3817.75,1,0,0,0,0,0.0,5.0,1
A-40906c,2024-08-01,EdTech,US,ads,127,5,24564,460,92,0.4,True,2,False,False,False,False,Basic,0.4,0.2,22,1,9,0.111,1,0.111,8,2888.0,1,1,1,0,0,5.5,5.0,0
A-40a557,2024-08-01,Cybersecurity,AU,partner,242,5,18572,128,55,0.6,False,0,False,False,False,False,Enterprise,0.6,0.2,7,1,4,0.25,1,0.25,10,770.0,0,1,1,0,1,21.5,3.0,0
A-40de06,2024-08-01,Cybersecurity,US,event,451,11,19714,349,62,0.364,True,2,False,False,False,False,Pro,0.273,0.545,2,4,6,0.667,4,0.667,42,2960.5,1,0,0,0,0,0.0,4.0,0
A-417d2f,2024-08-01,Cybersecurity,IN,partner,394,8,18016,154,51,0.375,True,0,False,False,False,False,Basic,0.375,0.25,19,2,7,0.286,2,0.25,19,2414.5,1,0,0,0,0,0.0,5.0,0
A-425e76,2024-08-01,DevTools,UK,other,442,9,13997,233,71,0.778,True,0,False,False,False,False,Basic,0.222,0.222,14,2,3,0.667,2,0.667,14,1207.5,1,0,1,0,0,23.0,3.0,0
A-427b69,2024-08-01,FinTech,US,other,0,0,0,0,0,0.0,0,0,0,0,0,0,0,0.0,0.0,3,3,4,0.75,3,0.75,35,4197.333,0,0,1,0,1,57.0,3.0,0
A-42b791,2024-08-01,FinTech,AU,event,73,1,1421,29,29,1.0,False,0,False,False,False,False,Pro,0.0,1.0,9,2,3,0.667,2,0.667,19,2558.5,0,0,0,0,0,0.0,3.0,0
A-42e5e1,2024-08-01,DevTools,US,ads,23,2,4029,21,20,0.5,False,0,True,False,False,False,Enterprise,0.5,0.5,5,1,3,0.333,1,0.333,8,3528.0,1,0,1,0,0,18.0,4.0,0
A-432483,2024-08-01,Cybersecurity,US,ads,542,7,23657,147,60,0.571,True,1,False,False,False,False,Enterprise,0.429,0.429,11,2,5,0.4,2,0.4,33,7118.0,1,0,0,0,0,0.0,0.0,0
A-439b2f,2024-08-01,DevTools,US,ads,162,5,522,40,22,0.4,True,1,False,False,False,False,Basic,0.2,0.2,31,0,4,0.0,0,0.0,0,0.0,0,0,0,0,0,0.0,4.0,1
A-43a9e3,2024-08-01,FinTech,IN,other,350,8,10004,176,28,0.25,True,0,False,False,False,False,Basic,0.125,0.375,28,1,1,1.0,1,1.0,13,3744.0,1,0,1,0,0,35.0,3.0,0
A-4437e4,2024-08-01,Cybersecurity,US,event,320,9,11609,143,49,0.778,True,2,False,True,False,True,Enterprise,0.444,0.222,33,0,10,0.0,0,0.0,0,0.0,0,1,0,0,0,37.0,3.0,0
A-44dc83,2024-08-01,EdTech,FR,other,81,1,456,24,24,0.0,False,0,False,False,False,False,Basic,0.0,0.0,21,1,4,0.25,1,0.25,13,4485.0,0,0,0,0,0,0.0,5.0,0
A-45ce7a,2024-08-01,FinTech,US,ads,375,5,4728,88,22,0.8,True,1,False,False,False,False,Basic,0.2,0.4,26,1,6,0.167,1,0.167,8,3656.0,1,0,0,0,0,0.0,4.0,0
A-462d45,2024-08-01,Cybersecurity,US,partner,199,8,16187,281,89,0.5,True,1,False,False,True,False,Pro,0.125,0.625,28,1,4,0.25,1,0.25,8,800.0,0,0,0,0,0,0.0,4.0,0
A-474ad4,2024-08-01,EdTech,US,organic,247,10,5365,161,53,0.5,True,2,False,False,False,False,Pro,0.1,0.5,6,4,6,0.667,3,0.6,37,4579.0,1,0,1,0,0,18.0,5.0,0
A-484819,2024-08-01,HealthTech,US,organic,527,7,17022,138,26,0.143,True,0,False,False,False,True,Enterprise,0.571,0.0,17,2,1,2.0,2,2.0,21,4879.0,0,0,0,0,0,0.0,4.0,0
A-49b828,2024-08-01,FinTech,IN,ads,454,10,25705,211,49,0.5,True,1,False,False,False,False,Enterprise,0.5,0.3,7,2,8,0.25,2,0.286,18,4833.0,0,0,0,0,0,0.0,4.0,0
A-4a267b,2024-08-01,FinTech,US,other,88,2,6246,54,29,0.5,False,0,False,False,False,False,Basic,0.5,0.0,0,3,1,3.0,3,3.0,37,5774.667,1,0,1,0,1,52.0,5.0,0
A-4a4c2d,2024-08-01,DevTools,US,event,457,10,29268,540,54,0.5,True,2,False,False,False,False,Basic,0.2,0.2,2,4,2,2.0,4,2.0,41,2341.5,1,0,1,0,0,54.0,4.0,0
A-4ae22a,2024-08-01,EdTech,US,other,84,2,6766,34,28,0.5,True,0,False,False,False,False,Enterprise,1.0,0.0,3,1,1,1.0,1,1.0,10,4280.0,0,0,0,0,0,0.0,3.0,0
A-4c38bc,2024-08-01,HealthTech,UK,event,145,10,22356,360,36,0.6,True,1,False,False,False,False,Basic,0.2,0.3,2,5,8,0.625,5,0.714,55,3554.2,0,1,0,0,0,66.0,4.0,0
A-4c56c9,2024-08-01,FinTech,US,partner,225,5,3868,63,18,0.4,True,1,False,False,False,False,Basic,0.2,0.2,6,2,3,0.667,2,0.667,17,2651.5,1,0,0,0,0,0.0,3.0,0
A-4c6f11,2024-08-01,FinTech,CA,organic,248,5,7586,134,35,0.6,True,0,False,False,True,False,Basic,0.2,0.2,16,2,2,1.0,2,1.0,24,5185.5,0,0,0,0,0,0.0,5.0,0
A-4d1e75,2024-08-01,DevTools,US,other,0,0,0,0,0,0.0,0,0,0,0,0,0,0,0.0,0.0,5,2,5,0.4,2,0.4,21,3205.5,0,1,0,0,0,3.0,4.0,0
A-4e0e85,2024-08-01,DevTools,US,organic,328,5,4544,76,38,0.6,True,1,False,False,False,False,Pro,0.4,0.6,25,1,3,0.333,1,0.333,8,1808.0,0,0,1,0,0,50.0,4.0,0
A-4e44e8,2024-08-01,DevTools,US,ads,0,0,0,0,0,0.0,0,0,0,0,0,0,0,0.0,0.0,2,1,12,0.083,1,0.083,10,1330.0,0,0,0,0,0,0.0,4.0,1
A-4e631b,2024-08-01,FinTech,US,other,138,3,12756,84,40,0.667,True,0,False,False,False,True,Enterprise,0.667,0.0,2,4,9,0.444,4,0.444,45,4230.5,1,0,0,0,0,0.0,4.0,0
A-4e960a,2024-08-01,FinTech,US,other,197,8,22310,199,71,0.375,True,2,True,False,False,False,Basic,0.5,0.0,2,1,4,0.25,1,0.25,13,7722.0,0,0,0,0,0,0.0,3.0,0
A-4ef964,2024-08-01,HealthTech,US,organic,147,4,8432,68,17,0.25,True,0,False,False,False,False,Enterprise,0.5,0.5,4,2,3,0.667,2,0.667,27,5735.5,1,0,0,0,0,0.0,3.0,0
A-4f18f0,2024-08-01,DevTools,CA,other,102,7,12816,169,25,0.571,True,1,False,False,True,False,Enterprise,0.429,0.286,12,1,3,0.333,1,0.333,4,1292.0,1,0,1,0,1,71.0,5.0,0
A-503d5a,2024-08-01,FinTech,US,other,285,9,5754,177,50,0.778,True,3,False,False,False,False,Basic,0.333,0.222,35,0,5,0.0,0,0.0,0,0.0,0,0,0,0,0,0.0,3.0,0
A-508199,2024-08-01,FinTech,AU,event,186,4,8436,84,27,0.25,True,0,False,False,False,False,Basic,0.5,0.0,8,1,2,0.5,1,0.5,11,4081.0,0,0,0,0,0,0.0,3.0,0
A-50bb9f,2024-08-01,Cybersecurity,US,organic,20,1,6965,35,35,1.0,False,0,False,False,False,False,Enterprise,1.0,0.0,46,0,3,0.0,0,0.0,0,0.0,0,0,0,0,0,0.0,3.0,0
A-50f3f7,2024-08-01,HealthTech,US,partner,223,10,17178,344,51,0.3,True,2,False,False,True,False,Pro,0.1,0.6,3,4,3,1.333,4,1.333,36,3541.75,1,0,0,0,0,0.0,5.0,0
A-51ec1b,2024-08-01,DevTools,US,ads,267,2,1602,18,11,0.5,False,0,False,False,False,False,Basic,0.5,0.0,0,1,4,0.25,1,0.333,11,5632.0,0,0,0,0,0,0.0,5.0,0
A-5247b3,2024-08-01,FinTech,UK,partner,142,7,8475,137,33,0.571,True,2,False,True,False,True,Basic,0.286,0.286,24,1,4,0.25,1,0.25,8,2904.0,1,1,0,0,1,57.0,4.0,0
A-526d93,2024-08-01,HealthTech,FR,organic,109,6,21270,266,49,0.5,True,2,False,False,False,False,Enterprise,0.5,0.333,5,2,4,0.5,2,0.5,20,465.0,0,0,0,0,0,0.0,4.0,1
A-52dd88,2024-08-01,Cybersecurity,US,ads,527,7,4839,164,26,0.429,True,1,False,False,False,False,Basic,0.0,0.429,11,3,4,0.75,3,0.5,23,2314.667,1,0,0,0,0,0.0,4.0,0
A-53f4e3,2024-08-01,Cybersecurity,UK,event,48,1,931,19,19,1.0,True,0,False,False,False,False,Pro,0.0,1.0,7,4,2,2.0,3,1.5,33,2948.5,1,0,1,0,0,50.0,3.0,0
A-544d0a,2024-08-01,DevTools,US,organic,91,4,3605,65,43,0.75,True,0,True,False,False,False,Pro,0.25,0.5,7,2,1,2.0,2,2.0,24,4393.0,1,0,0,0,0,0.0,3.0,0
A-54d94a,2024-08-01,Cybersecurity,IN,event,458,6,6752,240,55,0.5,True,1,False,False,False,False,Pro,0.167,0.5,7,4,5,0.8,4,1.0,45,3792.75,1,2,1,0,0,65.667,3.0,0
A-54ecc2,2024-08-01,Cybersecurity,US,partner,417,5,8431,83,34,0.6,True,1,False,False,False,False,Enterprise,0.6,0.2,4,4,3,1.333,4,1.333,49,3213.5,1,0,0,0,0,0.0,5.0,0
A-558c72,2024-08-01,FinTech,US,organic,427,6,8436,144,77,0.833,True,0,False,False,False,False,Basic,0.333,0.333,16,1,1,1.0,1,1.0,6,1026.0,0,0,1,0,1,71.0,4.0,0
A-55f257,2024-08-01,FinTech,US,organic,224,9,7958,167,38,0.333,True,3,False,False,False,True,Pro,0.222,0.556,12,3,3,1.0,2,0.5,25,2792.333,1,1,1,0,1,59.0,5.0,0
A-560d27,2024-08-01,DevTools,US,organic,88,4,31176,174,71,0.75,True,0,False,False,False,False,Enterprise,0.75,0.25,22,2,7,0.286,2,0.286,17,602.0,1,0,0,0,0,0.0,3.0,0
A-56962b,2024-08-01,EdTech,UK,partner,114,1,0,163,163,1.0,True,1,False,False,False,False,Pro,0.0,1.0,28,1,3,0.333,1,0.333,10,2310.0,1,0,0,0,0,0.0,3.0,1
A-58b9ff,2024-08-01,DevTools,IN,partner,62,5,986,42,25,0.4,True,2,False,False,False,False,Pro,0.4,0.6,20,1,5,0.2,1,0.167,14,4186.0,1,0,0,0,0,0.0,4.0,0
A-59f724,2024-08-01,HealthTech,US,other,272,10,9431,229,77,0.5,True,2,False,True,False,False,Pro,0.2,0.5,16,3,7,0.429,3,0.375,35,4717.667,1,0,1,0,1,19.0,4.0,0
A-5a184f,2024-08-01,DevTools,DE,other,409,8,19980,229,74,0.5,False,1,False,False,False,False,Basic,0.375,0.25,12,2,6,0.333,2,0.333,34,3486.333,1,0,0,0,0,0.0,4.0,0
A-5a215a,2024-08-01,EdTech,FR,other,209,11,66381,957,87,0.455,True,4,False,True,False,False,Pro,0.364,0.545,28,1,11,0.091,1,0.1,4,1556.0,1,0,1,0,0,18.0,3.0,0
A-5a3eb9,2024-08-01,DevTools,CA,other,347,8,13565,275,69,0.125,True,0,False,False,False,False,Pro,0.125,0.5,4,4,7,0.571,4,0.571,29,2697.75,1,0,0,0,0,0.0,4.0,0
A-5a92e7,2024-08-01,HealthTech,US,ads,51,6,4628,97,43,0.167,True,1,False,False,False,False,Pro,0.167,0.5,4,5,8,0.625,6,0.75,51,2788.5,1,0,0,0,0,0.0,5.0,0
A-5b051a,2024-08-01,Cybersecurity,US,event,0,0,0,0,0,0.0,0,0,0,0,0,0,0,0.0,0.0,13,1,0,0.0,1,0.0,13,1898.0,1,0,0,0,0,0.0,3.0,0
A-5b1bcd,2024-08-01,DevTools,US,organic,320,11,97090,803,73,0.364,True,1,False,False,False,False,Enterprise,0.545,0.273,6,2,7,0.286,2,0.286,17,1771.5,1,0,0,0,0,0.0,4.0,1
A-5b4ebb,2024-08-01,Cybersecurity,UK,other,22,2,950,50,29,1.0,False,0,False,False,False,False,Basic,0.0,0.0,0,4,2,2.0,4,2.0,40,3514.5,0,0,0,0,0,0.0,5.0,0
A-5c046d,2024-08-01,EdTech,FR,partner,26,1,4557,93,93,0.0,False,0,False,False,False,False,Pro,0.0,1.0,40,0,6,0.0,0,0.0,0,0.0,0,0,0,0,0,0.0,3.0,0
A-5ed98d,2024-08-01,DevTools,US,partner,40,2,9552,48,24,0.0,False,0,False,False,False,False,Enterprise,1.0,0.0,9,1,2,0.5,1,0.5,5,2520.0,1,0,0,0,0,0.0,5.0,0
A-600734,2024-08-01,DevTools,US,organic,261,8,13598,242,39,0.5,True,0,False,False,False,True,Pro,0.125,0.5,1,5,7,0.714,6,0.857,57,2980.833,1,0,0,0,0,0.0,4.0,0
A-659280,2024-08-01,FinTech,IN,event,258,9,21127,193,47,0.556,True,0,False,False,False,False,Enterprise,0.444,0.222,30,1,3,0.333,1,0.333,13,2717.0,0,0,1,0,0,6.0,4.0,0
A-65a46c,2024-08-01,HealthTech,US,event,271,5,20323,187,78,0.8,False,0,False,False,False,False,Basic,0.4,0.2,1,3,4,0.75,4,1.0,39,2738.5,1,0,1,0,1,3.0,3.0,0
A-65aeb5,2024-08-01,DevTools,US,partner,189,5,16731,108,63,0.8,True,1,False,False,True,False,Enterprise,0.6,0.2,0,3,4,0.75,3,0.75,27,1203.333,1,0,0,0,0,0.0,5.0,0
A-65c341,2024-08-01,FinTech,US,ads,219,3,23718,132,84,0.333,False,0,False,False,False,False,Enterprise,0.667,0.333,28,1,5,0.2,1,0.167,13,4680.0,0,0,1,0,0,2.0,4.0,0
A-67be94,2024-08-01,EdTech,US,organic,485,6,20656,244,62,0.667,True,0,False,False,False,False,Basic,0.333,0.0,2,1,4,0.25,1,0.25,13,2067.0,0,0,1,0,0,14.0,5.0,0
A-684255,2024-08-01,FinTech,US,ads,109,7,3866,118,32,0.286,True,1,False,False,False,True,Pro,0.143,0.571,13,2,3,0.667,2,0.667,15,3266.0,1,1,0,1,0,17.0,4.0,0
A-68f37c,2024-08-01,HealthTech,US,ads,383,11,31474,379,121,0.636,True,2,False,False,False,False,Basic,0.273,0.273,0,5,8,0.625,5,0.625,49,3997.6,1,0,0,0,0,0.0,4.0,0
A-692f18,2024-08-01,EdTech,US,other,126,9,19035,170,50,0.556,True,1,False,False,False,True,Pro,0.333,0.667,4,4,3,1.333,4,1.333,32,3718.75,1,1,0,0,0,55.0,5.0,0
A-69b156,2024-08-01,EdTech,US,other,254,4,9895,55,28,0.5,True,0,False,False,False,False,Enterprise,0.75,0.25,28,1,5,0.2,1,0.2,11,638.0,1,1,1,0,0,56.0,5.0,0
A-69fad4,2024-08-01,FinTech,UK,ads,483,7,8721,112,35,0.571,True,1,False,False,False,False,Basic,0.429,0.143,10,2,1,2.0,2,2.0,21,3293.5,1,1,0,0,0,46.0,3.0,0
A-6a4e2d,2024-08-01,EdTech,UK,partner,482,9,9214,222,56,0.444,True,1,False,False,False,False,Basic,0.222,0.222,3,3,7,0.429,3,0.375,32,3464.667,0,0,0,0,0,0.0,4.0,0
A-6c093d,2024-08-01,DevTools,US,partner,475,9,15728,214,62,0.444,True,1,False,False,False,True,Basic,0.222,0.222,16,1,1,1.0,1,1.0,8,3400.0,0,1,1,0,0,31.5,5.0,0
A-6da850,2024-08-01,FinTech,IN,organic,299,9,11314,164,37,0.667,True,2,False,False,False,False,Basic,0.333,0.222,3,1,4,0.25,1,0.25,15,570.0,0,0,0,0,0,0.0,4.0,0
A-6dee43,2024-08-01,FinTech,UK,other,355,9,20075,209,80,0.333,True,1,False,False,False,False,Basic,0.333,0.222,41,0,3,0.0,0,0.0,0,0.0,0,1,0,0,1,69.0,5.0,0
A-6e08f3,2024-08-01,Cybersecurity,US,event,521,7,11489,113,24,0.857,True,2,True,False,False,False,Enterprise,0.571,0.286,77,0,1,0.0,0,0.0,0,0.0,0,0,0,0,0,0.0,3.0,0
A-6e7827,2024-08-01,DevTools,US,other,494,6,2872,58,35,0.667,True,0,False,False,False,False,Pro,0.167,0.667,1,3,3,1.0,3,1.0,33,2667.333,1,0,0,0,0,0.0,0.0,0
A-6f50ae,2024-08-01,FinTech,US,partner,315,11,18115,243,50,0.364,True,2,False,False,False,False,Basic,0.273,0.364,10,1,6,0.167,1,0.167,8,48.0,0,0,0,0,0,0.0,5.0,0
A-6f8ad2,2024-08-01,EdTech,IN,organic,23,1,0,29,29,1.0,True,1,False,False,False,False,Basic,0.0,0.0,0,6,5,1.2,6,1.2,65,3225.167,1,0,0,0,0,0.0,4.0,0
A-702032,2024-08-01,HealthTech,US,ads,303,2,5572,56,28,0.5,True,1,False,False,False,False,Basic,0.5,0.0,9,1,2,0.5,1,0.5,6,306.0,0,2,0,0,0,8.0,3.0,0
A-712533,2024-08-01,EdTech,US,organic,367,7,9268,175,45,0.429,False,2,False,False,False,False,Basic,0.429,0.143,1,2,4,0.5,2,0.5,22,2828.0,1,0,1,0,0,40.0,5.0,0
A-712f1c,2024-08-01,DevTools,US,ads,229,9,33970,308,75,0.556,True,1,False,False,False,True,Enterprise,0.444,0.333,8,2,2,1.0,2,1.0,20,4774.0,1,0,0,0,0,0.0,4.0,0
A-71615e,2024-08-01,EdTech,US,organic,75,3,6255,45,15,0.333,False,0,False,False,False,False,Enterprise,0.667,0.0,16,3,4,0.75,3,0.75,39,5061.667,0,0,0,0,0,0.0,4.0,0
A-716841,2024-08-01,FinTech,US,other,87,3,5264,251,161,0.333,False,1,False,False,False,False,Basic,0.333,0.333,0,3,4,0.75,3,1.0,29,2402.667,1,0,0,0,0,0.0,4.0,0
A-726cfa,2024-08-01,DevTools,US,partner,397,13,14946,245,33,0.385,True,1,False,False,False,False,Pro,0.231,0.462,5,3,7,0.429,2,0.286,38,2681.667,1,0,0,0,0,0.0,4.0,1
A-72799b,2024-08-01,DevTools,FR,event,262,7,10346,154,34,0.571,True,1,False,False,False,False,Basic,0.429,0.143,4,3,7,0.429,3,0.375,25,1515.333,1,0,0,0,0,0.0,4.0,0
A-751bd4,2024-08-01,Cybersecurity,UK,partner,20,0,0,0,0,0.0,0,0,0,0,0,0,0,0.0,0.0,17,1,1,1.0,1,1.0,13,7397.0,0,0,0,0,0,0.0,5.0,0
A-751c58,2024-08-01,FinTech,UK,organic,14,1,2985,15,15,0.0,True,0,False,False,False,False,Enterprise,1.0,0.0,2,4,8,0.5,3,0.429,40,4362.75,0,0,0,0,0,0.0,4.0,0
A-756192,2024-08-01,FinTech,IN,other,417,5,17448,121,39,0.8,True,1,False,False,False,False,Enterprise,0.6,0.4,5,3,5,0.6,3,0.6,25,1904.333,0,0,1,0,0,36.0,3.0,0
A-7641d3,2024-08-01,EdTech,US,partner,532,8,8097,150,76,0.875,True,2,False,False,False,False,Pro,0.375,0.5,21,4,3,1.333,4,1.333,38,2910.25,0,0,0,0,0,0.0,5.0,0
A-779e4e,2024-08-01,HealthTech,US,organic,577,8,25858,172,58,0.375,True,0,False,False,False,False,Enterprise,0.5,0.375,4,4,1,4.0,3,3.0,43,3978.5,1,0,0,0,0,0.0,5.0,0
A-7920cc,2024-08-01,Cybersecurity,FR,ads,252,12,33795,494,54,0.5,False,2,False,False,False,False,Basic,0.25,0.25,0,2,4,0.5,2,0.5,13,1448.0,1,0,0,0,0,0.0,3.0,0
A-794a0b,2024-08-01,HealthTech,DE,organic,426,7,10575,181,35,0.571,True,2,False,False,False,False,Pro,0.143,0.714,4,1,5,0.2,1,0.2,8,3000.0,1,0,0,0,0,0.0,0.0,0
A-7988d1,2024-08-01,Cybersecurity,US,other,225,4,1881,132,33,0.25,False,1,False,False,False,False,Basic,0.0,0.0,19,1,4,0.25,1,0.25,3,231.0,0,0,0,0,0,0.0,5.0,0
A-798a3f,2024-08-01,DevTools,FR,other,287,6,6391,121,42,0.333,True,1,False,False,False,False,Basic,0.5,0.0,59,0,2,0.0,0,0.0,0,0.0,0,0,1,0,0,10.0,5.0,0
A-7a0d69,2024-08-01,DevTools,DE,ads,47,2,0,44,40,0.5,True,2,False,False,False,False,Basic,0.0,0.5,12,2,6,0.333,2,0.4,20,2220.5,1,1,0,0,1,36.0,5.0,0
A-7c4956,2024-08-01,DevTools,US,ads,453,6,1702,88,51,0.667,True,2,False,False,False,False,Basic,0.167,0.167,10,1,3,0.333,1,0.25,13,4706.0,0,0,1,0,0,11.0,4.0,0
A-7c5768,2024-08-01,HealthTech,UK,event,152,3,1204,16,8,0.667,True,0,False,False,False,False,Basic,0.333,0.0,1,2,4,0.5,2,0.5,26,2354.0,0,0,0,0,0,0.0,5.0,0
A-7c83a1,2024-08-01,Cybersecurity,US,partner,87,6,14511,129,48,0.667,True,0,False,False,False,False,Enterprise,0.5,0.333,6,2,8,0.25,2,0.222,20,4347.0,1,0,0,0,0,0.0,5.0,0
A-7cfe77,2024-08-01,DevTools,US,ads,22,1,3381,69,69,0.0,False,0,True,False,False,False,Pro,0.0,1.0,121,0,0,0.0,0,0.0,0,0.0,0,0,1,0,0,28.0,3.0,0
A-7d514c,2024-08-01,HealthTech,DE,organic,180,5,16479,128,43,1.0,False,1,False,False,False,False,Enterprise,0.6,0.2,21,2,6,0.333,2,0.333,28,4053.0,1,0,0,0,0,0.0,5.0,0
A-7da956,2024-08-01,Cybersecurity,US,event,60,4,884,65,26,0.5,True,2,False,False,False,True,Basic,0.25,0.25,4,3,2,1.5,3,1.0,35,1841.0,1,1,0,0,1,21.0,5.0,0
A-7df7a7,2024-08-01,DevTools,US,organic,551,12,21062,242,85,0.667,True,2,False,False,True,False,Enterprise,0.5,0.333,7,5,7,0.714,4,0.571,40,1633.8,1,0,0,0,0,0.0,3.0,0
A-7e0a10,2024-08-01,FinTech,US,ads,257,9,27186,414,46,0.667,True,0,False,False,False,False,Basic,0.222,0.222,2,4,1,4.0,4,4.0,37,3591.5,1,0,0,0,0,0.0,3.0,0
A-7f4db3,2024-08-01,FinTech,US,other,515,9,14047,142,45,0.444,True,1,False,False,False,False,Pro,0.333,0.556,5,5,4,1.25,5,1.25,54,4667.6,1,0,2,1,0,18.5,3.0,0
A-7f6b86,2024-08-01,HealthTech,US,partner,343,6,6806,284,59,0.333,True,2,False,False,False,True,Pro,0.0,0.667,21,3,2,1.5,3,1.5,39,4253.333,1,1,0,0,0,2.0,3.0,0
A-7f8241,2024-08-01,EdTech,US,organic,506,12,30438,436,60,0.5,True,1,False,False,False,False,Basic,0.333,0.333,6,3,3,1.0,3,1.0,18,2052.0,1,0,0,0,0,0.0,3.0,0
A-80eeb6,2024-08-01,Cybersecurity,UK,organic,450,10,60877,403,89,0.8,False,0,False,False,False,False,Enterprise,0.6,0.1,9,3,5,0.6,3,0.6,30,5427.333,0,0,0,0,0,0.0,3.0,0
A-812c5b,2024-08-01,DevTools,CA,organic,158,6,10110,405,130,1.0,False,3,False,False,False,False,Pro,0.167,0.5,7,4,9,0.444,4,0.5,31,3099.5,1,0,0,0,0,0.0,4.0,0
A-8145a0,2024-08-01,Cybersecurity,AU,partner,464,9,14359,158,44,0.556,True,1,False,False,False,False,Enterprise,0.667,0.0,3,5,7,0.714,5,0.714,48,3074.0,0,0,0,0,0,0.0,3.0,0
A-81edc3,2024-08-01,Cybersecurity,IN,ads,276,8,6170,117,41,0.875,True,1,False,False,False,True,Pro,0.375,0.5,1,2,5,0.4,3,0.6,31,4450.0,1,0,1,0,0,60.0,5.0,0
A-82861f,2024-08-01,DevTools,UK,organic,98,6,24527,263,53,0.667,True,0,False,False,False,False,Basic,0.333,0.333,0,2,5,0.4,2,0.4,16,2384.0,1,0,0,0,0,0.0,4.0,0
A-832ec2,2024-08-01,FinTech,UK,event,256,6,4921,104,31,0.667,True,1,False,True,False,True,Basic,0.167,0.0,16,1,4,0.25,1,0.25,10,4990.0,0,1,0,0,0,54.0,4.0,0
A-84ebe4,2024-08-01,FinTech,US,ads,508,9,11875,245,82,0.333,True,2,False,False,False,False,Enterprise,0.444,0.333,16,4,4,1.0,4,1.0,38,4010.75,1,0,0,0,0,0.0,4.0,0
A-855a48,2024-08-01,EdTech,US,partner,223,8,30376,214,60,0.375,True,0,False,False,False,False,Enterprise,0.5,0.125,12,3,2,1.5,3,1.5,30,4894.667,0,1,1,0,1,51.5,3.0,1
A-856b1e,2024-08-01,FinTech,US,partner,275,5,6321,129,36,1.0,True,0,False,False,False,False,Pro,0.0,1.0,7,1,1,1.0,1,1.0,10,580.0,1,0,0,0,0,0.0,4.0,0
A-86902e,2024-08-01,HealthTech,IN,other,457,8,28629,299,61,0.625,True,2,False,False,False,False,Basic,0.375,0.25,9,3,5,0.6,3,0.6,24,2713.333,1,0,2,0,1,18.5,5.0,0
A-86fc1d,2024-08-01,DevTools,UK,partner,6,0,0,0,0,0.0,0,0,0,0,0,0,0,0.0,0.0,3,1,3,0.333,1,0.333,7,2842.0,1,0,0,0,0,0.0,3.0,1
A-87aa7b,2024-08-01,HealthTech,US,organic,77,7,7091,229,56,0.714,True,1,False,True,True,False,Pro,0.143,0.714,1,2,9,0.222,2,0.222,28,2991.5,1,0,0,0,0,0.0,4.0,0
A-883b7d,2024-08-01,Cybersecurity,IN,other,126,6,11003,217,53,0.667,True,1,False,False,False,False,Pro,0.333,0.5,8,2,7,0.286,2,0.25,20,3435.0,1,0,1,1,0,15.0,3.0,0
A-8adedc,2024-08-01,EdTech,US,event,172,12,24578,284,79,0.333,True,3,False,False,False,False,Enterprise,0.583,0.083,3,1,3,0.333,1,0.333,18,3924.0,1,0,0,0,0,0.0,4.0,0
A-8ae05d,2024-08-01,FinTech,IN,other,117,3,3268,258,86,0.667,True,1,False,False,False,False,Basic,0.0,0.0,73,0,1,0.0,0,0.0,0,0.0,0,0,0,0,0,0.0,4.0,1
A-8ae3fc,2024-08-01,DevTools,CA,ads,34,1,589,31,31,0.0,False,0,False,False,False,False,Basic,0.0,0.0,77,0,2,0.0,0,0.0,0,0.0,0,0,0,0,0,0.0,4.0,1
A-8b25f2,2024-08-01,Cybersecurity,US,ads,166,6,3176,64,20,0.833,False,1,False,False,False,False,Basic,0.333,0.333,14,1,3,0.333,1,0.333,12,6516.0,1,0,0,0,0,0.0,3.0,0
A-8e47ca,2024-08-01,HealthTech,US,organic,168,7,19364,146,31,0.571,True,0,False,False,False,False,Enterprise,0.571,0.143,2,4,2,2.0,4,2.0,35,1825.25,0,0,0,0,0,0.0,3.0,0
A-8ed5dd,2024-08-01,EdTech,UK,event,399,8,10894,106,46,0.375,True,0,False,False,False,False,Enterprise,0.375,0.375,35,0,5,0.0,0,0.0,0,0.0,0,0,2,0,0,45.5,3.0,0
A-9077b0,2024-08-01,HealthTech,US,ads,0,0,0,0,0,0.0,0,0,0,0,0,0,0,0.0,0.0,0,2,5,0.4,2,0.333,26,4510.0,1,0,0,0,0,0.0,5.0,0
A-90a8c8,2024-08-01,FinTech,AU,organic,0,0,0,0,0,0.0,0,0,0,0,0,0,0,0.0,0.0,0,1,0,0.0,2,0.0,22,4832.0,1,0,0,0,0,0.0,3.0,1
A-9123ac,2024-08-01,Cybersecurity,DE,organic,408,5,9179,86,42,0.6,False,1,False,False,True,False,Basic,0.4,0.2,46,0,2,0.0,0,0.0,0,0.0,0,0,0,0,0,0.0,5.0,0
A-91e948,2024-08-01,EdTech,AU,partner,550,6,13735,246,41,0.833,False,1,False,True,False,False,Basic,0.167,0.333,47,0,3,0.0,0,0.0,0,0.0,0,0,0,0,0,0.0,0.0,0
A-9208f0,2024-08-01,EdTech,US,organic,448,7,3511,136,49,0.571,True,2,False,False,False,False,Basic,0.286,0.286,16,1,7,0.143,1,0.1,12,1308.0,1,0,0,0,0,0.0,4.0,0
A-922109,2024-08-01,Cybersecurity,US,ads,188,6,12124,166,72,0.5,True,0,False,False,False,False,Pro,0.167,0.667,0,4,8,0.5,5,0.714,60,5217.6,0,0,0,0,0,0.0,3.0,1
A-9289f6,2024-08-01,EdTech,US,event,428,7,8192,180,81,0.429,False,1,False,False,False,False,Basic,0.286,0.286,12,5,4,1.25,5,1.25,46,2585.0,1,0,0,0,0,0.0,3.0,0
A-92a333,2024-08-01,FinTech,US,event,496,6,10659,141,67,0.5,False,0,False,False,False,False,Basic,0.333,0.167,11,1,0,0.0,1,0.0,3,696.0,1,0,1,1,0,44.0,4.0,0
A-92a3af,2024-08-01,Cybersecurity,IN,organic,25,2,2891,59,34,0.5,True,0,False,False,False,False,Pro,0.0,1.0,17,4,3,1.333,4,1.333,36,3147.0,1,0,1,0,0,31.0,3.0,0
A-940b8b,2024-08-01,HealthTech,DE,organic,135,5,8807,158,56,0.2,True,1,False,False,False,False,Basic,0.4,0.2,9,1,2,0.5,1,0.5,9,783.0,1,0,0,0,0,0.0,3.0,0
A-94c3cd,2024-08-01,FinTech,CA,other,316,2,1813,69,37,0.0,True,1,False,False,False,False,Enterprise,0.5,0.5,23,1,3,0.333,1,0.333,11,1881.0,0,0,0,0,0,0.0,4.0,0
A-94d3da,2024-08-01,HealthTech,US,other,456,9,13735,369,41,0.444,True,4,False,False,False,False,Pro,0.111,0.556,11,2,1,2.0,2,2.0,17,2880.5,0,0,1,0,0,36.0,3.0,0
A-94f8c9,2024-08-01,HealthTech,US,other,125,7,7217,169,74,0.429,True,3,False,False,False,True,Enterprise,0.571,0.143,0,2,6,0.333,2,0.333,16,1192.0,1,0,0,0,0,0.0,5.0,0
A-95b24a,2024-08-01,FinTech,US,event,422,9,24312,356,47,0.444,True,1,False,False,True,True,Basic,0.333,0.333,13,1,3,0.333,1,0.333,10,4890.0,1,0,0,0,0,0.0,5.0,0
A-96bbc6,2024-08-01,Cybersecurity,US,organic,86,3,11583,117,39,0.667,False,0,False,False,False,True,Pro,0.333,0.667,42,0,3,0.0,0,0.0,0,0.0,0,0,0,0,0,0.0,3.0,0
A-96e141,2024-08-01,DevTools,UK,partner,355,4,5432,108,40,0.75,False,1,False,False,False,False,Enterprise,0.5,0.5,7,2,7,0.286,2,0.286,21,1669.5,0,0,0,0,0,0.0,5.0,0
A-970c97,2024-08-01,HealthTech,DE,other,153,4,11830,70,28,0.75,True,0,False,False,False,False,Enterprise,0.75,0.25,27,1,3,0.333,1,0.25,8,3208.0,0,0,0,0,0,0.0,5.0,0
A-9779ad,2024-08-01,Cybersecurity,AU,event,125,5,31840,200,40,0.4,True,1,False,False,False,False,Enterprise,0.8,0.2,8,2,2,1.0,2,1.0,14,1373.5,0,0,0,0,0,0.0,4.0,1
A-977ca0,2024-08-01,HealthTech,IN,partner,528,14,27654,348,92,0.714,True,4,False,True,False,False,Pro,0.214,0.429,1,2,5,0.4,2,0.5,23,3697.5,0,0,0,0,0,0.0,4.0,0
A-98a59a,2024-08-01,FinTech,UK,partner,363,7,11424,484,148,0.571,True,1,True,False,False,False,Pro,0.0,0.571,5,5,6,0.833,5,0.833,54,3959.0,0,0,0,0,0,0.0,4.0,0
A-993085,2024-08-01,HealthTech,US,ads,427,10,34854,337,49,0.5,True,1,False,False,False,True,Enterprise,0.5,0.2,1,3,4,0.75,3,0.75,29,4358.0,0,0,1,0,0,31.0,4.0,0
A-9a532a,2024-08-01,HealthTech,US,partner,26,0,0,0,0,0.0,0,0,0,0,0,0,0,0.0,0.0,11,1,2,0.5,1,0.5,16,6288.0,0,0,0,0,0,0.0,4.0,0
A-9affe6,2024-08-01,Cybersecurity,US,other,498,9,9167,173,56,0.556,True,0,False,False,False,True,Basic,0.333,0.333,1,3,1,3.0,4,4.0,40,3500.0,1,0,0,0,0,0.0,3.0,0
A-9b9fe9,2024-08-01,EdTech,AU,other,308,7,3690,76,24,0.571,True,2,False,False,False,False,Pro,0.143,0.714,10,5,4,1.25,5,1.0,48,2798.6,1,1,0,0,1,33.0,3.0,0
A-9badbd,2024-08-01,Cybersecurity,DE,ads,43,2,6502,58,30,0.5,True,0,False,False,False,False,Basic,0.5,0.0,1,7,3,2.333,7,2.333,79,3173.143,0,0,0,0,0,0.0,5.0,0
A-9bfc9f,2024-08-01,DevTools,CA,ads,322,9,15342,484,60,0.556,True,2,True,True,False,False,Pro,0.0,0.778,25,1,2,0.5,1,0.5,12,3180.0,0,0,0,0,0,0.0,3.0,0
A-9c18c4,2024-08-01,HealthTech,US,ads,371,8,13445,106,19,0.5,True,1,False,False,False,False,Enterprise,0.625,0.25,1,3,6,0.5,3,0.5,36,4136.667,1,0,0,0,0,0.0,5.0,0
A-9ee962,2024-08-01,HealthTech,US,ads,520,9,9420,138,30,0.444,True,2,False,False,False,False,Basic,0.111,0.333,14,1,9,0.111,1,0.1,15,6510.0,0,0,1,0,0,39.0,4.0,0
A-9f0b68,2024-08-01,EdTech,US,ads,95,3,8975,65,33,0.333,True,0,False,False,False,False,Enterprise,0.667,0.0,0,6,8,0.75,6,0.75,63,1974.5,1,0,1,0,1,4.0,3.0,1
A-9f9299,2024-08-01,FinTech,US,organic,334,9,26824,256,32,0.556,True,0,False,False,False,False,Enterprise,0.444,0.222,3,6,5,1.2,6,1.2,61,3233.667,1,0,0,0,0,0.0,4.0,0
A-a09355,2024-08-01,FinTech,US,organic,0,0,0,0,0,0.0,0,0,0,0,0,0,0,0.0,0.0,6,3,11,0.273,3,0.273,40,3591.0,1,0,1,0,1,18.0,3.0,0
A-a0ca4e,2024-08-01,Cybersecurity,US,ads,146,3,2806,34,12,0.0,True,0,False,False,False,False,Basic,0.333,0.0,0,3,2,1.5,3,1.0,23,1974.333,1,0,0,0,0,0.0,5.0,0
A-a1b80b,2024-08-01,HealthTech,US,organic,248,10,23469,253,52,0.4,True,1,False,False,False,True,Enterprise,0.5,0.1,22,1,4,0.25,1,0.25,9,45.0,0,1,0,0,0,36.0,5.0,0
A-a1bbb6,2024-08-01,DevTools,CA,organic,484,7,14402,98,28,0.714,True,0,False,False,False,False,Enterprise,0.571,0.429,7,1,4,0.25,1,0.25,12,4896.0,0,0,0,0,0,0.0,4.0,0
A-a2485e,2024-08-01,FinTech,US,event,0,0,0,0,0,0.0,0,0,0,0,0,0,0,0.0,0.0,8,1,2,0.5,1,0.5,10,3500.0,1,0,0,0,0,0.0,0.0,0
A-a45270,2024-08-01,HealthTech,US,ads,38,3,11542,58,25,0.333,True,0,False,False,False,False,Enterprise,1.0,0.0,0,4,8,0.5,4,0.5,37,649.25,1,0,0,0,0,0.0,4.0,0
A-a6d261,2024-08-01,FinTech,CA,other,246,11,31297,262,103,0.727,True,1,False,False,False,False,Enterprise,0.455,0.182,2,3,4,0.75,3,0.6,32,4388.0,1,0,0,0,0,0.0,5.0,0
A-a7bd4b,2024-08-01,Cybersecurity,US,ads,533,9,5755,165,51,0.333,True,2,False,False,False,True,Pro,0.222,0.556,27,1,2,0.5,1,0.5,8,1976.0,0,0,1,0,0,42.0,3.0,0
A-a865bd,2024-08-01,Cybersecurity,US,organic,317,4,18278,182,68,0.5,True,0,False,False,False,False,Enterprise,0.5,0.25,177,0,0,0.0,0,0.0,0,0.0,0,0,1,0,1,21.0,4.0,0
A-a8b49c,2024-08-01,Cybersecurity,UK,partner,300,9,4458,137,30,0.556,True,2,False,False,False,False,Basic,0.111,0.444,22,2,5,0.4,2,0.333,24,4552.0,1,0,0,0,0,0.0,4.0,0
A-a8d89d,2024-08-01,EdTech,US,ads,237,5,19707,153,78,0.8,True,0,False,False,False,False,Basic,0.4,0.2,6,3,5,0.6,3,0.6,36,3248.0,1,0,0,0,0,0.0,5.0,1
A-aa9511,2024-08-01,DevTools,US,other,296,9,38842,291,97,0.556,True,1,False,False,False,False,Enterprise,0.556,0.333,26,2,5,0.4,2,0.4,19,2109.5,1,0,0,0,0,0.0,4.0,0
A-ac14bb,2024-08-01,FinTech,US,partner,328,8,27746,250,71,0.5,True,1,False,True,False,False,Basic,0.375,0.25,8,2,4,0.5,2,0.5,19,1245.5,1,0,1,0,0,28.0,4.0,1
A-ac85cd,2024-08-01,EdTech,US,partner,1,0,0,0,0,0.0,0,0,0,0,0,0,0,0.0,0.0,6,1,4,0.25,1,0.25,5,620.0,1,1,0,0,0,23.0,3.0,0
A-ac9111,2024-08-01,HealthTech,US,event,355,8,9541,225,56,0.5,True,1,False,False,False,False,Basic,0.25,0.375,11,2,8,0.25,2,0.25,20,876.0,1,0,1,0,1,40.0,5.0,0
A-acb7f7,2024-08-01,EdTech,US,ads,208,8,29790,272,41,0.625,True,1,False,False,False,False,Enterprise,0.5,0.375,0,3,3,1.0,3,1.5,26,2199.667,0,0,0,0,0,0.0,3.0,0
A-ad296b,2024-08-01,DevTools,AU,event,17,2,722,76,38,0.0,False,1,False,False,False,False,Basic,0.0,0.5,93,0,0,0.0,0,0.0,0,0.0,0,0,0,0,0,0.0,3.0,0
A-ad3abd,2024-08-01,FinTech,US,event,517,6,14740,264,44,0.5,True,1,False,False,False,False,Basic,0.167,0.333,22,2,3,0.667,2,1.0,18,3410.0,0,0,0,0,0,0.0,3.0,0
A-ad64c6,2024-08-01,DevTools,UK,event,160,3,7960,94,54,0.667,True,1,False,False,False,False,Enterprise,0.667,0.0,37,0,3,0.0,0,0.0,0,0.0,0,1,0,0,0,68.0,5.0,0
A-adc1f3,2024-08-01,Cybersecurity,US,organic,0,0,0,0,0,0.0,0,0,0,0,0,0,0,0.0,0.0,7,2,6,0.333,2,0.333,19,3131.0,1,0,0,0,0,0.0,4.0,0
A-ae052e,2024-08-01,FinTech,CA,other,325,2,1911,78,39,1.0,False,1,False,False,False,False,Pro,0.0,1.0,66,0,2,0.0,0,0.0,0,0.0,0,0,0,0,0,0.0,3.0,0
A-af0cd2,2024-08-01,Cybersecurity,IN,other,576,8,5016,163,30,0.5,True,1,False,False,False,False,Basic,0.0,0.5,28,2,6,0.333,2,0.286,22,1041.0,0,0,1,0,0,36.0,4.0,0
A-afa505,2024-08-01,DevTools,US,partner,218,6,48650,420,70,0.667,True,1,False,False,False,False,Enterprise,0.5,0.5,4,2,5,0.4,2,0.4,15,2685.0,0,0,1,1,1,57.0,3.0,0
A-b11cd0,2024-08-01,DevTools,US,ads,559,6,4806,166,36,0.667,False,2,False,False,False,False,Basic,0.0,0.5,28,1,3,0.333,1,0.333,5,2855.0,0,0,0,0,0,0.0,5.0,0
A-b20d99,2024-08-01,HealthTech,IN,other,309,4,5386,94,34,0.25,True,0,False,False,False,False,Basic,0.25,0.0,39,0,6,0.0,0,0.0,0,0.0,0,0,0,0,0,0.0,4.0,0
A-b2225d,2024-08-01,FinTech,US,ads,146,4,10246,188,47,0.0,True,2,False,False,False,False,Enterprise,0.75,0.0,7,4,6,0.667,4,0.667,40,4065.25,1,1,0,0,0,60.0,3.0,0
A-b2af2e,2024-08-01,Cybersecurity,UK,event,0,0,0,0,0,0.0,0,0,0,0,0,0,0,0.0,0.0,1,1,0,0.0,1,0.0,12,5964.0,0,0,0,0,0,0.0,4.0,0
A-b30291,2024-08-01,HealthTech,US,event,118,5,4351,49,18,0.8,False,0,False,False,False,False,Basic,0.2,0.2,1,3,4,0.75,3,0.75,40,3811.667,1,0,0,0,0,0.0,4.0,0
A-b3fe05,2024-08-01,Cybersecurity,CA,partner,65,1,0,11,11,0.0,False,1,False,False,False,False,Pro,0.0,1.0,4,3,3,1.0,3,1.0,30,2239.0,0,0,0,0,0,0.0,3.0,0
A-b44e3e,2024-08-01,Cybersecurity,UK,ads,171,6,35561,279,79,0.333,True,1,False,False,False,False,Enterprise,0.5,0.5,18,2,5,0.4,2,0.4,15,1107.5,0,0,1,0,0,71.0,4.0,0
A-b7724f,2024-08-01,HealthTech,UK,organic,492,3,1064,56,33,0.667,False,0,False,False,False,False,Basic,0.0,0.0,37,0,8,0.0,0,0.0,0,0.0,0,1,0,0,0,43.0,3.0,0
A-b7b7b7,2024-08-01,FinTech,US,event,32,2,2352,48,24,0.0,False,0,False,False,False,False,Pro,0.0,1.0,1,3,5,0.6,3,0.6,23,2278.0,1,0,1,0,0,9.0,5.0,0
A-b7ef83,2024-08-01,Cybersecurity,UK,partner,64,6,11881,139,43,0.333,True,0,False,False,False,False,Enterprise,0.5,0.167,11,3,4,0.75,3,0.75,31,4333.333,1,0,0,0,0,0.0,4.0,0
A-b9eed8,2024-08-01,Cybersecurity,US,organic,160,5,4958,62,15,0.4,True,0,True,False,True,False,Pro,0.2,0.6,15,1,4,0.25,1,0.25,13,6890.0,1,0,0,0,0,0.0,3.0,0
A-b9f5b1,2024-08-01,Cybersecurity,US,other,555,5,3270,126,42,0.2,True,3,False,False,False,False,Enterprise,0.8,0.0,39,0,3,0.0,0,0.0,0,0.0,0,0,0,0,0,0.0,3.0,0
A-ba6516,2024-08-01,FinTech,US,ads,277,9,21170,282,55,0.556,True,2,False,False,False,False,Basic,0.333,0.222,3,4,3,1.333,4,1.0,55,2616.4,1,0,2,0,1,37.5,4.0,0
A-bad8c1,2024-08-01,FinTech,AU,organic,519,7,7797,223,60,0.857,False,2,False,False,False,False,Pro,0.286,0.429,35,0,5,0.0,0,0.0,0,0.0,0,0,0,0,0,0.0,4.0,0
A-bb1eaa,2024-08-01,Cybersecurity,US,organic,51,3,4977,63,21,0.667,False,0,True,False,False,False,Basic,0.333,0.0,68,0,1,0.0,0,0.0,0,0.0,0,0,2,0,1,12.5,4.0,1
A-bb2f49,2024-08-01,Cybersecurity,US,other,431,7,17615,193,68,0.571,False,1,False,False,False,False,Pro,0.286,0.714,12,2,4,0.5,2,0.5,22,3954.0,1,0,0,0,0,0.0,4.0,0
A-bb3bd4,2024-08-01,HealthTech,US,ads,187,3,6141,69,23,0.0,False,0,False,False,False,False,Basic,0.333,0.333,10,2,1,2.0,2,2.0,23,1225.5,1,0,0,0,0,0.0,4.0,0
A-bbc346,2024-08-01,FinTech,US,partner,0,0,0,0,0,0.0,0,0,0,0,0,0,0,0.0,0.0,16,1,2,0.5,1,0.333,12,2496.0,0,0,0,0,0,0.0,4.0,0
A-bbe56f,2024-08-01,HealthTech,US,ads,532,4,5607,84,21,0.25,False,1,False,False,False,False,Basic,0.25,0.25,2,1,1,1.0,1,1.0,13,2509.0,0,1,1,0,0,27.5,3.0,0
A-bc4d48,2024-08-01,EdTech,US,ads,50,4,3045,140,35,0.5,True,1,False,True,False,False,Basic,0.0,0.5,17,1,4,0.25,1,0.2,17,476.0,0,0,0,0,0,0.0,3.0,0
A-bcbe98,2024-08-01,Cybersecurity,US,other,3,1,874,46,46,1.0,False,0,True,True,False,False,Basic,0.0,0.0,3,3,5,0.6,3,0.5,26,2553.0,0,0,3,1,1,49.667,3.0,0
A-bcf664,2024-08-01,DevTools,US,other,440,8,8956,197,59,0.625,False,2,False,False,False,False,Basic,0.25,0.125,6,2,2,1.0,2,1.0,25,2995.0,1,1,0,0,0,72.0,3.0,1
A-bcf87c,2024-08-01,FinTech,US,event,35,1,833,17,17,0.0,False,0,False,False,False,False,Pro,0.0,1.0,2,4,4,1.0,4,1.0,44,4905.5,1,0,0,0,0,0.0,3.0,0
A-bd4708,2024-08-01,FinTech,US,ads,11,1,7363,37,37,0.0,False,0,False,False,False,False,Enterprise,1.0,0.0,0,7,3,2.333,6,1.5,77,4355.571,1,0,0,0,0,0.0,4.0,0
A-bece89,2024-08-01,Cybersecurity,IN,event,244,5,17388,132,28,0.4,True,0,False,False,False,True,Enterprise,0.6,0.2,102,0,0,0.0,0,0.0,0,0.0,0,0,1,1,0,26.0,4.0,0
A-c16b88,2024-08-01,HealthTech,US,event,243,5,10082,141,45,0.4,True,3,False,False,False,False,Pro,0.2,0.6,3,1,2,0.5,1,0.5,9,3942.0,0,0,0,0,0,0.0,3.0,0
A-c1dfe1,2024-08-01,DevTools,DE,ads,360,7,25296,204,41,0.714,True,0,True,False,False,False,Enterprise,0.571,0.0,48,0,2,0.0,0,0.0,0,0.0,0,1,0,0,0,65.0,4.0,0
A-c222ab,2024-08-01,Cybersecurity,US,other,83,0,0,0,0,0.0,0,0,0,0,0,0,0,0.0,0.0,10,2,4,0.5,2,0.5,19,3433.5,1,1,0,0,1,37.0,4.0,0
A-c37cab,2024-08-01,Cybersecurity,UK,event,3,2,6766,34,21,0.5,False,0,False,False,False,False,Enterprise,1.0,0.0,0,5,5,1.0,5,1.0,49,2631.2,1,0,0,0,0,0.0,3.0,0
A-c42f1f,2024-08-01,HealthTech,US,other,4,1,539,11,11,0.0,False,0,False,False,False,False,Pro,0.0,1.0,13,1,3,0.333,1,0.333,10,970.0,0,0,1,0,1,36.0,3.0,0
A-c45b23,2024-08-01,FinTech,UK,partner,237,7,2854,61,15,0.714,True,1,False,False,False,False,Basic,0.143,0.286,5,4,4,1.0,3,0.75,48,3783.0,1,0,1,0,0,7.0,3.0,0
A-c4ea60,2024-08-01,FinTech,DE,other,511,5,5718,160,58,0.4,True,1,False,False,False,False,Basic,0.2,0.2,13,3,1,3.0,3,3.0,20,2188.0,0,0,1,0,1,20.0,4.0,0
A-c608c8,2024-08-01,DevTools,DE,ads,462,6,8390,110,58,0.667,True,0,False,False,False,False,Enterprise,0.5,0.5,17,3,4,0.75,2,0.5,36,5144.333,1,0,0,0,0,0.0,3.0,0
A-c62e55,2024-08-01,EdTech,US,partner,540,7,9746,164,56,0.286,True,0,False,False,False,False,Pro,0.143,0.571,7,1,1,1.0,1,1.0,10,1650.0,0,0,0,0,0,0.0,5.0,0
A-c7e58b,2024-08-01,HealthTech,IN,other,403,6,5384,56,16,0.5,True,0,False,False,False,False,Basic,0.5,0.0,16,2,3,0.667,1,0.333,20,1588.0,1,0,0,0,0,0.0,4.0,0
A-c7ffc2,2024-08-01,Cybersecurity,US,partner,552,8,28071,369,132,0.5,True,0,False,False,False,False,Basic,0.375,0.25,19,1,9,0.111,1,0.111,9,387.0,1,0,0,0,0,0.0,3.0,0
A-c9bb3e,2024-08-01,EdTech,US,ads,130,4,8272,178,123,0.25,False,0,False,False,False,False,Pro,0.0,0.75,44,0,4,0.0,0,0.0,0,0.0,0,0,0,0,0,0.0,4.0,0
A-cab532,2024-08-01,DevTools,FR,organic,486,11,14243,245,58,0.455,True,2,False,False,False,True,Pro,0.364,0.455,8,4,5,0.8,4,0.8,32,2434.0,1,0,0,0,0,0.0,4.0,0
A-cb5333,2024-08-01,DevTools,US,ads,128,10,12594,363,51,0.4,True,3,False,False,True,False,Basic,0.1,0.3,13,5,8,0.625,5,0.556,50,3152.6,1,0,0,0,0,0.0,3.0,1
A-cb6cc6,2024-08-01,DevTools,US,ads,486,5,1150,66,14,0.4,True,2,False,False,False,False,Basic,0.4,0.2,2,4,4,1.0,4,1.0,33,1256.0,1,0,1,0,0,5.0,4.0,0
A-cbbe12,2024-08-01,Cybersecurity,DE,partner,498,5,5121,209,49,0.8,True,2,False,False,True,True,Pro,0.0,0.8,24,2,3,0.667,2,0.667,15,2762.5,1,0,0,0,0,0.0,3.0,0
A-cc102e,2024-08-01,HealthTech,US,partner,108,3,2552,68,42,0.333,False,0,False,False,False,False,Basic,0.0,0.333,27,1,4,0.25,1,0.25,6,3174.0,0,0,0,0,0,0.0,3.0,0
A-cc8c8f,2024-08-01,DevTools,US,ads,46,3,6009,74,28,0.333,False,1,False,False,False,True,Basic,0.333,0.0,8,1,4,0.25,1,0.25,6,1902.0,0,0,0,0,0,0.0,4.0,0
A-cc98bc,2024-08-01,DevTools,US,ads,435,9,21567,335,57,0.444,True,1,False,False,False,True,Basic,0.333,0.333,63,0,1,0.0,0,0.0,0,0.0,0,0,0,0,0,0.0,4.0,0
A-ccabf0,2024-08-01,HealthTech,IN,organic,269,8,22180,160,59,0.375,True,0,True,False,False,False,Enterprise,0.5,0.375,12,4,4,1.0,4,1.0,45,2770.25,1,0,0,0,0,0.0,4.0,0
A-ccb686,2024-08-01,DevTools,US,other,192,6,4355,141,52,0.333,True,2,False,False,True,False,Pro,0.167,0.667,27,1,5,0.2,1,0.2,7,4018.0,1,0,0,0,0,0.0,4.0,0
A-ccc747,2024-08-01,HealthTech,FR,event,202,3,2597,69,37,0.667,True,1,False,False,False,True,Pro,0.333,0.667,1,1,2,0.5,1,0.5,8,3664.0,0,0,1,0,1,60.0,5.0,1
A-cd458b,2024-08-01,DevTools,US,other,47,2,5364,36,26,0.5,False,0,False,False,False,False,Basic,0.5,0.0,4,3,6,0.5,3,0.5,28,2876.333,1,0,1,0,1,45.0,5.0,0
A-cdf020,2024-08-01,DevTools,AU,organic,351,6,11339,184,45,0.5,True,1,False,True,False,False,Pro,0.167,0.667,20,1,3,0.333,1,0.333,12,6576.0,0,0,0,0,0,0.0,4.0,0
A-ce66f8,2024-08-01,EdTech,CA,event,344,6,11858,182,37,0.333,False,0,False,False,False,False,Basic,0.167,0.333,11,1,6,0.167,1,0.167,11,4818.0,0,0,1,0,1,37.0,3.0,0
A-cea1f0,2024-08-01,FinTech,US,event,116,3,1045,63,30,0.333,True,1,False,False,True,False,Basic,0.0,0.333,8,3,4,0.75,3,0.75,36,4353.333,1,0,1,0,0,57.0,4.0,0
A-d27f50,2024-08-01,Cybersecurity,UK,ads,12,1,8756,44,44,1.0,False,0,False,False,False,False,Enterprise,1.0,0.0,12,2,2,1.0,2,1.0,13,3002.0,1,0,0,0,0,0.0,5.0,0
A-d42431,2024-08-01,FinTech,FR,ads,53,2,2147,113,91,1.0,False,0,False,False,True,False,Basic,0.0,0.0,5,1,4,0.25,1,0.25,14,7000.0,1,0,0,0,0,0.0,3.0,0
A-d49cc5,2024-08-01,Cybersecurity,FR,event,317,5,7750,250,50,0.2,True,0,False,False,False,False,Basic,0.0,0.4,41,0,2,0.0,0,0.0,0,0.0,0,1,1,0,1,28.5,4.0,0
A-d4ac0e,2024-08-01,DevTools,UK,ads,103,6,6429,258,156,0.5,True,2,False,False,False,False,Basic,0.333,0.333,12,3,9,0.333,3,0.375,27,3699.667,1,0,1,0,0,28.0,4.0,0
A-d5a319,2024-08-01,FinTech,US,other,455,8,18562,178,70,0.375,True,2,False,True,False,False,Basic,0.25,0.25,16,1,3,0.333,1,0.333,11,3553.0,1,0,0,0,0,0.0,0.0,0
A-d62e02,2024-08-01,Cybersecurity,US,partner,0,0,0,0,0,0.0,0,0,0,0,0,0,0,0.0,0.0,20,2,4,0.5,2,0.5,19,4747.0,0,0,1,0,0,36.0,4.0,0
A-d77f4c,2024-08-01,DevTools,US,partner,311,10,38229,272,94,0.6,True,1,False,False,False,False,Enterprise,0.5,0.3,8,1,2,0.5,1,0.5,17,4216.0,1,0,1,0,0,54.0,3.0,1
A-d792a6,2024-08-01,DevTools,US,organic,556,13,10114,158,37,0.462,True,3,False,False,False,False,Enterprise,0.385,0.308,0,4,6,0.667,3,0.6,45,2965.0,0,0,0,0,0,0.0,4.0,1
A-d82ef9,2024-08-01,EdTech,UK,other,30,3,3849,137,58,0.333,True,1,False,True,False,False,Pro,0.0,0.667,1,6,8,0.75,5,0.714,57,3611.333,1,0,0,0,0,0.0,4.0,1
A-d922bf,2024-08-01,HealthTech,US,ads,328,3,12338,67,32,0.333,False,1,False,False,False,False,Enterprise,0.667,0.0,7,1,2,0.5,1,0.333,7,1855.0,0,1,0,0,0,23.0,3.0,0
A-dbc825,2024-08-01,EdTech,FR,partner,207,13,30737,342,85,0.308,True,1,False,False,False,True,Enterprise,0.385,0.308,0,5,3,1.667,5,1.667,52,3158.0,1,0,0,0,0,0.0,3.0,0
A-dcc2f0,2024-08-01,FinTech,UK,organic,376,8,11727,142,25,0.625,False,1,False,False,False,False,Enterprise,0.5,0.25,0,4,7,0.571,4,0.571,46,4600.75,1,0,1,0,1,52.0,4.0,0
A-dcc3f1,2024-08-01,HealthTech,US,event,218,4,3392,119,51,0.75,False,1,False,False,False,False,Basic,0.25,0.25,27,2,5,0.4,2,0.4,21,1221.5,1,0,0,0,0,0.0,4.0,0
A-de58ca,2024-08-01,HealthTech,DE,organic,476,9,16456,369,105,0.333,True,2,False,False,False,False,Pro,0.222,0.556,20,2,3,0.667,2,0.667,13,2572.0,0,0,0,0,0,0.0,3.0,0
A-dec005,2024-08-01,HealthTech,US,partner,293,4,10348,94,31,0.5,True,2,False,False,False,False,Enterprise,0.5,0.25,30,1,5,0.2,1,0.2,7,2443.0,1,0,0,0,0,0.0,3.0,0
A-df10db,2024-08-01,DevTools,US,other,422,9,9076,162,68,0.556,True,1,False,True,False,False,Basic,0.222,0.222,2,7,3,2.333,6,1.5,82,3395.286,1,0,0,0,0,0.0,3.0,0
A-df1e44,2024-08-01,Cybersecurity,UK,organic,160,6,4491,173,63,0.333,True,2,False,False,False,True,Pro,0.167,0.5,8,2,4,0.5,2,0.5,16,2479.0,1,0,0,0,0,0.0,5.0,0
A-dfbd31,2024-08-01,DevTools,UK,partner,241,7,4571,111,24,0.571,True,3,False,False,False,False,Pro,0.286,0.429,9,1,1,1.0,1,1.0,11,2376.0,0,0,0,0,0,0.0,4.0,0
A-e1462e,2024-08-01,FinTech,UK,partner,508,5,11745,133,46,0.4,True,1,False,False,False,False,Enterprise,0.4,0.4,9,1,3,0.333,2,0.667,19,2583.0,0,0,0,0,0,0.0,4.0,0
A-e19ff6,2024-08-01,Cybersecurity,UK,partner,370,7,1676,88,38,0.429,True,1,False,False,False,False,Basic,0.143,0.286,6,2,4,0.5,2,0.5,15,1950.5,1,0,0,0,0,0.0,5.0,0
A-e1b9cd,2024-08-01,DevTools,US,event,522,11,32362,538,100,0.455,True,0,False,False,False,False,Basic,0.182,0.364,4,3,7,0.429,3,0.429,36,3516.0,1,0,0,0,0,0.0,3.0,0
A-e2cd1b,2024-08-01,DevTools,US,other,179,5,6761,134,45,0.4,False,1,False,False,False,False,Basic,0.2,0.4,0,2,5,0.4,2,0.4,24,3529.5,0,1,0,0,1,27.0,5.0,0
A-e36807,2024-08-01,EdTech,AU,other,76,4,6187,158,81,0.25,True,1,False,False,False,False,Basic,0.25,0.25,30,1,5,0.2,1,0.167,7,2345.0,0,0,1,0,0,69.0,4.0,0
A-e3bd71,2024-08-01,Cybersecurity,US,partner,495,9,33942,387,91,0.667,True,1,False,False,False,False,Enterprise,0.556,0.111,10,2,4,0.5,2,0.5,20,1860.0,1,0,0,0,0,0.0,3.0,0
A-e40f45,2024-08-01,HealthTech,US,organic,105,4,7247,113,44,0.75,False,0,False,False,False,True,Basic,0.25,0.25,7,1,4,0.25,1,0.25,11,6336.0,0,1,0,0,0,49.0,5.0,0
A-e43bf7,2024-08-01,Cybersecurity,AU,other,496,6,37910,290,70,0.333,True,0,False,False,False,False,Enterprise,0.5,0.5,11,1,4,0.25,1,0.25,10,5100.0,1,1,1,0,1,32.5,5.0,0
A-e51ec7,2024-08-01,FinTech,CA,partner,313,4,5569,36,25,0.25,True,1,False,False,False,False,Enterprise,0.5,0.25,72,0,4,0.0,0,0.0,0,0.0,0,0,0,0,0,0.0,4.0,0
A-e5d6ab,2024-08-01,EdTech,US,partner,474,9,11480,157,39,0.556,True,1,False,False,False,False,Basic,0.333,0.111,1,1,4,0.25,1,0.333,10,2090.0,1,0,1,0,0,24.0,4.0,0
A-e60f9d,2024-08-01,FinTech,US,other,0,0,0,0,0,0.0,0,0,0,0,0,0,0,0.0,0.0,5,5,5,1.0,5,1.0,41,1611.2,1,0,0,0,0,0.0,4.0,0
A-e61e98,2024-08-01,FinTech,US,partner,286,7,6357,185,40,0.571,True,1,False,False,False,True,Pro,0.0,0.714,2,6,5,1.2,4,0.8,44,1672.333,1,0,0,0,0,0.0,5.0,0
A-e693b6,2024-08-01,FinTech,AU,event,434,8,21120,440,55,0.5,True,2,False,False,False,False,Enterprise,0.375,0.375,15,1,10,0.1,1,0.111,8,1096.0,0,0,0,0,0,0.0,3.0,0
A-e6afc1,2024-08-01,DevTools,US,ads,524,8,18319,239,68,0.75,True,1,False,False,False,False,Pro,0.25,0.5,26,1,2,0.5,1,0.5,5,2430.0,0,0,0,0,0,0.0,0.0,0
A-e7a1e2,2024-08-01,Cybersecurity,US,event,39,1,2786,14,14,1.0,False,0,False,False,False,False,Enterprise,1.0,0.0,33,0,6,0.0,0,0.0,0,0.0,0,0,0,0,0,0.0,4.0,0
A-e7beab,2024-08-01,EdTech,DE,organic,286,5,10156,152,58,0.4,False,1,False,False,False,False,Enterprise,0.8,0.2,3,2,2,1.0,2,0.667,20,4331.5,1,0,0,0,0,0.0,3.0,0
A-e83938,2024-08-01,DevTools,UK,other,254,6,5084,69,31,0.5,True,1,False,True,False,False,Pro,0.333,0.5,0,3,1,3.0,3,3.0,30,3678.333,1,0,1,0,0,41.0,4.0,1
A-e888d1,2024-08-01,Cybersecurity,US,other,492,7,8080,186,54,0.571,True,3,False,False,False,False,Basic,0.286,0.286,22,1,8,0.125,1,0.125,12,756.0,0,0,0,0,0,0.0,3.0,0
A-e89151,2024-08-01,FinTech,UK,organic,322,7,11459,101,24,0.714,True,0,False,False,False,True,Enterprise,0.571,0.143,51,0,4,0.0,0,0.0,0,0.0,0,0,0,0,0,0.0,5.0,0
A-e98302,2024-08-01,EdTech,US,ads,219,3,8775,75,34,0.0,False,0,False,False,False,False,Pro,0.333,0.667,3,5,1,5.0,4,4.0,27,1687.2,1,0,0,0,0,0.0,4.0,0
A-eafc6e,2024-08-01,DevTools,US,partner,392,3,9533,137,76,0.667,True,0,False,False,False,False,Basic,0.333,0.333,20,1,1,1.0,1,1.0,4,1108.0,0,0,0,0,0,0.0,4.0,0
A-eb2fdc,2024-08-01,DevTools,AU,organic,254,8,22172,278,47,0.5,True,0,False,False,False,False,Basic,0.25,0.375,9,3,2,1.5,3,1.5,32,1731.0,0,0,0,0,0,0.0,4.0,0
A-eb7c38,2024-08-01,DevTools,AU,organic,158,7,26852,261,102,0.429,True,1,True,True,False,False,Basic,0.429,0.0,11,5,5,1.0,5,0.833,54,2872.0,1,1,1,0,0,20.5,4.0,0
A-eb7fac,2024-08-01,DevTools,US,organic,278,6,36682,268,136,0.667,True,0,False,False,False,False,Enterprise,0.5,0.5,15,3,6,0.5,3,0.5,33,4247.0,0,0,0,0,0,0.0,4.0,0
A-ed510f,2024-08-01,Cybersecurity,IN,partner,562,8,32046,336,42,0.125,True,1,False,False,False,True,Enterprise,0.5,0.375,39,0,6,0.0,0,0.0,0,0.0,0,0,1,0,0,57.0,3.0,0
A-ee42db,2024-08-01,EdTech,DE,ads,464,9,8410,259,115,0.444,True,3,False,False,False,True,Pro,0.0,0.556,15,1,5,0.2,1,0.25,9,747.0,1,0,0,0,0,0.0,3.0,0
A-ef84cf,2024-08-01,EdTech,US,partner,153,4,7355,73,34,0.25,True,1,True,False,False,False,Basic,0.5,0.0,6,1,2,0.5,1,0.5,8,776.0,0,0,0,0,0,0.0,4.0,1
A-f03140,2024-08-01,DevTools,IN,event,253,8,15702,228,38,0.5,True,0,True,False,False,False,Basic,0.25,0.25,5,3,4,0.75,3,0.75,34,6210.0,0,0,0,0,0,0.0,5.0,0
A-f17767,2024-08-01,DevTools,US,event,549,11,14617,163,39,0.636,False,0,False,False,False,False,Pro,0.182,0.636,14,3,7,0.429,3,0.429,30,2858.333,0,0,0,0,0,0.0,5.0,0
A-f19409,2024-08-01,DevTools,US,other,504,6,17486,192,44,0.333,True,1,False,False,False,True,Pro,0.333,0.5,2,4,6,0.667,4,0.667,29,1192.75,1,0,0,0,0,0.0,4.0,0
A-f19b24,2024-08-01,Cybersecurity,US,organic,569,1,1421,29,29,1.0,False,0,False,False,False,False,Pro,0.0,1.0,73,0,1,0.0,0,0.0,0,0.0,0,0,0,0,0,0.0,4.0,0
A-f1f639,2024-08-01,EdTech,US,ads,522,3,1128,12,5,1.0,False,0,False,False,False,False,Basic,0.333,0.0,61,0,1,0.0,0,0.0,0,0.0,0,0,1,0,0,41.0,5.0,0
A-f25509,2024-08-01,EdTech,US,other,132,3,12736,96,32,0.333,True,1,False,False,False,False,Enterprise,1.0,0.0,19,1,2,0.5,1,0.5,14,1596.0,0,0,2,0,0,35.0,5.0,0
A-f3ff05,2024-08-01,FinTech,IN,other,26,1,532,28,28,1.0,False,0,False,False,False,False,Basic,0.0,0.0,11,2,4,0.5,2,0.4,17,2050.5,1,0,0,0,0,0.0,4.0,0
A-f44180,2024-08-01,Cybersecurity,UK,event,535,9,28788,197,89,0.444,True,1,False,False,False,False,Enterprise,0.778,0.222,16,3,1,3.0,3,3.0,28,3600.0,1,0,0,0,0,0.0,5.0,0
A-f446b6,2024-08-01,DevTools,DE,ads,447,8,11297,143,53,0.625,True,0,False,False,False,False,Basic,0.375,0.25,4,5,6,0.833,5,0.833,40,3020.0,1,0,1,0,0,1.0,5.0,0
A-f45426,2024-08-01,HealthTech,US,organic,0,0,0,0,0,0.0,0,0,0,0,0,0,0,0.0,0.0,7,4,6,0.667,4,0.8,40,4011.75,1,0,0,0,0,0.0,4.0,1
A-f51f16,2024-08-01,HealthTech,US,partner,220,7,13272,140,60,0.429,True,1,False,False,False,False,Enterprise,0.429,0.286,17,1,3,0.333,1,0.333,8,3736.0,0,1,0,0,1,58.0,3.0,0
A-f5641b,2024-08-01,EdTech,US,other,124,4,13857,124,31,0.75,True,1,False,False,False,False,Enterprise,0.5,0.25,4,3,1,3.0,3,3.0,30,4074.0,1,0,0,0,0,0.0,3.0,0
A-f6b2fb,2024-08-01,DevTools,AU,event,100,5,11607,116,24,0.6,True,1,False,False,True,False,Enterprise,0.6,0.4,16,2,3,0.667,2,0.667,20,2547.0,1,0,0,0,0,0.0,5.0,0
A-f92792,2024-08-01,FinTech,US,ads,28,2,1559,41,26,0.5,True,0,False,False,False,False,Basic,0.0,0.5,37,0,7,0.0,0,0.0,0,0.0,0,1,0,0,0,70.0,4.0,0
A-f97b9a,2024-08-01,FinTech,US,event,389,7,20403,149,36,0.571,True,2,False,False,False,False,Enterprise,0.857,0.0,4,2,4,0.5,2,0.5,15,814.5,0,0,1,0,0,27.0,4.0,0
A-fa2041,2024-08-01,HealthTech,US,organic,64,6,9002,136,52,0.667,True,2,False,False,False,False,Basic,0.333,0.167,4,4,7,0.571,4,0.667,26,1918.0,1,0,0,0,0,0.0,3.0,0
A-fa3095,2024-08-01,FinTech,US,ads,333,8,61810,560,70,0.375,False,1,False,False,False,False,Enterprise,0.625,0.125,54,0,2,0.0,0,0.0,0,0.0,0,0,1,0,0,26.0,5.0,0
A-faa28c,2024-08-01,HealthTech,US,organic,184,9,26465,449,65,0.556,True,3,False,False,False,True,Enterprise,0.444,0.222,15,2,4,0.5,2,0.5,21,3453.0,1,0,1,1,1,41.0,5.0,1
A-fd9422,2024-08-01,Cybersecurity,US,organic,119,3,11542,174,58,0.333,True,2,False,False,False,True,Enterprise,0.667,0.333,13,3,4,0.75,3,0.75,25,3321.0,0,0,0,0,0,0.0,3.0,0
A-fda07f,2024-08-01,Cybersecurity,FR,partner,0,0,0,0,0,0.0,0,0,0,0,0,0,0,0.0,0.0,1,5,5,1.0,5,1.0,47,3384.0,1,0,0,0,0,0.0,3.0,0
A-fdfc91,2024-08-01,Cybersecurity,US,ads,453,7,5916,203,29,0.571,True,1,False,False,False,False,Pro,0.0,0.571,19,1,7,0.143,1,0.125,8,2736.0,0,0,0,0,0,0.0,4.0,0
A-fe79a5,2024-08-01,HealthTech,IN,ads,162,5,3582,55,19,0.6,False,3,False,False,False,False,Enterprise,0.6,0.0,25,1,2,0.5,1,0.5,9,4455.0,0,0,0,0,0,0.0,5.0,0
A-ff3c73,2024-08-01,HealthTech,AU,other,553,6,2682,175,66,0.333,True,3,False,False,False,False,Basic,0.333,0.167,5,2,5,0.4,2,0.4,19,4337.0,0,0,0,0,0,0.0,3.0,0
A-ff79f2,2024-08-01,DevTools,US,ads,98,2,718,22,12,0.5,True,0,False,False,False,False,Basic,0.0,0.5,18,1,5,0.2,1,0.2,10,3710.0,0,0,0,0,0,0.0,4.0,0
A-ffc04f,2024-08-01,EdTech,US,ads,56,2,5282,68,55,0.5,True,0,False,False,False,False,Enterprise,0.5,0.5,6,2,9,0.222,2,0.2,24,4001.0,1,0,1,0,0,29.0,4.0,1
A-ffdfd5,2024-08-01,EdTech,US,organic,110,2,938,32,21,0.0,False,0,False,False,False,False,Basic,0.0,0.5,30,1,7,0.143,1,0.143,12,1320.0,0,0,0,0,0,0.0,0.0,1
